WeekNumber,GameID,Season,TeamID,Team,PlayerID,G,GS,Championships,ChampionshipYears,MadePlayoffs,Wins,Losses,Ties,WinPct,Round1Wins,Round1Losses,Rounds1WinPct,Round2Wins,Round2Losses,Round2WinPct,Round3Wins,Round3Losses,Round3WinPct,ChampionshipWins,ChampionshipLosses,ChampionshipWinPct,ELORating,Plays,RushAtt,Catches,PassAtt,PassCmp,PassInt,PassYds,PassYdsAgainst,TotalYdsAgainst,TotalYds,RushYdsAgainst,PassTD,PassRating,PassingAttemptsPerGame,PassingYardsPerAttempt,PassingYardsPerCompletion,SackPct,PassingYdsPerGame,RushYds,RecYds,RushTD,RecTD,RunLong,PassLong,RecLong,PuntLong,KRLong,PRLong,FGLong,Int,IntReturnYds,Fumbles,FumblesLost,FumReturnYds,Pancakes,MissedTackles,DroppedPasses,PassesDefensed,SacksAllowed,MissedBlocks,TeamOwner,Conference,WasSacked,SackedYards,Tackles,TFL,Sacks,Hurries,Knockdowns,Safeties,ForcedFumbles,FumblesRecovered,DefensiveTD,BlockedFG,BlockedPAT,BlockedPunt,Penalties,PenaltyYds,Punts,PuntYds,PuntsInside20,PuntReturns,PuntReturnYds,PuntReturnTD,KickoffReturns,KickoffReturnYds,KickoffReturnTD,FGA_U20,FGA_2029,FGA_3039,FGA_4049,FGA_50,FGM_U20,FGM_2029,FGM_3039,FGM_4049,FGM_50,FGA,FGM,XPA,XPM,POG,POW,POY,POYYears,ProBowl,ProBowlYears,MVP,MVPYears,PlayoffMVP,PlayoffMVPYears,ROY,ROYYears,RushAvg,PassAvg,PassPct,RecAvg,FGPct,XPPct,PuntAvg,PuntReturnAvg,KickReturnAvg,RushingAttPerGame,RushingYdsPerGame,RushFDPct,CatchesPerGame,ReceivingYdsPerGame,RecFDPct,KickingPoints,Points,PointsFor,PointsAgainst,Rush20,Rush40,RushFD,Pass20,Pass40,PassFD,Rec20,Rec40,RecFD,CtA,Tar,DTar,Job
,0,1986,0,,,0,0,0,,0,0,0,0,0,0,0,0,0,0,0,0,0,0,0,0,0,0,0,0,0,0,0,0,0,0,0,0,0,0,0,0,0,0,0,0,0,0,0,0,0,0,0,0,0,0,0,0,0,0,0,0,0,0,0,0,0,0,Gil Santos,,0,0,0,0,0,0,0,0,0,0,0,0,0,0,0,0,0,0,0,0,0,0,0,0,0,0,0,0,0,0,0,0,0,0,0,0,0,0,0,0,0,0,,0,,0,,0,,0,,0,0,0,0,0,0,0,0,0,0,0,0,0,0,0,0,0,0,0,0,0,0,0,0,0,0,0,0,0,0,0,
,0,1986,0,,,0,0,0,,0,0,0,0,0,0,0,0,0,0,0,0,0,0,0,0,0,0,0,0,0,0,0,0,0,0,0,0,0,0,0,0,0,0,0,0,0,0,0,0,0,0,0,0,0,0,0,0,0,0,0,0,0,0,0,0,0,0,David Britz,,0,0,0,0,0,0,0,0,0,0,0,0,0,0,0,0,0,0,0,0,0,0,0,0,0,0,0,0,0,0,0,0,0,0,0,0,0,0,0,0,0,0,,0,,0,,0,,0,,0,0,0,0,0,0,0,0,0,0,0,0,0,0,0,0,0,0,0,0,0,0,0,0,0,0,0,0,0,0,0,
,0,1991,1,NYT,,0,0,0,,0,0,0,0,0,0,0,0,0,0,0,0,0,0,0,0,0,1455,0,0,0,0,0,0,0,0,0,0,0,0,0,0,0,0,0,0,0,0,0,0,0,0,0,0,0,0,0,0,0,0,0,0,0,0,0,0,0,0,Pat Devlin,,0,0,0,0,0,0,0,0,0,0,0,0,0,0,0,0,0,0,0,0,0,0,0,0,0,0,0,0,0,0,0,0,0,0,0,0,0,0,0,0,0,0,,0,,0,,0,,0,,0,0,0,0,0,0,0,0,0,0,0,0,0,0,0,0,0,0,0,0,0,0,0,0,0,0,0,0,0,0,0,
,0,1985,1,NYT,,16,0,0,,1,11,5,0,0.688,0,0,0,0,1,0,0,0,0,0,0,0,1590,0,477,306,457,306,12,3651,3219,5506,5598,2287,35,105.8,28.6,8,11.9,6.2,228.2,1947,3651,22,35,42,84,84,61,37,17,55,5,60,14,7,47,380,77,34,42,18,91,Joe Satre,,30,217,772,102,34,41,45,1,17,17,0,0,0,2,84,671,73,3155,21,36,242,0,76,1627,0,0,5,3,13,4,0,5,2,12,3,25,22,56,53,21,0,0,,0,,0,,0,,0,,4.1,8,67,11.9,88,94.6,43.2,6.7,21.4,29.8,121.7,20.8,19.1,228.2,41.2,119,461,463,375,15,1,99,45,13,126,45,13,126,362,1010,0,
,0,1986,1,NYT,,16,0,0,,0,8,8,0,0.5,0,0,0,0,0,0,0,0,0,0,0,0,1506,0,415,337,519,337,9,3385,3300,5213,5225,1913,27,93.5,32.4,6.5,10,6.3,211.6,1840,3385,12,27,59,76,76,62,54,31,49,6,108,9,5,22,385,67,30,48,13,108,Joe Satre,,35,260,794,73,21,63,44,0,22,14,2,0,0,0,106,915,84,3667,33,36,250,0,73,1535,0,1,4,9,14,2,1,3,5,9,0,30,18,41,41,17,0,0,,0,,0,,0,,0,,4.4,6.5,64.9,10,60,100,43.7,6.9,21,25.9,115,18.3,21.1,211.6,43.6,95,341,341,354,12,3,76,31,5,147,31,5,147,384,1095,0,
,0,1987,1,NYT,,16,0,0,,0,8,8,0,0.5,0,0,0,0,0,0,0,0,0,0,0,0,1497,0,461,339,553,339,3,3838,3375,5320,6083,1945,29,97.3,34.6,6.9,11.3,5.6,239.9,2245,3838,13,29,55,74,74,62,36,14,52,9,228,16,8,41,424,82,36,63,21,116,Joe Satre,,33,227,774,80,20,49,36,0,17,18,4,1,0,0,95,829,77,3405,32,22,109,0,77,1604,0,2,11,11,10,3,2,7,6,3,1,37,19,44,43,19,0,0,,0,,0,,0,,0,,4.9,6.9,61.3,11.3,51.4,97.7,44.2,5,20.8,28.8,140.3,23.4,21.2,239.9,46.6,100,376,378,375,18,5,108,41,9,158,41,9,158,329,1104,0,
,0,1988,1,NYT,,17,0,0,,0,4,13,0,0.235,0,0,0,0,0,0,0,0,0,0,0,0,1439,0,489,342,567,342,14,3487,3615,6065,5539,2450,23,81.2,33.4,6.1,10.2,7.4,205.1,2052,3487,15,23,34,81,81,66,39,32,49,6,118,29,13,22,505,113,36,36,31,142,Joe Satre,,45,314,839,109,18,58,14,0,19,28,1,0,0,1,92,814,94,4003,26,28,165,0,93,1577,0,0,3,6,9,4,0,3,5,7,0,22,15,35,34,13,0,0,,0,,0,,0,,0,,4.2,6.1,60.3,10.2,68.2,97.1,42.6,5.9,17,28.8,120.7,23.9,20.1,205.1,39.8,79,313,315,543,11,0,117,36,6,136,36,6,136,331,1012,0,
,0,1989,1,NYT,,17,0,0,,0,7,10,0,0.412,0,0,0,0,0,0,0,0,0,0,0,0,1472,0,386,404,656,404,13,4084,3400,6099,5679,2699,25,83.8,38.6,6.2,10.1,8.1,240.2,1595,4084,16,25,66,63,63,69,35,18,54,14,195,16,7,18,432,111,39,104,29,148,Shaun Young,,58,417,767,59,21,118,57,0,8,15,2,1,0,1,100,943,85,3951,23,32,185,0,79,1586,0,2,3,6,15,5,2,3,5,10,2,31,22,42,42,15,0,0,,0,,0,,0,,0,,4.1,6.2,61.6,10.1,71,100,46.5,5.8,20.1,22.7,93.8,21.2,23.8,240.2,40.3,108,366,366,444,7,1,82,41,8,163,41,8,163,378,1312,0,
,0,1990,1,NYT,,17,0,0,,0,4,13,0,0.235,0,0,0,0,0,0,0,0,0,0,0,0,1455,0,509,325,523,325,22,3358,3567,6239,5617,2672,20,75.8,30.8,6.4,10.3,5.6,197.5,2259,3358,15,20,74,64,64,62,75,70,49,3,4,16,8,51,408,101,25,50,10,128,Pat Devlin,,31,213,823,71,42,84,42,1,18,20,0,0,0,0,127,988,77,3497,27,24,294,0,100,2409,0,2,6,9,20,3,2,5,7,13,0,40,27,32,32,12,0,0,,0,,0,,0,,0,,4.4,6.4,62.1,10.3,67.5,100,45.4,12.2,24.1,29.9,132.9,20.2,19.1,197.5,36.3,113,323,327,520,14,6,103,35,6,118,35,6,118,365,523,528,
,0,1991,2,MIA,,0,0,0,,0,0,0,0,0,0,0,0,0,0,0,0,0,0,0,0,0,1526,0,0,0,0,0,0,0,0,0,0,0,0,0,0,0,0,0,0,0,0,0,0,0,0,0,0,0,0,0,0,0,0,0,0,0,0,0,0,0,0,Malinda Gates,,0,0,0,0,0,0,0,0,0,0,0,0,0,0,0,0,0,0,0,0,0,0,0,0,0,0,0,0,0,0,0,0,0,0,0,0,0,0,0,0,0,0,,0,,0,,0,,0,,0,0,0,0,0,0,0,0,0,0,0,0,0,0,0,0,0,0,0,0,0,0,0,0,0,0,0,0,0,0,0,
,0,1985,2,MIA,,16,0,0,,0,6,10,0,0.375,0,0,0,0,0,0,0,0,0,0,0,0,1510,0,487,279,435,279,7,3023,3627,6127,4802,2500,23,95.4,27.2,6.9,10.8,6.9,188.9,1779,3023,12,23,52,57,57,62,55,84,49,11,191,13,7,12,355,90,32,59,10,71,Malinda Gates,,32,270,749,77,24,50,48,2,8,11,3,0,1,3,91,786,90,4021,37,31,317,0,68,1618,0,0,8,8,13,2,0,5,7,8,0,31,20,33,33,9,0,0,,0,,0,,0,,0,,3.7,6.9,64.1,10.8,64.5,100,44.7,10.2,23.8,30.4,111.2,14.8,17.4,188.9,44.1,93,321,331,411,12,3,72,30,7,123,30,7,123,339,983,0,
,0,1986,2,MIA,,16,0,0,,0,9,7,0,0.562,0,0,0,0,0,0,0,0,0,0,0,0,1514,0,557,250,402,250,8,2921,2958,4653,4885,1695,20,92.5,25.1,7.3,11.7,6.5,182.6,1964,2921,15,20,39,79,79,62,39,48,50,13,185,17,7,29,413,62,21,64,10,85,Malinda Gates,,28,247,738,85,22,62,43,1,17,18,0,1,0,1,84,714,103,4476,36,40,297,0,64,1328,0,1,6,9,5,4,1,6,8,3,3,25,21,34,34,15,0,0,,0,,0,,0,,0,,3.5,7.3,62.2,11.7,84,100,43.5,7.4,20.8,34.8,122.8,14.7,15.6,182.6,45.6,97,307,311,286,9,0,82,37,10,114,37,10,114,348,929,0,
,0,1987,2,MIA,,16,0,1,,1,12,4,0,0.75,0,0,0,1,0,1,1,0,1,1,0,1,1567,0,456,320,466,320,6,4393,2835,4731,5872,1896,40,121.8,29.1,9.4,13.7,4.1,274.6,1479,4393,12,40,56,91,91,63,35,84,52,10,220,13,7,7,383,82,19,75,6,68,Malinda Gates,,20,178,757,65,25,60,57,0,12,12,2,0,0,1,78,696,64,2831,34,42,390,0,55,1077,0,3,6,6,13,5,1,5,4,9,1,33,20,53,51,19,0,0,,0,,0,,0,,0,,3.2,9.4,68.7,13.7,60.6,96.2,44.2,9.3,19.6,28.5,92.4,13.6,20,274.6,45.6,111,435,435,270,6,2,62,66,21,146,66,21,146,371,1049,0,
,0,1988,2,MIA,,17,0,0,,1,10,7,0,0.588,0,0,0,0,1,0,0,0,0,0,0,0,1543,0,466,323,469,323,10,4011,3099,5703,5994,2604,36,111.8,27.6,8.6,12.4,5.8,235.9,1983,4011,16,36,75,72,72,62,34,17,47,7,150,18,8,15,400,119,11,67,7,99,Malinda Gates,,29,220,835,108,30,79,36,1,15,17,1,0,0,0,98,851,77,3581,31,26,60,0,72,1435,0,1,5,7,6,2,1,4,4,6,0,21,15,49,49,17,0,0,,0,,0,,0,,0,,4.3,8.6,68.9,12.4,71.4,100,46.5,2.3,19.9,27.4,116.6,17.8,19,235.9,42.7,94,412,420,386,15,4,83,51,15,138,51,15,138,348,1016,0,
,0,1989,2,MIA,,17,0,0,,1,8,9,0,0.471,1,0,1,1,0,1,1,0,1,0,1,0,1522,0,399,389,580,389,14,4514,3817,5922,5975,2105,33,99.3,34.1,7.8,11.6,8.1,265.5,1461,4514,12,33,57,77,77,54,35,18,52,13,182,6,2,37,503,93,20,73,20,136,Malinda Gates,,51,427,784,55,51,85,48,0,16,11,2,0,0,0,104,875,86,3567,25,28,167,0,68,1439,0,2,5,5,14,9,2,4,5,9,4,35,24,46,45,16,0,0,,0,,0,,0,,0,,3.7,7.8,67.1,11.6,68.6,97.8,41.5,6,21.2,23.5,85.9,16.5,22.9,265.5,44.5,117,399,401,383,5,2,66,56,16,173,56,16,173,411,1239,0,
,0,1990,2,MIA,,17,0,0,,1,11,6,0,0.647,1,0,1,0,1,0,0,0,0,0,0,0,1526,0,439,406,593,406,10,4626,3732,5726,6535,1994,34,103.7,34.9,7.8,11.4,4.8,272.1,1909,4626,22,34,69,76,76,68,98,19,52,8,125,10,4,13,491,89,17,73,7,89,Malinda Gates,,30,239,777,75,39,75,47,0,11,12,2,0,0,1,127,964,62,3083,32,22,210,0,70,1557,1,1,6,13,10,3,1,4,8,5,2,33,20,57,57,20,0,0,,0,,0,,0,,0,,4.3,7.8,68.5,11.4,60.6,100,49.7,9.5,22.2,25.8,112.3,18,23.9,272.1,43.3,117,471,473,386,19,3,79,58,10,176,58,10,176,416,587,615,
,0,1991,3,GB,,0,0,0,,0,0,0,0,0,0,0,0,0,0,0,0,0,0,0,0,0,1488,0,0,0,0,0,0,0,0,0,0,0,0,0,0,0,0,0,0,0,0,0,0,0,0,0,0,0,0,0,0,0,0,0,0,0,0,0,0,0,0,Mike Kent,,0,0,0,0,0,0,0,0,0,0,0,0,0,0,0,0,0,0,0,0,0,0,0,0,0,0,0,0,0,0,0,0,0,0,0,0,0,0,0,0,0,0,,0,,0,,0,,0,,0,0,0,0,0,0,0,0,0,0,0,0,0,0,0,0,0,0,0,0,0,0,0,0,0,0,0,0,0,0,0,
,0,1985,3,GB,,16,0,0,,0,9,7,0,0.562,0,0,0,0,0,0,0,0,0,0,0,0,1555,0,475,385,552,385,9,4410,3760,5994,6247,2234,40,110.9,34.5,8,11.5,2.8,275.6,1837,4410,13,40,53,88,88,54,73,49,56,7,34,12,7,3,494,62,37,44,2,76,Mike Kent,,16,89,751,81,33,56,35,1,15,12,0,0,0,0,95,892,74,2951,24,30,256,0,89,1885,0,0,6,11,10,2,0,4,8,8,1,29,21,51,48,19,0,0,,0,,0,,0,,0,,3.9,8,69.7,11.5,72.4,94.1,39.9,8.5,21.2,29.7,114.8,16.4,24.1,275.6,46.2,111,429,431,426,12,3,78,39,10,178,39,10,178,375,1115,0,
,0,1986,3,GB,,16,0,0,,0,5,11,0,0.312,0,0,0,0,0,0,0,0,0,0,0,0,1461,0,430,350,526,350,8,4022,3683,5893,5385,2210,32,103.3,32.9,7.6,11.5,4,251.4,1363,4022,6,32,52,61,61,54,33,81,54,6,117,14,5,21,433,70,30,48,9,85,Mike Kent,,22,152,782,83,26,53,38,1,14,16,0,0,0,2,95,839,86,3360,29,30,268,1,77,1474,0,3,4,9,9,3,3,3,6,5,2,28,19,39,38,14,0,0,,0,,0,,0,,0,,3.2,7.6,66.5,11.5,67.9,97.4,39.1,8.9,19.1,26.9,85.2,14.9,21.9,251.4,43.1,95,329,331,430,7,2,64,50,8,151,50,8,151,419,1122,0,
,0,1987,3,GB,,16,0,0,,0,7,9,0,0.438,0,0,0,0,0,0,0,0,0,0,0,0,1481,0,495,317,505,317,10,3400,2967,4769,5596,1802,22,88.7,31.6,6.7,10.7,4.7,212.5,2196,3400,16,22,69,53,53,58,37,18,49,10,177,16,10,21,394,60,18,67,8,85,Mike Kent,,25,202,796,93,28,57,32,2,13,12,2,0,0,3,86,744,82,3339,27,32,239,0,69,1461,0,0,9,8,10,2,0,7,7,9,0,29,23,37,37,17,0,0,,0,,0,,0,,0,,4.4,6.7,62.8,10.7,79.3,100,40.7,7.5,21.2,30.9,137.2,17.2,19.8,212.5,44.5,106,346,352,309,22,6,85,28,5,141,28,5,141,374,1087,0,
,0,1988,3,GB,,17,0,0,,0,9,8,0,0.529,0,0,0,0,0,0,0,0,0,0,0,0,1484,0,526,312,462,312,15,3467,2837,5267,5988,2430,26,94.9,27.2,7.5,11.1,6.3,203.9,2521,3467,20,26,46,76,76,61,37,67,50,8,104,25,15,9,469,66,15,45,15,91,Mike Kent,,31,241,870,90,25,73,30,0,11,15,1,0,0,0,76,596,65,2933,25,26,174,0,72,1551,0,2,9,5,8,4,2,7,3,6,1,28,19,46,45,17,0,0,,0,,0,,0,,0,,4.8,7.5,67.5,11.1,67.9,97.8,45.1,6.7,21.5,30.9,148.3,23.6,18.4,203.9,45.2,102,384,384,330,15,1,124,42,9,141,42,9,141,362,1003,0,
,0,1989,3,GB,,17,0,0,,0,5,12,0,0.294,0,0,0,0,0,0,0,0,0,0,0,0,1475,0,406,348,649,348,5,3789,3902,6251,5428,2349,28,82.3,38.2,5.8,10.9,8.5,222.9,1639,3789,12,28,39,59,59,61,87,18,51,11,123,23,8,22,431,91,30,50,32,200,Mike Kent,,60,383,858,119,33,86,30,1,18,22,2,0,0,0,108,970,109,4852,40,31,162,0,95,2248,0,0,4,6,11,7,0,3,5,7,4,28,19,42,42,9,0,0,,0,,0,,0,,0,,4,5.8,53.6,10.9,67.9,100,44.5,5.2,23.7,23.9,96.4,17,20.5,222.9,41.7,99,351,353,520,15,0,69,35,8,145,35,8,145,399,1199,0,
,0,1990,3,GB,,17,0,0,,0,4,13,0,0.235,0,0,0,0,0,0,0,0,0,0,0,0,1488,0,577,297,469,297,10,3449,4664,7071,6001,2407,27,95.8,27.6,7.4,11.6,8.4,202.9,2552,3449,21,27,43,78,78,61,93,20,51,9,107,24,11,68,481,76,27,42,19,124,Mike Kent,,43,306,855,97,29,64,23,1,16,25,2,0,0,0,109,874,70,3117,29,20,181,0,106,2368,0,4,5,5,10,7,4,4,4,7,2,31,21,48,47,12,0,0,,0,,0,,0,,0,,4.4,7.4,63.3,11.6,67.7,97.9,44.5,9,22.3,33.9,150.1,23.6,17.5,202.9,41.8,110,410,414,593,15,1,136,39,11,124,39,11,124,454,466,593,
,0,1991,4,OAK,,0,0,0,,0,0,0,0,0,0,0,0,0,0,0,0,0,0,0,0,0,1469,0,0,0,0,0,0,0,0,0,0,0,0,0,0,0,0,0,0,0,0,0,0,0,0,0,0,0,0,0,0,0,0,0,0,0,0,0,0,0,0,Ross Tirona,,0,0,0,0,0,0,0,0,0,0,0,0,0,0,0,0,0,0,0,0,0,0,0,0,0,0,0,0,0,0,0,0,0,0,0,0,0,0,0,0,0,0,,0,,0,,0,,0,,0,0,0,0,0,0,0,0,0,0,0,0,0,0,0,0,0,0,0,0,0,0,0,0,0,0,0,0,0,0,0,
,0,1985,4,OAK,,16,0,1,,1,12,4,0,0.75,0,0,0,1,0,1,1,0,1,1,0,1,1590,0,625,213,378,213,6,3318,2689,4509,5872,1820,28,103.7,23.6,8.8,15.6,8.5,207.4,2554,3318,18,28,58,75,75,57,40,60,51,9,107,21,14,24,377,78,34,68,15,94,Ross Tirona,,35,274,797,107,47,63,58,1,9,9,2,0,0,1,102,797,94,3879,39,55,378,0,59,1283,0,3,8,10,14,4,3,7,7,10,4,39,31,47,46,22,0,0,,0,,0,,0,,0,,4.1,8.8,56.3,15.6,79.5,97.9,41.3,6.9,21.7,39.1,159.6,17.1,13.3,207.4,47.9,139,427,431,292,16,4,107,51,17,102,51,17,102,335,920,0,
,0,1986,4,OAK,,16,0,0,,1,10,6,0,0.625,0,0,0,1,0,1,0,1,0,0,0,0,1532,0,513,195,348,195,3,3450,2934,4907,5539,1973,26,111.4,21.8,9.9,17.7,15.5,215.6,2089,3450,19,26,62,74,74,58,40,20,51,6,128,25,8,1,481,80,30,54,34,96,Ross Tirona,,64,508,869,90,35,55,54,0,9,21,2,1,0,4,97,758,102,4048,23,39,273,0,62,1272,0,2,6,9,9,4,2,5,9,9,3,30,28,45,44,17,0,0,,0,,0,,0,,0,,4.1,9.9,56,17.7,93.3,97.8,39.7,7,20.5,32.1,130.6,14,12.2,215.6,55.9,128,410,412,326,15,5,72,59,17,109,59,17,109,415,934,0,
,0,1987,4,OAK,,16,0,0,,1,9,7,0,0.562,0,1,0,0,0,0,0,0,0,0,0,0,1519,0,607,223,363,223,6,3070,3036,5103,5705,2067,24,103.7,22.7,8.5,13.8,6.9,191.9,2635,3070,22,24,95,81,81,56,100,20,55,10,170,22,11,34,348,81,27,58,11,49,Ross Tirona,,27,186,891,94,30,66,36,2,26,24,2,0,0,0,101,868,81,3189,23,31,263,0,74,1746,2,1,8,7,12,7,1,5,7,9,3,35,25,48,45,17,0,0,,0,,0,,0,,0,,4.3,8.5,61.4,13.8,71.4,93.8,39.4,8.5,23.6,37.9,164.7,19.9,13.9,191.9,46.2,120,420,426,354,9,2,121,39,14,103,39,14,103,452,995,0,
,0,1988,4,OAK,,17,0,0,,0,8,9,0,0.471,0,0,0,0,0,0,0,0,0,0,0,0,1489,0,648,153,277,153,5,2451,3203,5898,5560,2695,28,111.2,16.3,8.8,16,17.1,144.2,3109,2451,20,28,76,60,60,60,41,59,55,17,450,16,8,13,499,105,21,62,37,85,Ross Tirona,,57,425,917,111,27,79,27,0,17,16,6,0,0,1,100,923,92,4167,33,23,236,0,78,1859,0,2,6,10,7,5,2,6,5,5,5,30,23,52,51,13,0,0,,0,,0,,0,,0,,4.8,8.8,55.2,16,76.7,98.1,45.3,10.3,23.8,38.1,182.9,18.7,9,144.2,51.6,120,444,448,410,22,5,121,42,11,79,42,11,79,434,909,0,
,0,1989,4,OAK,,17,0,0,,0,7,10,0,0.412,0,0,0,0,0,0,0,0,0,0,0,0,1491,0,608,305,497,305,15,3307,3839,6297,6381,2458,22,83.1,29.2,6.7,10.8,5.7,194.5,3074,3307,19,22,62,57,57,59,108,65,49,11,110,23,8,1,536,115,28,82,16,120,Ross Tirona,,30,204,914,77,33,119,45,0,10,20,2,0,0,1,126,1018,99,4116,31,31,328,0,85,2043,2,4,5,14,11,1,3,5,12,6,0,35,26,45,45,14,0,0,,0,,0,,0,,0,,5.1,6.7,61.4,10.8,74.3,100,41.6,10.6,24,35.8,180.8,23.2,17.9,194.5,41.3,123,393,393,444,30,5,141,36,6,126,36,6,126,461,1222,0,
,0,1990,4,OAK,,17,0,0,,0,6,11,0,0.353,0,0,0,0,0,0,0,0,0,0,0,0,1469,0,548,206,424,206,11,3166,3578,6024,5901,2446,26,83.3,24.9,7.5,15.4,14.9,186.2,2735,3166,25,26,62,77,77,60,94,17,55,8,74,9,5,0,674,83,34,78,49,153,Ross Tirona,,74,548,878,71,34,118,48,0,11,7,2,0,0,0,122,1011,100,4344,27,23,130,0,97,2203,0,0,4,6,6,2,0,4,4,6,2,18,16,53,53,12,0,0,,0,,0,,0,,0,,5,7.5,48.6,15.4,88.9,100,43.4,5.7,22.7,32.2,160.9,23,12.1,186.2,55.3,101,419,419,465,12,4,126,54,9,114,54,9,114,449,422,705,
,0,1991,5,BUF,,0,0,0,,0,0,0,0,0,0,0,0,0,0,0,0,0,0,0,0,0,1527,0,0,0,0,0,0,0,0,0,0,0,0,0,0,0,0,0,0,0,0,0,0,0,0,0,0,0,0,0,0,0,0,0,0,0,0,0,0,0,0,Mike Ngo,,0,0,0,0,0,0,0,0,0,0,0,0,0,0,0,0,0,0,0,0,0,0,0,0,0,0,0,0,0,0,0,0,0,0,0,0,0,0,0,0,0,0,,0,,0,,0,,0,,0,0,0,0,0,0,0,0,0,0,0,0,0,0,0,0,0,0,0,0,0,0,0,0,0,0,0,0,0,0,0,
,0,1985,5,BUF,,16,0,0,,0,5,11,0,0.312,0,0,0,0,0,0,0,0,0,0,0,0,1477,0,603,264,445,264,16,2785,2382,4175,4528,1793,15,73.9,27.8,6.3,10.5,5.5,174.1,1743,2785,13,15,76,84,84,56,32,69,52,2,77,10,7,33,363,58,24,33,15,158,Mike Ngo,,26,157,864,137,66,29,51,0,27,16,1,0,0,2,101,988,115,4762,35,42,302,0,70,1324,0,1,11,7,11,3,1,8,7,6,2,33,24,28,27,16,0,0,,0,,0,,0,,0,,2.9,6.3,59.3,10.5,72.7,96.4,41.4,7.2,18.9,37.7,108.9,12.1,16.5,174.1,41.3,99,273,273,318,13,5,73,27,3,109,27,3,109,309,875,0,
,0,1986,5,BUF,,16,0,0,,0,5,11,0,0.312,0,0,0,0,0,0,0,0,0,0,0,0,1454,0,503,280,479,280,8,2985,3224,5723,5076,2499,15,80.2,29.9,6.2,10.7,6.1,186.6,2091,2985,11,15,71,69,69,56,39,68,56,10,144,22,15,43,338,55,29,57,14,108,Mike Ngo,,31,227,832,116,39,47,56,1,15,12,2,0,0,1,84,711,97,4010,32,41,370,0,82,1868,0,3,6,15,9,2,3,6,13,5,2,35,29,26,24,11,0,0,,0,,0,,0,,0,,4.2,6.2,58.5,10.7,82.9,92.3,41.3,9,22.8,31.4,130.7,16.5,17.5,186.6,43.6,111,279,283,401,17,6,83,30,6,122,30,6,122,343,977,0,
,0,1987,5,BUF,,16,0,0,,1,9,7,0,0.562,0,0,0,0,1,0,0,0,0,0,0,0,1517,0,600,242,388,242,5,2393,3290,5388,4765,2098,20,91.6,24.2,6.2,9.9,6.3,149.6,2372,2393,17,20,45,56,56,61,36,93,52,9,178,33,19,108,355,73,21,44,6,71,Mike Ngo,,26,199,847,91,51,37,45,1,24,26,4,1,0,1,88,780,102,4352,35,37,467,0,80,1655,0,0,7,7,11,5,0,6,5,8,4,30,23,38,38,18,0,0,,0,,0,,0,,0,,4,6.2,62.4,9.9,76.7,100,42.7,12.6,20.7,37.5,148.2,18.7,15.1,149.6,39.7,107,353,359,372,17,3,112,23,3,96,23,3,96,363,892,0,
,0,1988,5,BUF,,17,0,0,,1,11,6,0,0.647,0,0,0,1,0,1,0,1,0,0,0,0,1527,0,741,273,386,273,8,2753,2941,5797,6402,2856,26,104.6,22.7,7.1,10.1,2.8,161.9,3649,2753,32,26,64,81,81,58,40,19,52,14,214,23,10,61,403,97,16,46,3,75,Mike Ngo,,11,81,891,92,48,57,35,0,28,27,1,0,0,1,98,862,73,3162,28,34,240,0,77,1668,0,3,13,8,8,3,3,12,5,5,3,35,28,57,53,23,0,0,,0,,0,,0,,0,,4.9,7.1,70.7,10.1,80,93,43.3,7.1,21.7,43.6,214.6,25,16.1,161.9,38.5,137,491,491,391,24,3,185,26,9,105,26,9,105,346,888,0,
,0,1989,5,BUF,,17,0,0,,1,11,6,0,0.647,0,0,0,1,0,1,0,1,0,0,0,0,1542,0,598,317,518,317,10,3260,3460,4724,6022,1264,30,90.6,30.5,6.3,10.3,4.4,191.8,2762,3260,21,30,52,63,63,60,37,65,53,14,307,24,13,28,474,52,25,75,3,123,Mike Ngo,,24,155,791,89,110,104,44,2,26,25,3,0,0,1,83,761,86,3764,27,45,327,1,61,1254,0,1,12,8,10,7,1,9,7,5,3,38,25,53,52,30,0,0,,0,,0,,0,,0,,4.6,6.3,61.2,10.3,65.8,98.1,43.8,7.3,20.6,35.2,162.5,20.9,18.6,191.8,42.9,127,457,463,266,24,3,125,32,5,136,32,5,136,364,1089,0,
,0,1990,5,BUF,,17,0,0,,1,10,7,0,0.588,0,1,0,0,0,0,0,0,0,0,0,0,1527,0,522,410,599,410,6,4477,4703,6264,6707,1561,32,103.9,35.2,7.5,10.9,5.4,263.4,2230,4477,22,32,58,92,92,61,55,18,53,9,107,16,11,9,485,68,17,67,12,117,Mike Ngo,,34,251,858,85,87,102,51,2,18,15,2,1,0,0,115,949,87,3757,35,27,194,0,84,1995,0,0,8,7,17,7,0,7,7,15,4,39,33,53,52,23,0,0,,0,,0,,0,,0,,4.3,7.5,68.4,10.9,84.6,98.1,43.2,7.2,23.8,30.7,131.2,19.7,24.1,263.4,42,151,487,495,448,16,1,103,50,9,172,50,9,172,427,599,601,
,0,1991,6,NYG,,0,0,0,,0,0,0,0,0,0,0,0,0,0,0,0,0,0,0,0,0,1564,0,0,0,0,0,0,0,0,0,0,0,0,0,0,0,0,0,0,0,0,0,0,0,0,0,0,0,0,0,0,0,0,0,0,0,0,0,0,0,0,Chance Loock,,0,0,0,0,0,0,0,0,0,0,0,0,0,0,0,0,0,0,0,0,0,0,0,0,0,0,0,0,0,0,0,0,0,0,0,0,0,0,0,0,0,0,,0,,0,,0,,0,,0,0,0,0,0,0,0,0,0,0,0,0,0,0,0,0,0,0,0,0,0,0,0,0,0,0,0,0,0,0,0,
,0,1985,6,NYG,,16,0,0,,0,3,13,0,0.188,0,0,0,0,0,0,0,0,0,0,0,0,1444,0,578,215,362,215,12,1990,2867,4318,3887,1451,8,68,22.6,5.5,9.3,7.7,124.4,1897,1990,14,8,54,53,53,61,33,21,55,11,197,14,5,18,378,54,31,45,17,115,Carter Kennington,,30,205,791,104,19,43,26,2,8,14,3,0,0,1,105,929,114,4860,41,36,257,0,64,1201,0,1,6,2,5,3,1,4,1,5,2,17,13,23,23,15,0,0,,0,,0,,0,,0,,3.3,5.5,59.4,9.3,76.5,100,42.6,7.1,18.8,36.1,118.6,16.6,13.4,124.4,44.2,62,212,218,304,5,1,96,13,2,95,13,2,95,368,856,0,
,0,1986,6,NYG,,16,0,0,,0,6,10,0,0.375,0,0,0,0,0,0,0,0,0,0,0,0,1464,0,548,263,391,263,12,2628,3137,4854,4155,1717,16,87,24.4,6.7,10,4.6,164.2,1527,2628,8,16,35,56,56,57,33,73,54,9,129,8,5,23,406,91,15,68,10,123,Chance Loock,,19,127,760,86,13,46,48,1,18,13,1,0,0,0,100,867,106,4508,31,22,247,1,74,1452,0,1,2,9,11,2,1,2,6,8,1,25,18,24,24,12,0,0,,0,,0,,0,,0,,2.8,6.7,67.3,10,72,100,42.5,11.2,19.6,34.2,95.4,14.6,16.4,164.2,43.3,78,234,238,332,5,0,80,21,2,114,21,2,114,341,930,0,
,0,1987,6,NYG,,16,0,0,,0,7,9,0,0.438,0,0,0,0,0,0,0,0,0,0,0,0,1482,0,452,302,486,302,19,3640,3090,4922,5242,1832,31,90,30.4,7.5,12.1,7.3,227.5,1602,3640,9,31,67,62,62,57,101,70,52,6,75,19,10,7,426,63,18,54,16,106,Chance Loock,,38,270,731,103,20,65,27,0,15,15,2,0,0,3,88,767,80,3249,21,31,294,1,82,2027,1,0,6,6,6,4,0,5,5,5,2,22,17,41,40,12,0,0,,0,,0,,0,,0,,3.5,7.5,62.1,12.1,77.3,97.6,40.6,9.5,24.7,28.2,100.1,15.7,18.9,227.5,48.7,91,355,357,410,10,2,71,46,9,147,46,9,147,324,997,0,
,0,1988,6,NYG,,17,0,0,,1,13,4,0,0.765,0,0,0,1,0,1,0,1,0,0,0,0,1526,0,465,322,487,322,6,4040,3224,5101,6218,1877,34,109.9,28.6,8.3,12.5,9,237.6,2178,4040,24,34,54,65,65,62,39,64,53,16,323,11,4,22,539,64,19,76,28,119,Chance Loock,,48,364,790,98,26,89,37,1,8,14,1,0,0,2,88,797,82,3784,33,31,312,0,63,1371,0,2,8,6,10,3,2,7,5,6,2,29,22,57,57,21,0,0,,0,,0,,0,,0,,4.7,8.3,66.1,12.5,75.9,100,46.1,10.1,21.8,27.4,128.1,22.2,18.9,237.6,46,123,477,481,284,14,3,103,58,8,148,58,8,148,405,1111,0,
,0,1989,6,NYG,,17,0,0,,0,7,10,0,0.412,0,0,0,0,0,0,0,0,0,0,0,0,1476,0,321,338,572,338,20,4168,3721,5518,5698,1797,27,82.9,33.6,7.3,12.3,11.3,245.2,1530,4168,14,27,72,61,61,63,40,59,57,11,97,18,11,16,555,61,22,69,46,167,Chance Loock,,73,535,778,86,45,96,50,1,15,13,2,0,0,1,91,709,88,3869,23,40,326,0,75,1642,0,2,4,5,13,6,2,4,4,8,5,30,23,43,42,14,0,0,,0,,0,,0,,0,,4.8,7.3,59.1,12.3,76.7,97.7,44,8.2,21.9,18.9,90,21.2,19.9,245.2,46.2,111,369,371,413,12,2,68,58,9,156,58,9,156,391,1145,0,
,0,1990,6,NYG,,17,0,1,,1,14,3,0,0.824,0,0,0,1,0,1,1,0,1,1,0,1,1564,0,384,336,488,336,10,5377,3520,5379,7293,1859,56,135.1,28.7,11,16,11.1,316.3,1916,5377,24,56,64,80,80,63,97,19,55,18,445,19,12,52,662,43,18,63,34,85,Chance Loock,,61,466,810,90,53,84,30,0,34,25,5,0,0,1,103,799,52,2310,19,22,150,0,70,1462,1,2,6,7,12,4,2,4,3,6,1,31,16,84,81,24,0,0,,0,,0,,0,,0,,5,11,68.9,16,51.6,96.4,44.4,6.8,20.9,22.6,112.7,20.8,19.8,316.3,52.4,129,645,647,374,10,5,80,88,17,176,88,17,176,395,475,585,
,0,1991,7,CIN,,0,0,0,,0,0,0,0,0,0,0,0,0,0,0,0,0,0,0,0,0,1489,0,0,0,0,0,0,0,0,0,0,0,0,0,0,0,0,0,0,0,0,0,0,0,0,0,0,0,0,0,0,0,0,0,0,0,0,0,0,0,0,Ross Gates,,0,0,0,0,0,0,0,0,0,0,0,0,0,0,0,0,0,0,0,0,0,0,0,0,0,0,0,0,0,0,0,0,0,0,0,0,0,0,0,0,0,0,,0,,0,,0,,0,,0,0,0,0,0,0,0,0,0,0,0,0,0,0,0,0,0,0,0,0,0,0,0,0,0,0,0,0,0,0,0,
,0,1985,7,CIN,,16,0,0,,1,9,7,0,0.562,0,0,0,0,1,0,0,0,0,0,0,0,1542,0,436,336,489,336,2,3708,2985,5409,5214,2424,31,110.4,30.6,7.6,11,5.2,231.8,1506,3708,12,31,70,61,61,62,62,58,48,7,106,13,6,34,411,88,27,44,13,103,Ross Gates,,27,198,790,84,15,43,24,0,11,10,1,1,0,1,101,845,81,3595,32,25,232,0,75,1579,0,2,9,4,18,0,2,7,3,14,0,33,26,42,40,13,0,0,,0,,0,,0,,0,,3.5,7.6,68.7,11,78.8,95.2,44.4,9.3,21.1,27.2,94.1,18.3,21,231.8,38.1,118,382,384,351,8,3,80,46,10,128,46,10,128,348,991,0,
,0,1986,7,CIN,,16,0,0,,1,12,4,0,0.75,0,0,0,1,0,1,1,0,1,0,1,0,1563,0,494,340,478,340,5,4113,3283,5302,5991,2019,32,115.2,29.9,8.6,12.1,4.2,257.1,1878,4113,24,32,59,74,74,63,98,73,49,8,104,11,5,65,481,76,15,43,13,87,Ross Gates,,21,167,717,78,28,37,28,0,20,13,1,0,0,2,80,642,61,2682,23,32,345,0,71,1479,1,2,8,10,16,0,2,5,9,11,0,36,27,57,57,22,0,0,,0,,0,,0,,0,,3.8,8.6,71.1,12.1,75,100,44,10.8,20.8,30.9,117.4,17.8,21.2,257.1,44.1,138,486,486,394,12,2,88,53,14,150,53,14,150,342,958,0,
,0,1987,7,CIN,,16,0,0,,1,13,3,0,0.812,0,0,0,1,0,1,0,1,0,0,0,0,1582,0,471,326,476,326,4,3863,3458,5288,5440,1830,36,114.7,29.8,8.1,11.8,2.9,241.4,1577,3863,12,36,79,76,76,62,40,65,51,11,226,14,7,7,416,78,21,70,8,97,Ross Gates,,14,109,741,84,31,69,51,0,20,14,1,0,0,1,98,821,79,3441,37,38,290,0,64,1328,0,1,9,9,11,3,1,7,6,6,2,33,22,44,43,23,0,0,,0,,0,,0,,0,,3.3,8.1,68.5,11.8,66.7,97.7,43.6,7.6,20.8,29.4,98.6,14.2,20.4,241.4,41.1,109,403,407,274,8,4,67,52,10,134,52,10,134,336,1045,0,
,0,1988,7,CIN,,17,0,1,,1,14,3,0,0.824,0,0,0,1,0,1,1,0,1,1,0,1,1554,0,521,349,508,349,13,3873,2769,4792,5937,2023,30,100.1,29.9,7.6,11.1,5,227.8,2064,3873,19,30,47,74,74,62,96,62,53,12,205,19,8,30,463,84,19,76,10,120,Ross Gates,,27,227,789,94,19,101,29,0,22,23,4,0,0,1,91,789,84,3645,30,38,289,0,68,1625,1,3,8,6,9,2,3,7,5,7,2,28,24,52,52,19,0,0,,0,,0,,0,,0,,4,7.6,68.7,11.1,85.7,100,43.4,7.6,23.9,30.6,121.4,18.4,20.5,227.8,46.4,124,448,450,270,18,2,96,39,8,162,39,8,162,346,1086,0,
,0,1989,7,CIN,,17,0,0,,0,2,15,0,0.118,0,0,0,0,0,0,0,0,0,0,0,0,1420,0,344,291,672,291,15,3151,3659,6870,4011,3211,15,55.8,39.5,4.7,10.8,10.2,185.4,860,3151,2,15,31,72,72,59,103,19,46,15,275,20,7,3,470,133,65,89,44,270,Ross Gates,,76,499,874,71,19,119,35,0,12,18,0,0,0,1,96,851,139,6057,38,25,118,0,97,2231,1,2,2,7,7,4,2,2,5,6,0,22,15,18,17,2,0,0,,0,,0,,0,,0,,2.5,4.7,43.3,10.8,68.2,94.4,43.6,4.7,23,20.2,50.6,12.8,17.1,185.4,44,62,170,170,517,3,0,44,34,7,128,34,7,128,458,1402,0,
,0,1990,7,CIN,,17,0,0,,1,10,7,0,0.588,0,0,0,0,1,0,0,0,0,0,0,0,1489,0,377,420,629,420,9,4884,3015,5275,6381,2260,28,99,37,7.8,11.6,4.4,287.3,1497,4884,17,28,53,72,72,69,108,75,53,6,83,17,11,2,469,90,25,83,12,116,Ross Gates,,29,219,754,67,49,104,57,1,5,8,1,0,0,0,119,927,73,3555,26,32,292,0,80,1721,1,0,12,9,10,4,0,11,8,7,2,35,28,45,44,18,0,0,,0,,0,,0,,0,,4,7.8,66.8,11.6,80,97.8,48.7,9.1,21.5,22.2,88.1,19.6,24.7,287.3,43.1,128,410,414,380,11,2,74,61,15,181,61,15,181,352,631,592,
,0,1991,8,SEA,,0,0,0,,0,0,0,0,0,0,0,0,0,0,0,0,0,0,0,0,0,1491,0,0,0,0,0,0,0,0,0,0,0,0,0,0,0,0,0,0,0,0,0,0,0,0,0,0,0,0,0,0,0,0,0,0,0,0,0,0,0,0,Johnny McKeever,,0,0,0,0,0,0,0,0,0,0,0,0,0,0,0,0,0,0,0,0,0,0,0,0,0,0,0,0,0,0,0,0,0,0,0,0,0,0,0,0,0,0,,0,,0,,0,,0,,0,0,0,0,0,0,0,0,0,0,0,0,0,0,0,0,0,0,0,0,0,0,0,0,0,0,0,0,0,0,0,
,0,1985,8,SEA,,16,0,0,,0,8,8,0,0.5,0,0,0,0,0,0,0,0,0,0,0,0,1527,0,471,353,504,353,11,3759,3222,5677,5522,2455,28,101,31.5,7.5,10.6,5.6,234.9,1763,3759,15,28,32,66,66,63,39,71,48,8,206,21,8,34,434,85,23,50,7,77,Randy Lilley,,30,224,739,73,19,54,52,0,14,23,2,0,0,1,123,998,78,3420,32,31,208,0,78,1721,0,0,8,10,12,2,0,8,7,8,0,32,23,43,42,9,0,0,,0,,0,,0,,0,,3.7,7.5,70,10.6,71.9,97.7,43.8,6.7,22.1,29.4,110.2,18.3,22.1,234.9,44.5,111,381,383,390,7,0,86,38,7,157,38,7,157,320,1013,0,
,0,1986,8,SEA,,16,0,0,,1,9,7,0,0.562,0,0,0,0,1,0,0,0,0,0,0,0,1512,0,479,355,503,355,10,4294,3282,5320,5855,2038,34,110.7,31.4,8.5,12.1,6,268.4,1561,4294,17,34,41,66,66,63,103,51,53,7,152,23,10,18,393,84,18,57,12,84,Randy Lilley,,32,224,768,89,21,60,30,0,9,17,0,0,0,1,94,789,66,2835,15,35,213,0,79,1904,1,1,8,11,13,2,0,8,8,12,2,35,30,49,49,15,0,0,,0,,0,,0,,0,,3.3,8.5,70.6,12.1,85.7,100,43,6.1,24.1,29.9,97.6,16.9,22.2,268.4,47,139,451,455,389,4,1,81,51,10,167,51,10,167,298,971,0,
,0,1987,8,SEA,,16,0,0,,0,8,8,0,0.5,0,0,0,0,0,0,0,0,0,0,0,0,1501,0,482,358,545,358,13,3618,3623,5089,5218,1466,24,89.2,34.1,6.6,10.1,2.7,226.1,1600,3618,18,24,48,58,58,63,35,18,51,9,89,8,4,24,429,65,19,43,5,111,Randy Lilley,,15,134,746,99,26,38,41,1,21,12,1,0,0,6,106,944,78,3472,34,39,247,0,71,1389,0,2,6,12,8,3,2,6,11,6,3,31,28,41,41,16,0,0,,0,,0,,0,,0,,3.3,6.6,65.7,10.1,90.3,100,44.5,6.3,19.6,30.1,100,16.8,22.4,226.1,44.1,125,383,385,358,5,1,81,29,3,158,29,3,158,333,1044,0,
,0,1988,8,SEA,,17,0,0,,0,6,11,0,0.353,0,0,0,0,0,0,0,0,0,0,0,0,1459,0,460,402,587,402,7,4014,4095,6693,6165,2598,26,97.4,34.5,6.8,10,4.1,236.1,2151,4014,22,26,36,88,88,62,38,18,51,6,85,9,5,17,486,94,23,44,15,108,Johnny McKeever,,25,178,829,84,33,73,33,0,21,11,1,0,0,0,96,834,75,3428,33,36,263,0,73,1609,0,1,6,8,18,5,1,4,6,11,2,38,24,49,47,20,0,0,,0,,0,,0,,0,,4.7,6.8,68.5,10,63.2,95.9,45.7,7.3,22,27.1,126.5,22.6,23.6,236.1,42.8,119,413,413,476,9,0,104,29,8,172,29,8,172,407,1149,0,
,0,1989,8,SEA,,17,0,0,,1,12,5,0,0.706,0,0,0,0,1,0,0,0,0,0,0,0,1528,0,393,389,593,389,10,3826,3600,5867,5752,2267,32,94.6,34.9,6.5,9.8,4.5,225.1,1926,3826,17,32,60,61,61,65,103,27,54,9,194,17,10,1,444,96,12,80,10,122,Johnny McKeever,,28,221,833,70,46,113,59,0,14,9,2,0,0,0,98,733,71,3358,42,30,287,0,62,1567,1,1,5,9,14,2,1,2,7,9,2,31,21,51,49,21,0,0,,0,,0,,0,,0,,4.9,6.5,65.6,9.8,67.7,96.1,47.3,9.6,25.3,23.1,113.3,25.4,22.9,225.1,40.6,112,424,426,335,12,2,100,35,6,158,35,6,158,412,1268,0,
,0,1990,8,SEA,,17,0,0,,0,6,11,0,0.353,0,0,0,0,0,0,0,0,0,0,0,0,1491,0,564,332,487,332,4,3145,4679,6974,5841,2295,29,102.2,28.6,6.5,9.5,6.7,185,2696,3145,17,29,61,52,52,66,42,67,50,6,79,19,12,7,422,112,11,73,12,110,Johnny McKeever,,35,256,822,64,29,77,48,0,13,12,0,0,0,1,105,849,90,4359,40,32,368,0,94,1829,0,1,4,9,11,3,1,3,8,9,1,28,22,44,43,12,0,0,,0,,0,,0,,0,,4.8,6.5,68.2,9.5,78.6,97.7,48.4,11.5,19.5,33.2,158.6,22.9,19.5,185,40.7,109,385,387,468,17,2,129,22,2,135,22,2,135,491,485,697,
,0,1991,9,LON,,0,0,0,,0,0,0,0,0,0,0,0,0,0,0,0,0,0,0,0,0,1511,0,0,0,0,0,0,0,0,0,0,0,0,0,0,0,0,0,0,0,0,0,0,0,0,0,0,0,0,0,0,0,0,0,0,0,0,0,0,0,0,Charlie B,,0,0,0,0,0,0,0,0,0,0,0,0,0,0,0,0,0,0,0,0,0,0,0,0,0,0,0,0,0,0,0,0,0,0,0,0,0,0,0,0,0,0,,0,,0,,0,,0,,0,0,0,0,0,0,0,0,0,0,0,0,0,0,0,0,0,0,0,0,0,0,0,0,0,0,0,0,0,0,0,
,0,1985,9,LON,,16,0,0,,1,11,5,0,0.688,0,0,0,1,0,1,0,1,0,0,0,0,1575,0,472,282,422,282,6,3472,3107,4735,5635,1628,27,107.5,26.4,8.2,12.3,15.6,217,2163,3472,15,27,75,52,52,59,35,76,56,10,104,28,13,21,563,71,30,44,47,74,Charlie B,,78,584,863,87,26,53,22,0,21,26,1,0,1,0,125,1144,79,3451,27,36,323,0,68,1386,0,1,5,11,11,5,1,3,9,5,4,33,22,40,39,19,0,0,,0,,0,,0,,0,,4.6,8.2,66.8,12.3,66.7,97.5,43.7,9,20.4,29.5,135.2,19.1,17.6,217,45,105,363,365,340,16,6,90,45,4,127,45,4,127,384,961,0,
,0,1986,9,LON,,16,0,0,,1,9,7,0,0.562,0,0,0,0,1,0,0,0,0,0,0,0,1511,0,510,340,512,340,11,3420,3678,5350,5589,1672,23,91.3,32,6.7,10.1,4.8,213.8,2169,3420,16,23,45,50,50,59,37,59,56,12,211,20,9,30,439,75,36,52,14,94,Charlie B,,26,197,818,108,31,44,34,1,21,24,4,0,0,1,98,840,79,3352,26,43,353,1,73,1512,0,3,8,11,13,2,2,7,8,8,2,37,27,42,40,16,0,0,,0,,0,,0,,0,,4.3,6.7,66.4,10.1,73,95.2,42.4,8.2,20.7,31.9,135.6,20.6,21.2,213.8,43.2,121,385,389,329,22,2,105,31,4,147,31,4,147,377,1042,0,
,0,1987,9,LON,,16,0,0,,1,8,8,0,0.5,1,0,1,0,1,0,0,0,0,0,0,0,1498,0,456,269,437,269,4,4814,3661,5738,6798,2077,41,126.7,27.3,11,17.9,8.6,300.9,1984,4814,21,41,70,83,83,57,34,19,52,9,204,13,5,31,625,76,28,57,25,95,Charlie B,,41,271,861,94,24,46,38,0,21,16,1,1,0,3,103,839,74,3077,23,24,140,0,78,1523,0,0,2,9,14,3,0,1,5,7,2,28,15,58,55,21,0,0,,0,,0,,0,,0,,4.4,11,61.6,17.9,53.6,94.8,41.6,5.8,19.5,28.5,124,17.8,16.8,300.9,48.3,100,478,480,418,12,3,81,74,26,130,74,26,130,430,1026,0,
,0,1988,9,LON,,17,0,0,,1,9,8,0,0.529,0,1,0,0,0,0,0,0,0,0,0,0,1497,0,672,247,375,247,2,3512,3731,6147,6456,2416,26,116.9,22.1,9.4,14.2,6.7,206.6,2944,3512,18,26,71,54,54,70,34,46,57,8,96,28,16,13,550,98,12,51,13,103,Charlie B,,27,202,842,93,47,69,23,1,13,19,0,0,0,0,103,897,86,4185,35,39,393,0,70,1430,0,1,8,9,11,4,1,6,7,8,3,33,25,44,44,18,0,0,,0,,0,,0,,0,,4.4,9.4,65.9,14.2,75.8,100,48.7,10.1,20.4,39.5,173.2,20.8,14.5,206.6,52.2,119,383,385,422,16,3,140,61,11,129,61,11,129,400,911,0,
,0,1989,9,LON,,17,0,0,,1,11,6,0,0.647,0,1,0,0,0,0,0,0,0,0,0,0,1532,0,561,240,391,240,5,3967,3792,5582,6358,1790,32,117.5,23,10.1,16.5,10.7,233.4,2391,3967,17,32,55,82,82,70,94,20,52,11,172,11,5,27,521,105,26,84,21,97,Charlie B,,47,386,849,110,42,108,30,1,12,10,3,1,0,1,87,663,85,4033,31,39,262,0,67,1495,0,9,4,8,9,7,9,4,6,8,2,37,29,49,47,22,0,0,,0,,0,,0,,0,,4.3,10.1,61.4,16.5,78.4,95.9,47.4,6.7,22.3,33,140.6,17.3,14.1,233.4,54.6,134,446,452,367,16,6,97,63,17,131,63,17,131,468,1072,0,
,0,1990,9,LON,,17,0,0,,1,12,5,0,0.706,0,0,0,1,0,1,1,0,1,0,1,0,1511,0,393,339,539,339,5,6080,4446,6414,7997,1968,57,132.9,31.7,11.3,17.9,9.6,357.6,1917,6080,22,57,58,88,88,72,59,65,55,13,261,9,3,45,708,100,21,77,17,84,Charlie B,,57,448,945,77,43,123,27,0,16,17,3,0,0,1,117,1030,70,3358,28,18,175,0,79,1636,0,0,4,12,12,6,0,2,11,10,3,34,26,81,79,25,0,0,,0,,0,,0,,0,,4.9,11.3,62.9,17.9,76.5,97.5,48,9.7,20.7,23.1,112.8,17.3,19.9,357.6,53.7,157,649,649,407,14,4,68,99,31,182,99,31,182,536,520,801,
,0,1991,10,IND,,0,0,0,,0,0,0,0,0,0,0,0,0,0,0,0,0,0,0,0,0,1507,0,0,0,0,0,0,0,0,0,0,0,0,0,0,0,0,0,0,0,0,0,0,0,0,0,0,0,0,0,0,0,0,0,0,0,0,0,0,0,0,Chris Schoen,,0,0,0,0,0,0,0,0,0,0,0,0,0,0,0,0,0,0,0,0,0,0,0,0,0,0,0,0,0,0,0,0,0,0,0,0,0,0,0,0,0,0,,0,,0,,0,,0,,0,0,0,0,0,0,0,0,0,0,0,0,0,0,0,0,0,0,0,0,0,0,0,0,0,0,0,0,0,0,0,
,0,1985,10,IND,,16,0,0,,0,8,8,0,0.5,0,0,0,0,0,0,0,0,0,0,0,0,1508,0,572,239,355,239,10,2386,2802,4862,4496,2060,14,87.6,22.2,6.7,10,7.3,149.1,2110,2386,20,14,60,60,60,61,100,15,49,8,128,10,6,59,341,87,24,50,13,94,Mark Syms,,28,196,780,93,56,39,48,0,24,13,1,0,0,2,114,935,98,4348,39,32,229,0,62,1499,1,0,7,6,11,2,0,6,6,7,0,26,19,36,35,20,0,0,,0,,0,,0,,0,,3.7,6.7,67.3,10,73.1,97.2,44.4,7.2,24.2,35.8,131.9,14.2,14.9,149.1,35.6,92,308,308,302,19,8,81,22,3,85,22,3,85,278,770,0,
,0,1986,10,IND,,16,0,0,,0,4,12,0,0.25,0,0,0,0,0,0,0,0,0,0,0,0,1431,0,630,198,353,198,12,2104,3067,5134,4646,2067,15,73.7,22.1,6,10.6,5.4,131.5,2542,2104,19,15,47,63,63,61,96,29,57,4,10,10,5,12,436,66,23,39,6,115,Chris Schoen,,20,133,779,98,36,55,34,0,14,7,0,0,0,3,110,898,84,3733,31,29,214,0,82,1931,1,1,3,10,7,5,1,3,7,2,3,26,16,33,31,14,0,0,,0,,0,,0,,0,,4,6,56.1,10.6,61.5,93.9,44.4,7.4,23.5,39.4,158.9,17.3,12.4,131.5,43.9,79,289,291,391,20,4,109,23,4,87,23,4,87,336,811,0,
,0,1987,10,IND,,16,0,0,,1,8,8,0,0.5,1,0,1,0,1,0,0,0,0,0,0,0,1508,0,557,257,419,257,13,2903,2444,4159,4803,1715,12,78.7,26.2,6.9,11.3,5.4,181.4,1900,2903,20,12,80,75,75,62,37,67,53,11,306,9,2,12,479,62,26,54,11,112,Chris Schoen,,24,188,743,101,53,49,46,1,18,16,1,0,0,4,96,809,90,3946,27,36,269,0,49,1060,0,0,11,6,11,7,0,11,4,8,5,35,28,33,32,22,0,0,,0,,0,,0,,0,,3.4,6.9,61.3,11.3,80,97,43.8,7.5,21.6,34.8,118.8,13.3,16.1,181.4,52.1,116,314,316,213,10,3,74,26,3,134,26,3,134,300,858,0,
,0,1988,10,IND,,17,0,0,,1,10,7,0,0.588,0,0,0,1,0,1,1,0,1,0,1,0,1536,0,573,282,453,282,15,3125,3550,6028,5663,2478,23,85.8,26.6,6.9,11.1,3.2,183.8,2538,3125,18,23,49,65,65,68,103,64,51,6,77,3,2,25,482,82,18,50,9,98,Chris Schoen,,15,94,771,85,63,60,42,0,12,6,0,0,0,0,97,818,74,3437,32,38,355,0,72,1711,2,2,7,16,6,3,2,7,15,5,3,34,32,42,41,18,0,0,,0,,0,,0,,0,,4.4,6.9,62.3,11.1,94.1,97.6,46.4,9.3,23.8,33.7,149.3,20.9,16.6,183.8,47.5,137,395,397,429,13,1,120,29,8,134,29,8,134,322,898,0,
,0,1989,10,IND,,17,0,1,,1,13,4,0,0.765,0,0,0,1,0,1,1,0,1,1,0,1,1542,0,480,306,528,306,23,3755,3506,5219,5850,1713,26,78.3,31.1,7.1,12.3,4.3,220.9,2095,3755,19,26,61,56,56,69,36,52,50,6,137,6,3,22,516,46,14,62,9,82,Chris Schoen,,24,164,761,78,96,69,74,5,19,12,1,0,0,0,78,707,81,3865,34,39,306,0,56,1211,0,3,7,8,11,1,3,7,8,8,1,30,27,45,45,26,0,0,,0,,0,,0,,0,,4.4,7.1,58,12.3,90,100,47.7,7.8,21.6,28.2,123.2,21.7,18,220.9,45.1,126,402,414,322,12,2,104,52,10,138,52,10,138,389,1105,0,
,0,1990,10,IND,,17,0,0,,1,11,6,0,0.647,0,1,0,0,0,0,0,0,0,0,0,0,1507,0,549,257,448,257,14,3384,4021,5850,5803,1829,30,90.7,26.4,7.6,13.2,6.3,199.1,2419,3384,20,30,76,56,56,71,42,64,51,11,187,6,4,17,497,76,22,70,13,94,Chris Schoen,,30,218,839,81,64,85,63,0,19,12,2,0,0,0,102,840,81,3954,33,30,287,0,75,1570,0,2,6,11,13,6,2,4,11,8,3,38,28,49,49,23,0,0,,0,,0,,0,,0,,4.4,7.6,57.4,13.2,73.7,100,48.8,9.6,20.9,32.3,142.3,18.6,15.1,199.1,43.6,133,445,451,390,19,6,102,48,8,112,48,8,112,410,447,597,
,0,1991,11,CHI,,0,0,0,,0,0,0,0,0,0,0,0,0,0,0,0,0,0,0,0,0,1529,0,0,0,0,0,0,0,0,0,0,0,0,0,0,0,0,0,0,0,0,0,0,0,0,0,0,0,0,0,0,0,0,0,0,0,0,0,0,0,0,Matt Patterson,,0,0,0,0,0,0,0,0,0,0,0,0,0,0,0,0,0,0,0,0,0,0,0,0,0,0,0,0,0,0,0,0,0,0,0,0,0,0,0,0,0,0,,0,,0,,0,,0,,0,0,0,0,0,0,0,0,0,0,0,0,0,0,0,0,0,0,0,0,0,0,0,0,0,0,0,0,0,0,0,
,0,1985,11,CHI,,16,0,0,,1,9,7,0,0.562,0,0,0,0,1,0,0,0,0,0,0,0,1521,0,636,274,395,274,8,2529,3389,5562,4925,2173,21,95.8,24.7,6.4,9.2,5.3,158.1,2396,2529,18,21,64,53,53,60,39,54,51,14,222,11,7,12,438,74,20,48,10,77,Matt Patterson,,22,167,838,120,23,57,38,0,25,14,3,0,0,1,101,868,108,4508,35,40,282,0,71,1567,0,1,4,12,11,3,1,3,10,7,2,31,23,38,33,16,0,0,,0,,0,,0,,0,,3.8,6.4,69.4,9.2,74.2,86.8,41.7,7,22.1,39.8,149.8,16.7,17.1,158.1,34.7,102,354,360,352,17,7,106,21,3,95,21,3,95,376,922,0,
,0,1986,11,CHI,,16,0,0,,0,5,11,0,0.312,0,0,0,0,0,0,0,0,0,0,0,0,1463,0,555,265,457,265,3,2646,2984,5395,4527,2411,14,82,28.6,5.8,10,6,165.4,1881,2646,13,14,49,42,42,60,97,18,52,5,107,10,3,34,384,98,25,56,18,111,Matt Patterson,,29,205,838,105,30,58,38,0,16,15,2,0,0,4,93,796,105,4578,34,36,228,0,74,1701,1,3,7,6,12,4,3,6,5,8,2,32,24,27,27,15,0,0,,0,,0,,0,,0,,3.4,5.8,58,10,75,100,43.6,6.3,23,34.7,117.6,15,16.6,165.4,48.3,99,279,279,337,11,1,83,22,1,128,22,1,128,323,915,0,
,0,1987,11,CHI,,16,0,0,,0,7,9,0,0.438,0,0,0,0,0,0,0,0,0,0,0,0,1478,0,594,232,381,232,5,2248,3404,6100,4501,2696,12,82.4,23.8,5.9,9.7,5.7,140.5,2253,2248,15,12,64,61,61,56,38,74,53,9,40,14,2,7,412,94,31,68,8,106,Matt Patterson,,23,163,852,96,25,57,44,1,15,21,1,0,0,3,100,832,115,4774,38,30,494,0,81,1920,0,1,7,12,10,6,1,5,8,6,3,36,23,26,26,13,0,0,,0,,0,,0,,0,,3.8,5.9,60.9,9.7,63.9,100,41.5,16.5,23.7,37.1,140.8,16,14.5,140.5,40.5,95,263,265,409,16,9,95,18,2,94,18,2,94,360,928,0,
,0,1988,11,CHI,,17,0,0,,0,5,12,0,0.294,0,0,0,0,0,0,0,0,0,0,0,0,1501,0,588,235,442,235,10,2418,4153,6587,5051,2434,15,71.1,26,5.5,10.3,6,142.2,2633,2418,16,15,64,58,58,64,100,79,46,10,182,8,5,5,440,85,31,66,19,163,Matt Patterson,,28,191,944,96,27,97,19,1,18,15,2,0,0,0,132,1061,104,4704,48,29,354,0,86,2089,1,2,7,15,12,1,2,7,11,10,0,37,30,32,32,13,0,0,,0,,0,,0,,0,,4.5,5.5,53.2,10.3,81.1,100,45.2,12.2,24.3,34.6,154.9,18.5,13.8,142.2,39.6,122,326,332,468,22,10,109,28,3,93,28,3,93,445,1059,0,
,0,1989,11,CHI,,17,0,0,,0,6,11,0,0.353,0,0,0,0,0,0,0,0,0,0,0,0,1468,0,573,304,506,304,18,3239,4178,6145,5966,1967,13,72.6,29.8,6.4,10.7,4.9,190.5,2727,3239,27,13,85,56,56,65,40,19,52,11,237,25,9,4,527,80,33,63,11,151,Matt Patterson,,26,184,914,104,63,98,29,0,19,20,1,0,0,0,99,783,94,4401,38,39,262,0,71,1477,0,0,5,8,12,5,0,4,5,7,3,30,19,36,34,19,0,0,,0,,0,,0,,0,,4.8,6.4,60.1,10.7,63.3,94.4,46.8,6.7,20.8,33.7,160.4,18.7,17.9,190.5,45.1,91,337,343,387,20,5,107,30,4,137,30,4,137,468,1187,0,
,0,1990,11,CHI,,17,0,0,,1,11,6,0,0.647,0,0,0,1,0,1,0,1,0,0,0,0,1529,0,470,440,646,440,9,4768,3590,5674,7277,2084,46,107.5,38,7.4,10.8,3.9,280.5,2509,4768,27,46,45,70,70,67,41,77,48,5,89,20,10,63,591,101,24,74,10,98,Matt Patterson,,26,196,783,63,44,101,45,0,16,20,1,0,0,0,106,853,63,2766,22,29,241,0,79,1798,0,1,7,9,9,0,1,6,5,5,0,26,17,74,73,23,0,0,,0,,0,,0,,0,,5.3,7.4,68.1,10.8,65.4,98.6,43.9,8.3,22.8,27.6,147.6,27.7,25.9,280.5,48.2,124,568,568,386,14,1,130,42,7,212,42,7,212,398,651,617,
,0,1991,12,DET,,0,0,0,,0,0,0,0,0,0,0,0,0,0,0,0,0,0,0,0,0,1471,0,0,0,0,0,0,0,0,0,0,0,0,0,0,0,0,0,0,0,0,0,0,0,0,0,0,0,0,0,0,0,0,0,0,0,0,0,0,0,0,Nick Miller,,0,0,0,0,0,0,0,0,0,0,0,0,0,0,0,0,0,0,0,0,0,0,0,0,0,0,0,0,0,0,0,0,0,0,0,0,0,0,0,0,0,0,,0,,0,,0,,0,,0,0,0,0,0,0,0,0,0,0,0,0,0,0,0,0,0,0,0,0,0,0,0,0,0,0,0,0,0,0,0,
,0,1985,12,DET,,16,0,0,,1,11,5,0,0.688,0,0,0,1,0,1,0,1,0,0,0,0,1558,0,644,283,441,283,5,2794,2785,4535,5545,1750,22,93.9,27.6,6.3,9.9,4.1,174.6,2751,2794,19,22,68,65,65,56,34,67,53,8,69,11,5,67,384,83,30,32,7,74,Nick Miller,,19,134,814,113,50,41,44,1,29,20,1,0,0,0,105,1005,97,3943,34,41,390,1,55,1024,0,2,5,12,13,3,2,4,9,5,2,35,22,42,41,21,0,0,,0,,0,,0,,0,,4.3,6.3,64.2,9.9,62.9,97.6,40.6,9.5,18.6,40.2,171.9,18,17.7,174.6,42.8,107,365,367,256,21,7,116,21,2,121,21,2,121,341,936,0,
,0,1986,12,DET,,16,0,0,,1,10,6,0,0.625,0,0,0,1,0,1,0,1,0,0,0,0,1530,0,609,285,442,285,6,3102,2773,4612,5658,1839,17,92.2,27.6,7,10.9,4.9,193.9,2556,3102,18,17,52,62,62,56,35,67,52,12,103,15,6,30,410,69,28,57,6,80,Nick Miller,,23,152,814,114,29,53,44,0,23,18,0,1,0,0,90,763,71,2756,28,36,248,0,60,1111,0,2,12,13,17,4,2,9,10,12,2,48,35,34,32,21,0,0,,0,,0,,0,,0,,4.2,7,64.5,10.9,72.9,94.1,38.8,6.9,18.5,38.1,159.8,18.9,17.8,193.9,49.8,137,347,349,264,18,5,115,29,8,142,29,8,142,320,916,0,
,0,1987,12,DET,,16,0,0,,1,12,4,0,0.75,0,0,0,1,0,1,1,0,1,0,1,0,1571,0,607,333,460,333,7,3830,3101,4685,6376,1584,30,112.5,28.8,8.3,11.5,3.8,239.4,2546,3830,24,30,59,66,66,62,38,18,54,5,165,15,7,4,433,80,23,63,7,75,Nick Miller,,18,138,789,106,38,52,50,1,16,14,3,1,0,0,96,902,76,3530,44,40,241,0,61,1168,0,2,10,11,9,4,2,9,9,7,2,36,29,55,54,24,0,0,,0,,0,,0,,0,,4.2,8.3,72.4,11.5,80.6,98.2,46.4,6,19.1,37.9,159.1,19.3,20.8,239.4,44.4,141,483,487,311,12,3,117,45,8,148,45,8,148,319,950,0,
,0,1988,12,DET,,17,0,0,,1,13,4,0,0.765,0,0,0,0,1,0,0,0,0,0,0,0,1534,0,637,342,475,342,6,3663,3027,5167,6420,2140,31,110.7,27.9,7.7,10.7,4.2,215.5,2757,3663,29,31,62,80,80,66,36,18,54,8,130,20,11,17,487,69,21,63,9,71,Nick Miller,,21,160,841,105,40,75,42,0,28,26,1,0,0,0,83,695,65,2927,19,31,264,0,69,1298,0,4,12,12,4,10,4,12,11,3,5,42,35,57,57,25,0,0,,0,,0,,0,,0,,4.3,7.7,72,10.7,83.3,100,45,8.5,18.8,37.5,162.2,19.8,20.1,215.5,47.7,162,528,532,301,13,4,126,33,5,163,33,5,163,349,1008,0,
,0,1989,12,DET,,17,0,0,,1,14,3,0,0.824,0,0,0,0,1,0,0,0,0,0,0,0,1545,0,510,350,512,350,13,4146,4001,5534,6515,1533,43,110.2,30.1,8.1,11.8,6.7,243.9,2369,4146,24,43,48,74,74,67,104,72,49,18,310,19,8,14,509,81,20,101,15,83,Nick Miller,,37,256,800,81,29,145,53,0,12,17,4,0,0,1,98,829,83,4066,38,32,442,0,76,1700,1,5,6,9,11,2,5,6,8,8,0,33,27,70,69,26,0,0,,0,,0,,0,,0,,4.6,8.1,68.4,11.8,81.8,98.6,49,13.8,22.4,30,139.4,22.4,20.6,243.9,40.9,150,582,584,329,12,3,114,48,12,143,48,12,143,441,1259,0,
,0,1990,12,DET,,17,0,0,,0,7,10,0,0.412,0,0,0,0,0,0,0,0,0,0,0,0,1471,0,436,419,616,419,9,4570,4060,6095,6306,2035,33,101.4,36.2,7.4,10.9,4.8,268.8,1736,4570,19,33,67,83,83,69,42,26,51,11,157,20,16,58,550,120,22,77,14,88,Nick Miller,,31,251,856,83,33,97,31,0,18,17,3,1,0,0,109,938,80,3635,30,27,232,0,83,1714,0,3,7,6,12,4,3,7,5,7,1,32,23,54,54,14,0,0,,0,,0,,0,,0,,4,7.4,68,10.9,71.9,100,45.4,8.6,20.7,25.6,102.1,17,24.6,268.8,43,123,453,455,436,10,2,74,45,12,180,45,12,180,444,611,644,
,0,1991,13,MIN,,0,0,0,,0,0,0,0,0,0,0,0,0,0,0,0,0,0,0,0,0,1512,0,0,0,0,0,0,0,0,0,0,0,0,0,0,0,0,0,0,0,0,0,0,0,0,0,0,0,0,0,0,0,0,0,0,0,0,0,0,0,0,River Foster,,0,0,0,0,0,0,0,0,0,0,0,0,0,0,0,0,0,0,0,0,0,0,0,0,0,0,0,0,0,0,0,0,0,0,0,0,0,0,0,0,0,0,,0,,0,,0,,0,,0,0,0,0,0,0,0,0,0,0,0,0,0,0,0,0,0,0,0,0,0,0,0,0,0,0,0,0,0,0,0,
,0,1985,13,MIN,,16,0,0,,0,6,10,0,0.375,0,0,0,0,0,0,0,0,0,0,0,0,1464,0,570,291,440,291,6,2527,3198,5082,4920,1884,17,88.3,27.5,5.7,8.7,3.9,157.9,2393,2527,20,17,52,50,50,58,71,39,52,6,79,31,12,33,405,74,22,44,9,82,River Foster,,18,117,841,101,20,44,38,0,17,25,0,0,0,2,93,773,90,4060,33,33,213,0,72,1456,0,1,4,7,12,3,1,3,6,10,2,27,22,33,33,15,0,0,,0,,0,,0,,0,,4.2,5.7,66.1,8.7,81.5,100,45.1,6.5,20.2,35.6,149.6,19.8,18.2,157.9,38.8,99,321,325,354,21,1,113,10,2,113,10,2,113,377,970,0,
,0,1986,13,MIN,,16,0,0,,0,7,9,0,0.438,0,0,0,0,0,0,0,0,0,0,0,0,1486,0,569,245,379,245,5,2343,2821,5299,4587,2478,12,86.8,23.7,6.2,9.6,5.5,146.4,2244,2343,20,12,40,43,43,60,92,62,47,6,100,22,10,20,378,84,18,71,10,67,River Foster,,22,149,801,81,16,61,43,0,12,20,0,0,0,1,102,873,92,4074,35,30,285,0,73,1648,0,3,5,14,9,2,3,4,12,5,0,33,24,32,31,13,0,0,,0,,0,,0,,0,,3.9,6.2,64.6,9.6,72.7,96.9,44.3,9.5,22.6,35.6,140.2,19,15.3,146.4,40.4,103,295,295,349,24,0,108,18,1,99,18,1,99,322,873,0,
,0,1987,13,MIN,,16,0,0,,0,4,12,0,0.25,0,0,0,0,0,0,0,0,0,0,0,0,1438,0,603,211,380,211,3,2245,3615,6611,4679,2996,13,81.1,23.8,5.9,10.6,5,140.3,2434,2245,23,13,55,75,75,59,79,83,57,9,178,20,14,18,382,102,30,59,7,71,River Foster,,20,129,848,86,11,53,35,0,14,13,3,1,0,3,109,943,105,4661,42,35,440,1,88,2196,0,2,4,7,6,6,2,3,4,2,4,25,15,39,39,13,0,0,,0,,0,,0,,0,,4,5.9,55.5,10.6,60,100,44.4,12.6,25,37.7,152.1,16.3,13.2,140.3,42.7,84,324,324,475,18,6,98,19,5,90,19,5,90,359,921,0,
,0,1988,13,MIN,,17,0,0,,0,9,8,0,0.529,0,0,0,0,0,0,0,0,0,0,0,0,1522,0,693,227,331,227,5,3238,3156,5948,6326,2792,20,113.8,19.5,9.8,14.3,6.8,190.5,3088,3238,33,20,50,87,87,61,95,66,56,12,91,7,4,14,591,91,13,76,7,57,River Foster,,24,197,757,77,16,103,36,0,12,9,1,0,0,0,90,763,73,3321,33,35,381,0,78,1817,1,1,10,9,9,6,1,8,9,4,4,35,26,54,52,19,0,0,,0,,0,,0,,0,,4.5,9.8,68.6,14.3,74.3,96.3,45.5,10.9,23.3,40.8,181.6,21.2,13.4,190.5,55.1,130,460,462,415,16,2,147,50,11,125,50,11,125,324,866,0,
,0,1989,13,MIN,,17,0,0,,1,11,6,0,0.647,1,0,1,1,0,1,0,1,0,0,0,0,1495,0,601,244,378,244,6,3467,3841,5715,6002,1874,22,106.9,22.2,9.2,14.2,10.4,203.9,2535,3467,27,22,57,72,72,61,43,35,49,8,143,11,8,28,623,56,20,91,26,95,River Foster,,44,326,737,76,29,108,58,0,19,11,1,0,0,0,70,581,69,3166,31,33,302,0,71,1513,0,3,4,14,13,2,3,3,11,10,0,36,27,49,47,15,0,0,,0,,0,,0,,0,,4.2,9.2,64.6,14.2,75,95.9,45.9,9.2,21.3,35.4,149.1,21.6,14.4,203.9,51.2,128,428,428,359,10,2,130,52,9,125,52,9,125,397,1034,0,
,0,1990,13,MIN,,17,0,0,,0,9,8,0,0.529,0,0,0,0,0,0,0,0,0,0,0,0,1512,0,468,292,465,292,8,4520,4403,6200,6507,1797,43,118.6,27.4,9.7,15.5,8.8,265.9,1987,4520,19,43,72,83,83,61,43,58,52,8,158,8,5,1,709,62,21,58,28,105,River Foster,,45,332,821,75,25,90,37,0,4,5,1,0,0,1,108,890,68,2992,19,21,261,0,87,2045,0,2,6,7,10,3,2,6,6,7,2,28,23,62,60,17,0,0,,0,,0,,0,,0,,4.2,9.7,62.8,15.5,82.1,96.8,44,12.4,23.5,27.5,116.9,20.7,17.2,265.9,49.7,129,507,509,460,11,2,97,78,16,145,78,16,145,450,457,615,
,0,1991,14,ATL,,0,0,0,,0,0,0,0,0,0,0,0,0,0,0,0,0,0,0,0,0,1474,0,0,0,0,0,0,0,0,0,0,0,0,0,0,0,0,0,0,0,0,0,0,0,0,0,0,0,0,0,0,0,0,0,0,0,0,0,0,0,0,Patrick Abrams,,0,0,0,0,0,0,0,0,0,0,0,0,0,0,0,0,0,0,0,0,0,0,0,0,0,0,0,0,0,0,0,0,0,0,0,0,0,0,0,0,0,0,,0,,0,,0,,0,,0,0,0,0,0,0,0,0,0,0,0,0,0,0,0,0,0,0,0,0,0,0,0,0,0,0,0,0,0,0,0,
,0,1985,14,ATL,,16,0,0,,0,6,10,0,0.375,0,0,0,0,0,0,0,0,0,0,0,0,1468,0,591,190,321,190,12,2074,3704,5930,4655,2226,12,75.2,20.1,6.5,10.9,4.2,129.6,2581,2074,22,12,81,73,73,59,42,62,50,10,169,7,2,2,381,74,24,42,4,97,Patrick Abrams,,14,83,820,114,35,30,31,0,15,11,1,0,0,0,110,987,98,4189,29,29,279,1,91,1985,0,0,13,4,7,3,0,12,4,2,2,27,20,36,35,22,0,0,,0,,0,,0,,0,,4.4,6.5,59.2,10.9,74.1,97.2,42.7,9.6,21.8,36.9,161.3,14,11.9,129.6,42.6,95,311,311,480,23,12,83,22,3,81,22,3,81,380,826,0,
,0,1986,14,ATL,,16,0,1,,1,10,6,0,0.625,0,0,0,1,0,1,1,0,1,1,0,1,1530,0,515,323,485,323,1,3430,3531,5874,5652,2343,23,102,30.3,7.1,10.6,3.8,214.4,2222,3430,21,23,80,72,72,58,40,73,56,6,148,7,3,1,420,97,28,56,9,96,Patrick Abrams,,19,143,821,103,16,64,42,0,8,10,2,1,0,1,109,1046,81,3595,38,33,363,0,58,1348,0,0,12,7,9,5,0,11,7,4,3,33,25,44,43,18,0,0,,0,,0,,0,,0,,4.3,7.1,66.6,10.6,75.8,97.7,44.4,11,23.2,32.2,138.9,18.4,20.2,214.4,40.6,118,394,394,314,15,5,95,32,8,131,32,8,131,346,1008,0,
,0,1987,14,ATL,,16,0,0,,1,9,7,0,0.562,0,0,0,1,0,1,0,1,0,0,0,0,1517,0,553,301,458,301,4,3419,3512,6241,5660,2729,29,105.4,28.6,7.5,11.4,5.6,213.7,2241,3419,10,29,61,86,86,60,95,19,57,6,74,17,9,7,456,74,27,42,10,96,Patrick Abrams,,27,211,786,94,29,45,37,0,17,17,1,0,0,0,94,763,85,3385,27,19,133,0,82,2130,1,2,7,7,15,9,1,7,4,11,5,40,28,39,37,15,0,0,,0,,0,,0,,0,,4.1,7.5,65.7,11.4,70,94.9,39.8,7,26,34.6,140.1,17.4,18.8,213.7,39.9,121,367,367,416,16,6,96,37,11,120,37,11,120,320,923,0,
,0,1988,14,ATL,,17,0,0,,1,10,7,0,0.588,0,1,0,0,0,0,0,0,0,0,0,0,1482,0,533,269,411,269,8,3796,4169,6266,6082,2097,29,110.5,24.2,9.2,14.1,9.7,223.3,2286,3796,19,29,67,68,68,65,42,77,52,9,185,9,3,31,451,101,15,63,26,107,Patrick Abrams,,44,367,801,105,28,91,29,1,15,13,0,0,0,0,87,745,81,3604,27,25,305,1,77,1904,0,1,8,12,12,4,1,7,10,7,2,37,27,48,48,17,0,0,,0,,0,,0,,0,,4.3,9.2,65.5,14.1,73,100,44.5,12.2,24.7,31.4,134.5,19.9,15.8,223.3,47.2,129,423,427,398,13,6,106,56,15,127,56,15,127,408,974,0,
,0,1989,14,ATL,,17,0,0,,0,7,10,0,0.412,0,0,0,0,0,0,0,0,0,0,0,0,1495,0,459,283,474,283,10,4640,4509,6339,6450,1830,45,115.5,27.9,9.8,16.4,15.4,272.9,1810,4640,6,45,47,66,66,65,42,24,52,17,207,17,5,84,649,80,21,91,44,135,Patrick Abrams,,86,697,724,87,40,112,45,3,19,24,2,0,0,0,101,808,83,3957,28,36,317,0,73,1710,0,1,5,11,13,5,1,4,9,9,1,35,24,52,51,17,0,0,,0,,0,,0,,0,,3.9,9.8,59.7,16.4,68.6,98.1,47.7,8.8,23.4,27,106.5,16.6,16.6,272.9,47.7,123,441,449,445,12,2,76,83,24,135,83,24,135,429,1151,0,
,0,1990,14,ATL,,17,0,0,,0,6,11,0,0.353,0,0,0,0,0,0,0,0,0,0,0,0,1474,0,552,297,431,297,6,3211,4437,6826,5443,2389,23,102.5,25.4,7.5,10.8,5.9,188.9,2232,3211,22,23,53,62,62,67,92,41,52,9,101,18,11,35,383,89,15,57,9,81,Patrick Abrams,,27,192,790,86,25,93,24,0,15,16,1,0,0,0,88,643,84,4019,46,21,206,0,94,2224,0,0,8,12,5,4,0,7,12,4,3,29,26,45,44,13,0,0,,0,,0,,0,,0,,4,7.5,68.9,10.8,89.7,97.8,47.8,9.8,23.7,32.5,131.3,18.8,17.5,188.9,41.8,122,398,398,514,16,4,104,30,9,124,30,9,124,404,427,591,
,0,1991,15,SF,,0,0,0,,0,0,0,0,0,0,0,0,0,0,0,0,0,0,0,0,0,1495,0,0,0,0,0,0,0,0,0,0,0,0,0,0,0,0,0,0,0,0,0,0,0,0,0,0,0,0,0,0,0,0,0,0,0,0,0,0,0,0,Mel Baltazar,,0,0,0,0,0,0,0,0,0,0,0,0,0,0,0,0,0,0,0,0,0,0,0,0,0,0,0,0,0,0,0,0,0,0,0,0,0,0,0,0,0,0,,0,,0,,0,,0,,0,0,0,0,0,0,0,0,0,0,0,0,0,0,0,0,0,0,0,0,0,0,0,0,0,0,0,0,0,0,0,
,0,1985,15,SF,,16,0,0,,0,7,9,0,0.438,0,0,0,0,0,0,0,0,0,0,0,0,1480,0,596,257,434,257,5,2697,2742,5389,5131,2647,16,84.8,27.1,6.2,10.5,5,168.6,2434,2697,20,16,78,47,47,61,97,56,50,8,97,15,4,3,399,106,33,66,10,138,Mel Baltazar,,23,154,846,113,32,59,44,1,12,16,0,0,0,4,108,897,98,4258,29,44,254,0,62,1369,0,1,8,11,11,3,1,7,8,8,1,34,25,33,33,11,0,0,,0,,0,,0,,0,,4.1,6.2,59.2,10.5,73.5,100,43.4,5.8,22.1,37.2,152.1,16.3,16.1,168.6,40.1,108,324,328,341,19,7,97,30,4,103,30,4,103,311,922,0,
,0,1986,15,SF,,16,0,0,,1,10,6,0,0.625,0,0,0,0,1,0,0,0,0,0,0,0,1525,0,635,260,414,260,10,2852,3278,5252,5527,1974,23,91.6,25.9,6.9,11,3.7,178.2,2675,2852,23,23,62,50,50,60,82,78,47,2,14,7,5,28,474,82,25,37,10,87,Mel Baltazar,,16,115,840,99,42,53,32,0,22,12,1,0,0,1,92,811,91,4100,34,33,293,0,69,1477,0,1,7,9,12,0,1,7,7,8,0,29,23,47,46,21,0,0,,0,,0,,0,,0,,4.2,6.9,62.8,11,79.3,97.9,45.1,8.9,21.4,39.7,167.2,18.7,16.2,178.2,44.2,115,397,397,367,13,3,119,37,5,115,37,5,115,411,977,0,
,0,1987,15,SF,,16,0,0,,1,11,5,0,0.688,0,0,0,0,1,0,0,0,0,0,0,0,1546,0,576,280,414,280,10,3385,3101,5491,5850,2390,26,103.4,25.9,8.2,12.1,7.4,211.6,2465,3385,26,26,62,66,66,60,96,18,56,11,267,14,4,63,555,85,15,64,12,80,Mel Baltazar,,33,229,823,109,26,61,32,1,20,23,4,0,0,0,99,794,78,3294,29,44,313,0,63,1480,2,0,8,12,11,4,0,8,12,10,2,35,32,56,55,15,0,0,,0,,0,,0,,0,,4.3,8.2,67.6,12.1,91.4,98.2,42.2,7.1,23.5,36,154.1,19.6,17.5,211.6,47.1,151,499,503,320,13,2,113,37,8,132,37,8,132,407,1028,0,
,0,1988,15,SF,,17,0,0,,0,9,8,0,0.529,0,0,0,0,0,0,0,0,0,0,0,0,1496,0,585,325,493,325,16,3632,2930,5701,6280,2771,38,99.9,29,7.4,11.2,3.5,213.6,2648,3632,19,38,87,66,66,62,89,60,47,8,162,15,7,13,467,105,16,52,9,86,Mel Baltazar,,18,137,876,78,33,76,33,0,15,14,2,0,0,0,94,722,73,3297,26,32,320,0,83,1794,0,2,7,8,8,0,2,6,5,6,0,25,19,57,57,18,0,0,,0,,0,,0,,0,,4.5,7.4,65.9,11.2,76,100,45.2,10,21.6,34.4,155.8,21.5,19.1,213.6,40.9,114,468,470,434,21,8,126,41,14,133,41,14,133,340,999,0,
,0,1989,15,SF,,17,0,0,,1,13,4,0,0.765,0,0,0,0,1,0,0,0,0,0,0,0,1561,0,539,386,584,386,3,4476,3411,5457,6928,2046,39,109.2,34.4,7.7,11.6,4.4,263.3,2452,4476,23,39,66,90,90,66,96,24,52,13,247,16,8,12,518,78,15,70,12,83,Mel Baltazar,,27,165,756,83,50,112,44,2,22,19,3,1,0,0,100,845,71,3421,26,34,209,0,60,1343,1,2,8,2,17,5,1,7,2,10,2,34,22,64,61,23,0,0,,0,,0,,0,,0,,4.5,7.7,66.1,11.6,64.7,95.3,48.2,6.1,22.4,31.7,144.2,22.8,22.7,263.3,42,127,523,531,305,15,2,123,51,14,162,51,14,162,365,1199,0,
,0,1990,15,SF,,17,0,0,,1,9,8,0,0.529,1,0,1,0,1,0,0,0,0,0,0,0,1495,0,614,338,469,338,7,3499,3573,6374,6159,2801,26,105.5,27.6,7.5,10.4,4.7,205.8,2660,3499,27,26,67,84,84,66,37,78,51,12,193,12,9,9,430,127,7,77,6,68,Mel Baltazar,,23,163,792,71,25,110,34,0,7,6,3,0,0,0,100,929,77,3657,38,37,436,0,85,1604,0,1,7,5,10,4,1,6,4,9,2,27,22,51,51,14,0,0,,0,,0,,0,,0,,4.3,7.5,72.1,10.4,81.5,100,47.5,11.8,18.9,36.1,156.5,21.3,19.9,205.8,43.8,117,453,461,453,14,2,131,32,7,148,32,7,148,388,474,620,
,0,1991,16,TB,,0,0,0,,0,0,0,0,0,0,0,0,0,0,0,0,0,0,0,0,0,1542,0,0,0,0,0,0,0,0,0,0,0,0,0,0,0,0,0,0,0,0,0,0,0,0,0,0,0,0,0,0,0,0,0,0,0,0,0,0,0,0,Blake Hall,,0,0,0,0,0,0,0,0,0,0,0,0,0,0,0,0,0,0,0,0,0,0,0,0,0,0,0,0,0,0,0,0,0,0,0,0,0,0,0,0,0,0,,0,,0,,0,,0,,0,0,0,0,0,0,0,0,0,0,0,0,0,0,0,0,0,0,0,0,0,0,0,0,0,0,0,0,0,0,0,
,0,1985,16,TB,,16,0,0,,1,9,7,0,0.562,0,0,0,0,1,0,0,0,0,0,0,0,1518,0,446,253,415,253,3,4428,2907,4952,5545,2045,36,123.2,25.9,10.7,17.5,18.6,276.8,1117,4428,6,36,24,68,68,56,69,15,52,13,379,14,4,17,549,86,31,67,73,122,Random Task,,95,671,816,103,31,45,36,0,14,18,5,0,0,2,99,810,89,3597,20,34,106,0,66,1394,0,0,6,15,13,4,0,4,9,10,1,38,24,47,46,20,0,0,,0,,0,,0,,0,,2.5,10.7,61,17.5,63.2,97.9,40.4,3.1,21.1,27.9,69.8,12.8,15.8,276.8,58.9,118,400,400,327,3,0,57,80,16,149,80,16,149,334,901,0,
,0,1986,16,TB,,16,0,0,,1,10,6,0,0.625,0,0,0,0,1,0,0,0,0,0,0,0,1533,0,561,257,382,257,6,3143,3163,5354,5243,2191,29,111.2,23.9,8.2,12.2,9.7,196.4,2100,3143,12,29,65,53,53,64,39,63,49,3,90,18,5,26,464,111,26,48,24,103,Blake Hall,,41,293,845,91,34,57,33,2,22,22,1,0,0,1,105,926,98,4344,32,31,237,0,64,1427,0,3,4,7,9,1,3,4,6,6,0,24,19,40,38,17,0,0,,0,,0,,0,,0,,3.7,8.2,67.3,12.2,79.2,95,44.3,7.6,22.3,35.1,131.2,21.4,16.1,196.4,42,95,347,351,297,7,2,120,42,7,108,42,7,108,396,973,0,
,0,1987,16,TB,,16,0,0,,0,6,10,0,0.375,0,0,0,0,0,0,0,0,0,0,0,0,1463,0,517,314,470,314,8,3618,3343,5333,5556,1990,25,100.5,29.4,7.7,11.5,6.6,226.1,1938,3618,15,25,71,76,76,58,41,70,51,8,126,19,11,20,398,86,18,65,14,96,Blake Hall,,33,252,776,117,30,57,45,0,13,14,0,0,0,1,100,844,88,3532,26,40,323,0,79,1795,0,2,7,9,11,5,1,7,9,7,4,34,28,40,40,17,0,0,,0,,0,,0,,0,,3.7,7.7,66.8,11.5,82.4,100,40.1,8.1,22.7,32.3,121.1,16.6,19.6,226.1,43.3,124,364,364,412,12,5,86,40,8,136,40,8,136,330,964,0,
,0,1988,16,TB,,17,0,0,,0,4,13,0,0.235,0,0,0,0,0,0,0,0,0,0,0,0,1445,0,566,288,440,288,11,3527,3356,6204,5887,2848,24,97.8,25.9,8,12.2,10.2,207.5,2360,3527,11,24,68,87,87,62,42,21,53,8,142,21,12,3,399,131,27,81,35,133,Blake Hall,,50,390,843,84,21,105,27,1,7,13,1,0,0,2,97,753,102,4439,35,33,229,0,90,1785,0,0,5,7,10,4,0,5,6,7,2,26,20,36,35,12,0,0,,0,,0,,0,,0,,4.2,8,65.5,12.2,76.9,97.2,43.5,6.9,19.8,33.3,138.8,17.7,16.9,207.5,42.4,95,311,313,480,18,4,100,40,11,122,40,11,122,389,1062,0,
,0,1989,16,TB,,17,0,0,,1,9,8,0,0.529,0,1,0,0,0,0,0,0,0,0,0,0,1526,0,475,376,561,376,10,4062,3558,6314,6062,2756,37,102.7,33,7.2,10.8,7.1,238.9,2000,4062,13,37,51,73,73,65,95,17,55,13,103,21,10,51,460,99,22,91,23,150,Blake Hall,,43,306,842,71,48,109,34,0,20,22,0,0,0,0,105,895,101,4515,33,30,211,0,77,1911,1,1,5,7,8,5,1,4,5,8,4,26,22,49,47,15,0,0,,0,,0,,0,,0,,4.2,7.2,67,10.8,84.6,95.9,44.7,7,24.8,27.9,117.6,20,22.1,238.9,35.1,113,419,423,397,13,3,95,49,9,132,49,9,132,387,1196,0,
,0,1990,16,TB,,17,0,0,,1,11,6,0,0.647,0,0,0,0,1,0,0,0,0,0,0,0,1542,0,541,400,563,400,8,4567,4013,6183,7025,2170,39,112.3,33.1,8.1,11.4,5.7,268.6,2458,4567,23,39,45,71,71,67,35,55,53,7,104,13,8,57,523,116,17,84,15,132,Blake Hall,,34,235,819,69,25,112,30,0,21,18,2,0,0,0,122,913,71,3304,29,30,133,1,90,1892,0,2,9,7,11,4,2,8,6,7,2,33,25,58,55,18,0,0,,0,,0,,0,,0,,4.5,8.1,71,11.4,75.8,94.8,46.5,4.4,21,31.8,144.6,21.1,23.5,268.6,43.5,130,520,528,475,11,5,114,46,13,174,46,13,174,414,570,626,
,0,1991,17,CHC,,0,0,0,,0,0,0,0,0,0,0,0,0,0,0,0,0,0,0,0,0,1490,0,0,0,0,0,0,0,0,0,0,0,0,0,0,0,0,0,0,0,0,0,0,0,0,0,0,0,0,0,0,0,0,0,0,0,0,0,0,0,0,Eric Potempa,,0,0,0,0,0,0,0,0,0,0,0,0,0,0,0,0,0,0,0,0,0,0,0,0,0,0,0,0,0,0,0,0,0,0,0,0,0,0,0,0,0,0,,0,,0,,0,,0,,0,0,0,0,0,0,0,0,0,0,0,0,0,0,0,0,0,0,0,0,0,0,0,0,0,0,0,0,0,0,0,
,0,1985,17,CHC,,16,0,0,,1,9,7,0,0.562,0,0,0,1,0,1,1,0,1,0,1,0,1505,0,653,238,361,238,10,2423,2679,4585,4925,1906,16,88.2,22.6,6.7,10.2,7.7,151.4,2502,2423,16,16,80,58,58,58,34,64,48,11,143,17,9,11,381,81,21,51,16,99,Wes Webb,,30,209,741,87,28,46,31,1,10,11,1,1,0,1,111,977,95,4098,34,38,322,0,63,1266,0,1,8,8,10,0,1,6,8,7,0,27,22,31,31,10,0,0,,0,,0,,0,,0,,3.8,6.7,65.9,10.2,81.5,100,43.1,8.5,20.1,40.8,156.4,20.1,14.9,151.4,40.8,97,295,297,303,7,3,131,22,5,97,22,5,97,310,836,0,
,0,1986,17,CHC,,16,0,0,,0,6,10,0,0.375,0,0,0,0,0,0,0,0,0,0,0,0,1474,0,558,351,506,351,8,3118,2844,4721,4818,1877,16,89.5,31.6,6.2,8.9,4,194.9,1700,3118,10,16,23,55,55,58,33,17,49,4,38,21,10,20,411,78,20,49,14,86,Wes Webb,,21,149,721,81,26,48,41,0,11,16,0,0,0,1,111,925,103,4040,35,38,246,0,62,1273,0,1,8,4,14,2,1,7,4,8,0,29,20,25,25,13,0,0,,0,,0,,0,,0,,3,6.2,69.4,8.9,69,100,39.2,6.5,20.5,34.9,106.2,17.4,21.9,194.9,41.6,85,241,241,332,1,0,97,18,2,146,18,2,146,264,927,0,
,0,1987,17,CHC,,16,0,0,,1,8,8,0,0.5,0,1,0,0,0,0,0,0,0,0,0,0,1497,0,584,213,406,213,7,2205,3611,5264,4515,1653,12,71.1,25.4,5.4,10.4,7.3,137.8,2310,2205,20,12,61,67,67,59,32,66,56,9,157,12,5,21,335,69,28,41,12,138,Wes Webb,,32,237,791,113,30,56,42,0,11,13,2,0,0,4,88,719,114,4840,39,37,366,0,64,1320,0,4,7,6,6,8,4,7,4,5,6,31,26,30,30,11,0,0,,0,,0,,0,,0,,4,5.4,52.5,10.4,83.9,100,42.5,9.9,20.6,36.5,144.4,19.2,13.3,137.8,39.4,108,312,314,340,9,3,112,22,4,84,22,4,84,328,870,0,
,0,1988,17,CHC,,17,0,0,,1,10,7,0,0.588,1,0,1,0,1,0,0,0,0,0,0,0,1511,0,481,358,542,358,11,3941,3270,4906,5770,1636,19,90.7,31.9,7.3,11,7,231.8,1829,3941,17,19,55,83,83,63,36,57,52,9,185,12,4,11,403,72,21,58,26,134,Eric Potempa,,41,308,781,100,57,91,37,0,9,11,2,0,0,0,108,933,79,3554,27,41,295,0,69,1506,0,1,11,16,8,2,1,9,16,7,1,38,34,36,36,19,0,0,,0,,0,,0,,0,,3.8,7.3,66.1,11,89.5,100,45,7.2,21.8,28.3,107.6,17.5,21.1,231.8,42.5,138,366,368,303,14,4,84,45,8,152,45,8,152,349,1108,0,
,0,1989,17,CHC,,17,0,0,,0,3,14,0,0.176,0,0,0,0,0,0,0,0,0,0,0,0,1438,0,362,390,608,390,11,3780,3874,6436,5246,2562,28,89.3,35.8,6.2,9.7,9.8,222.4,1466,3780,8,28,40,73,73,64,41,67,49,11,194,16,8,12,421,109,27,92,39,138,Eric Potempa,,66,494,765,61,34,117,25,0,11,12,0,0,0,0,96,811,89,3935,27,25,177,0,92,1979,0,0,7,4,7,1,0,7,4,6,0,19,17,36,34,7,0,0,,0,,0,,0,,0,,4,6.2,64.1,9.7,89.5,94.4,44.2,7.1,21.5,21.3,86.2,21.8,22.9,222.4,39.7,85,301,301,551,7,0,79,33,6,155,33,6,155,413,1266,0,
,0,1990,17,CHC,,17,0,0,,0,4,13,0,0.235,0,0,0,0,0,0,0,0,0,0,0,0,1490,0,512,314,530,314,7,2795,4103,7541,4582,3438,15,77.4,31.2,5.3,8.9,8.5,164.4,1787,2795,16,15,65,41,41,64,97,18,57,14,214,8,4,27,426,103,17,74,23,151,Eric Potempa,,49,366,771,51,20,87,35,0,9,9,1,0,0,0,120,893,93,4259,42,22,190,0,112,2576,1,1,6,8,12,6,1,6,8,8,6,33,29,31,31,9,0,0,,0,,0,,0,,0,,3.5,5.3,59.2,8.9,87.9,100,45.8,8.6,23,30.1,105.1,16,18.5,164.4,39.2,118,316,316,650,8,3,82,18,1,123,18,1,123,351,531,555,
,0,1991,18,BAL,,0,0,0,,0,0,0,0,0,0,0,0,0,0,0,0,0,0,0,0,0,1509,0,0,0,0,0,0,0,0,0,0,0,0,0,0,0,0,0,0,0,0,0,0,0,0,0,0,0,0,0,0,0,0,0,0,0,0,0,0,0,0,Andre Ivarsson,,0,0,0,0,0,0,0,0,0,0,0,0,0,0,0,0,0,0,0,0,0,0,0,0,0,0,0,0,0,0,0,0,0,0,0,0,0,0,0,0,0,0,,0,,0,,0,,0,,0,0,0,0,0,0,0,0,0,0,0,0,0,0,0,0,0,0,0,0,0,0,0,0,0,0,0,0,0,0,0,
,0,1985,18,BAL,,16,0,0,,0,5,11,0,0.312,0,0,0,0,0,0,0,0,0,0,0,0,1431,0,548,291,448,291,13,3054,2964,5165,5065,2201,24,90.4,28,6.8,10.5,6.3,190.9,2011,3054,10,24,51,59,59,63,66,76,51,5,24,25,9,22,401,94,24,44,16,117,Andre Ivarsson,,30,210,775,105,25,51,39,2,11,21,1,0,0,2,93,930,94,4233,36,45,330,0,69,1392,0,2,5,6,13,1,2,5,6,11,1,27,25,34,32,10,0,0,,0,,0,,0,,0,,3.7,6.8,65,10.5,92.6,94.1,45,7.3,20.2,34.2,125.7,17.5,18.2,190.9,46.4,107,317,321,374,11,4,96,29,3,135,29,3,135,308,900,0,
,0,1986,18,BAL,,16,0,0,,0,9,7,0,0.562,0,0,0,0,0,0,0,0,0,0,0,0,1511,0,562,306,456,306,4,3048,3064,5197,5695,2133,26,101.2,28.5,6.7,10,3.4,190.5,2647,3048,20,26,81,63,63,56,34,31,50,10,168,22,11,0,387,74,22,55,7,92,Andre Ivarsson,,16,118,755,89,20,62,51,0,8,13,2,0,0,1,88,792,80,3113,22,27,206,0,73,1434,0,1,9,7,11,5,1,9,4,9,1,33,24,46,43,17,0,0,,0,,0,,0,,0,,4.7,6.7,67.1,10,72.7,93.5,38.9,7.6,19.6,35.1,165.4,21.4,19.1,190.5,39.9,115,403,405,356,15,3,120,34,4,122,34,4,122,311,971,0,
,0,1987,18,BAL,,16,0,0,,0,4,12,0,0.25,0,0,0,0,0,0,0,0,0,0,0,0,1441,0,523,311,447,311,7,3221,4173,6533,5498,2360,19,97.7,27.9,7.2,10.4,3,201.3,2277,3221,11,19,48,85,85,58,97,18,57,3,55,27,14,16,422,87,22,64,6,55,Andre Ivarsson,,14,132,739,78,20,62,50,0,15,22,1,0,0,1,99,813,72,2860,20,22,72,0,95,2094,2,2,8,10,13,7,2,8,7,10,5,40,32,29,26,11,0,0,,0,,0,,0,,0,,4.4,7.2,69.6,10.4,80,89.7,39.7,3.3,22,32.7,142.3,20.7,19.4,201.3,40.5,122,320,322,474,20,3,108,27,10,126,27,10,126,373,1038,0,
,0,1988,18,BAL,,17,0,0,,0,5,12,0,0.294,0,0,0,0,0,0,0,0,0,0,0,0,1481,0,632,285,408,285,11,3029,4406,7864,6316,3458,25,100.4,24,7.4,10.6,2.6,178.2,3287,3029,28,25,76,58,58,69,42,20,57,13,215,23,10,50,450,117,22,64,3,113,Andre Ivarsson,,11,84,870,69,23,75,35,0,25,28,2,1,0,0,102,898,70,3401,32,19,146,0,93,2028,0,1,5,8,8,6,1,4,8,5,5,28,23,52,49,17,0,0,,0,,0,,0,,0,,5.2,7.4,69.9,10.6,82.1,94.2,48.6,7.7,21.8,37.2,193.4,23.4,16.8,178.2,43.5,118,448,452,529,22,5,148,31,7,124,31,7,124,429,1006,0,
,0,1989,18,BAL,,17,0,0,,1,13,4,0,0.765,0,0,0,0,1,0,0,0,0,0,0,0,1525,0,629,289,406,289,8,3032,3648,5197,5670,1549,21,101.5,23.9,7.5,10.5,5.1,178.4,2638,3032,18,21,60,54,54,70,103,20,52,13,140,12,3,72,436,73,8,89,11,75,Andre Ivarsson,,22,174,775,82,35,106,44,1,22,21,3,0,0,1,86,692,67,3114,24,38,264,0,60,1400,1,0,5,14,19,7,0,4,12,14,4,45,34,41,40,25,0,0,,0,,0,,0,,0,,4.2,7.5,71.2,10.5,75.6,97.6,46.5,6.9,23.3,37,155.2,20.2,17,178.4,46.7,142,400,404,299,17,7,127,31,3,135,31,3,135,403,1032,0,
,0,1990,18,BAL,,17,0,0,,1,13,4,0,0.765,0,0,0,1,0,1,0,1,0,0,0,0,1509,0,629,311,455,311,10,3281,3983,5906,6360,1923,32,103.4,26.8,7.2,10.5,4,193,3079,3281,27,32,70,59,59,67,98,17,56,17,279,12,6,30,516,94,9,88,10,91,Andre Ivarsson,,19,149,789,66,27,105,31,0,11,11,2,0,0,2,110,935,65,3142,29,23,89,0,78,1938,0,0,8,9,13,6,0,7,8,8,3,36,26,60,60,26,0,0,,0,,0,,0,,0,,4.9,7.2,68.4,10.5,72.2,100,48.3,3.9,24.8,37,181.1,24,18.3,193,45.3,138,504,504,401,18,5,151,31,4,141,31,4,141,432,456,658,
,0,1991,19,WAS,,0,0,0,,0,0,0,0,0,0,0,0,0,0,0,0,0,0,0,0,0,1459,0,0,0,0,0,0,0,0,0,0,0,0,0,0,0,0,0,0,0,0,0,0,0,0,0,0,0,0,0,0,0,0,0,0,0,0,0,0,0,0,Elliott Ward,,0,0,0,0,0,0,0,0,0,0,0,0,0,0,0,0,0,0,0,0,0,0,0,0,0,0,0,0,0,0,0,0,0,0,0,0,0,0,0,0,0,0,,0,,0,,0,,0,,0,0,0,0,0,0,0,0,0,0,0,0,0,0,0,0,0,0,0,0,0,0,0,0,0,0,0,0,0,0,0,
,0,1987,19,WAS,,16,0,0,,0,3,13,0,0.188,0,0,0,0,0,0,0,0,0,0,0,0,1415,0,617,229,387,229,18,2300,3758,6383,4783,2625,8,63.7,24.2,5.9,10,7.4,143.8,2483,2300,13,8,93,49,49,57,38,18,54,5,69,9,4,11,366,87,30,46,18,97,David Britz,,31,199,711,83,5,42,38,1,9,11,2,0,0,0,105,833,86,3630,30,27,203,0,98,2222,0,2,8,7,20,2,2,8,7,15,2,39,34,23,23,9,0,0,,0,,0,,0,,0,,4,5.9,59.2,10,87.2,100,42.2,7.5,22.7,38.6,155.2,18.6,14.3,143.8,45,125,263,265,501,13,6,115,18,4,103,18,4,103,352,895,0,
,0,1988,19,WAS,,17,0,0,,0,2,15,0,0.118,0,0,0,0,0,0,0,0,0,0,0,0,1445,0,660,251,407,251,13,2625,3421,6965,5428,3544,19,82.6,23.9,6.4,10.5,6.9,154.4,2803,2625,21,19,55,49,49,62,43,17,48,9,110,16,9,34,396,115,21,48,17,144,David Britz,,30,206,861,88,10,67,22,1,18,16,1,0,0,1,93,708,82,3820,32,25,189,0,97,2393,0,1,3,6,17,2,1,1,3,8,0,29,13,39,38,10,0,0,,0,,0,,0,,0,,4.2,6.4,61.7,10.5,44.8,97.4,46.6,7.6,24.7,38.8,164.9,21.5,14.8,154.4,41.8,77,323,327,541,11,2,142,28,3,105,28,3,105,348,910,0,
,0,1989,19,WAS,,17,0,0,,0,6,11,0,0.353,0,0,0,0,0,0,0,0,0,0,0,0,1473,0,545,292,482,292,15,3137,4150,5930,5864,1780,19,79.9,28.4,6.5,10.7,6.9,184.5,2727,3137,16,19,56,66,66,61,43,18,52,7,104,12,9,47,481,89,23,63,21,149,Randy Lilley,,36,221,790,92,45,86,40,0,21,11,3,1,0,0,110,874,70,3122,23,30,174,0,77,1637,0,3,8,9,7,4,3,6,6,5,2,31,22,38,38,16,0,0,,0,,0,,0,,0,,5,6.5,60.6,10.7,71,100,44.6,5.8,21.3,32.1,160.4,22.9,17.2,184.5,45.5,104,332,332,439,22,7,125,28,9,133,28,9,133,426,1089,0,
,0,1990,19,WAS,,17,0,0,,0,4,13,0,0.235,0,0,0,0,0,0,0,0,0,0,0,0,1459,0,553,274,506,274,16,2768,4523,7312,5270,2789,23,72,29.8,5.5,10.1,3.8,162.8,2502,2768,20,23,86,57,57,61,43,49,51,8,262,17,6,51,461,99,29,50,6,121,Elliott Ward,,20,134,820,70,18,71,30,1,17,23,2,0,0,0,131,1040,83,3754,35,23,203,0,99,2581,0,2,3,8,13,4,2,2,7,13,2,30,26,44,43,14,0,0,,0,,0,,0,,0,,4.5,5.5,54.2,10.1,86.7,97.7,45.2,8.8,26.1,32.5,147.2,20.8,16.1,162.8,45.6,121,391,395,609,13,3,115,26,3,125,26,3,125,453,503,608,
,0,1991,20,SD,,0,0,0,,0,0,0,0,0,0,0,0,0,0,0,0,0,0,0,0,0,1492,0,0,0,0,0,0,0,0,0,0,0,0,0,0,0,0,0,0,0,0,0,0,0,0,0,0,0,0,0,0,0,0,0,0,0,0,0,0,0,0,Alex Baxter,,0,0,0,0,0,0,0,0,0,0,0,0,0,0,0,0,0,0,0,0,0,0,0,0,0,0,0,0,0,0,0,0,0,0,0,0,0,0,0,0,0,0,,0,,0,,0,,0,,0,0,0,0,0,0,0,0,0,0,0,0,0,0,0,0,0,0,0,0,0,0,0,0,0,0,0,0,0,0,0,
,0,1987,20,SD,,16,0,0,,0,7,9,0,0.438,0,0,0,0,0,0,0,0,0,0,0,0,1482,0,489,403,583,403,16,3974,2980,5565,5773,2585,21,88.7,36.4,6.8,9.9,6,248.4,1799,3974,16,21,60,64,64,60,62,37,52,9,98,19,10,15,393,84,25,51,18,76,Gil Santos,,37,302,690,59,9,60,26,0,12,16,0,1,0,0,95,830,71,3111,20,23,112,0,81,1741,0,0,10,13,15,3,0,9,8,9,2,41,28,35,35,8,0,0,,0,,0,,0,,0,,3.7,6.8,69.1,9.9,68.3,100,43.8,4.9,21.5,30.6,112.4,17,25.2,248.4,42.9,119,341,343,438,8,1,83,32,8,173,32,8,173,335,1112,0,
,0,1988,20,SD,,17,0,0,,1,9,8,0,0.529,1,0,1,0,1,0,0,0,0,0,0,0,1529,0,453,396,549,396,13,4085,3735,6308,5925,2573,32,102.8,32.3,7.4,10.3,3.9,240.3,1840,4085,15,32,64,71,71,67,35,16,50,13,295,20,14,19,427,110,14,66,12,105,Gil Santos,,22,151,847,103,13,81,32,0,19,11,1,0,0,0,102,796,80,3830,30,23,122,0,83,1601,0,2,5,7,4,2,1,4,7,3,1,20,16,46,46,11,0,0,,0,,0,,0,,0,,4.1,7.4,72.1,10.3,80,100,47.9,5.3,19.3,26.6,108.2,19.4,23.3,240.3,40.9,94,382,382,439,7,2,88,40,11,162,40,11,162,423,1179,0,
,0,1989,20,SD,,17,0,0,,0,5,12,0,0.294,0,0,0,0,0,0,0,0,0,0,0,0,1474,0,431,476,691,476,7,4168,4102,6398,5957,2296,29,94.4,40.6,6,8.8,5.6,245.2,1789,4168,16,29,40,55,55,64,33,70,52,5,36,15,7,19,460,98,32,80,16,104,Gil Santos,,41,279,754,75,30,109,32,1,13,16,1,0,0,0,98,740,90,4145,32,28,334,0,81,1707,0,1,3,10,3,7,1,3,8,1,3,24,16,44,43,8,0,0,,0,,0,,0,,0,,4.2,6,68.9,8.8,66.7,97.7,46.1,11.9,21.1,25.4,105.2,20.9,28,245.2,42.9,91,367,373,455,8,0,90,31,2,204,31,2,204,432,1373,0,
,0,1990,20,SD,,17,0,0,,0,8,9,0,0.471,0,0,0,0,0,0,0,0,0,0,0,0,1492,0,429,480,656,480,10,4945,4260,6612,6934,2352,46,111.5,38.6,7.5,10.3,6.2,290.9,1989,4945,16,46,60,52,52,63,99,78,52,9,151,17,10,2,544,133,25,51,18,77,Gil Santos,,43,337,718,53,30,75,30,0,11,12,0,0,0,0,110,922,55,2404,21,23,281,0,92,2009,1,0,9,7,7,6,0,7,7,5,2,29,21,61,60,11,0,0,,0,,0,,0,,0,,4.6,7.5,73.2,10.3,72.4,98.4,43.7,12.2,21.8,25.2,117,23.5,28.2,290.9,41.7,123,501,503,498,13,2,101,44,10,200,44,10,200,424,655,624,
