RecordType,RecordID,Week,Season,PlayerID,TeamID,VsTeamID,RecordValue
0,0,4,1986,1906,1,18,42
0,1,2,1985,1906,1,9,29
0,2,11,1985,1906,1,6,86.4
0,3,10,1985,1906,1,8,2
0,4,2,1985,1906,1,9,356
0,5,6,1985,1906,1,2,5
0,6,16,1985,1906,1,2,153.3
0,7,6,1985,1906,1,2,84
0,8,13,1985,1824,1,4,31
0,9,5,1985,1824,1,14,155
0,10,7,1985,1824,1,16,3
0,11,8,1986,1824,1,2,59
0,12,2,1985,1928,1,9,8
0,13,6,1985,1928,1,2,161
0,14,6,1985,1928,1,2,3
0,15,6,1985,1928,1,2,84
0,16,16,1986,1906,1,7,3
0,17,2,1985,1824,1,9,1
0,18,7,1985,1985,1,16,1
0,19,9,1986,1985,1,8,52
0,20,3,1985,1848,1,4,17
0,21,7,1985,1875,1,16,3
0,22,2,1986,3419,1,4,2
0,23,2,1985,1928,1,9,1
0,24,3,1985,2398,1,4,15
0,25,9,1986,1875,1,8,1
0,26,7,1986,1824,1,6,43
0,27,0,0,0,0,0,0
0,28,10,1986,1824,1,15,31
0,29,5,1985,1921,1,14,150
0,30,0,0,0,0,0,0
0,31,15,1986,1824,1,14,54
0,32,4,1986,2275,1,18,4
0,33,4,1985,2275,1,12,3
0,34,10,1985,2275,1,8,55
0,35,7,1985,2275,1,16,7
0,36,7,1985,2275,1,16,7
0,37,1,1985,2275,1,3,100
0,38,1,1985,2275,1,3,100
0,39,7,1986,2485,1,6,51.4
0,40,3,1985,2485,1,4,412
0,41,3,1986,2485,1,2,62
0,42,11,1985,1848,1,6,6
0,43,3,1986,1828,1,2,9
0,44,3,1985,1949,1,4,2
1,0,0,1986,1906,1,0,519
1,1,0,1986,1906,1,0,337
1,2,0,1985,1906,1,0,67.6
1,3,0,1985,1906,1,0,12
1,4,0,1985,1906,1,0,3606
1,5,0,1985,1906,1,0,35
1,6,0,1985,1906,1,0,107.2
1,7,0,1985,1906,1,0,84
1,8,0,1985,1824,1,0,364
1,9,0,1985,1824,1,0,1695
1,10,0,1985,1824,1,0,17
1,11,0,1986,1824,1,0,59
1,12,0,1986,1928,1,0,82
1,13,0,1985,1928,1,0,1152
1,14,0,1985,1928,1,0,15
1,15,0,1985,1928,1,0,84
1,16,0,1985,1906,1,0,5
1,17,0,1985,1824,1,0,3
1,18,0,1986,1985,1,0,3
1,19,0,1986,1985,1,0,65
1,20,0,1985,1848,1,0,172
1,21,0,1985,1875,1,0,13
1,22,0,1985,1848,1,0,5
1,23,0,1985,1906,1,0,4
1,24,0,1985,1985,1,0,15
1,25,0,1986,1875,1,0,1
1,26,0,1986,1824,1,0,206
1,27,0,0,0,0,0,0
1,28,0,1986,1824,1,0,31
1,29,0,1985,1921,1,0,922
1,30,0,0,0,0,0,0
1,31,0,1986,1824,1,0,54
1,32,0,1986,2275,1,0,30
1,33,0,1985,2275,1,0,22
1,34,0,1985,2275,1,0,55
1,35,0,1985,2275,1,0,56
1,36,0,1985,2275,1,0,53
1,37,0,1985,2275,1,0,88
1,38,0,1986,2275,1,0,100
1,39,0,1986,2485,1,0,43.7
1,40,0,1986,2485,1,0,3667
1,41,0,1986,2485,1,0,62
1,42,0,1986,1848,1,0,22
1,43,0,1985,1828,1,0,64
1,44,0,1985,1949,1,0,6
2,0,0,1985,2420,1,9,41
2,1,0,1985,2420,1,9,23
2,2,0,1985,2420,1,9,56.1
2,3,0,1985,2420,1,9,2
2,4,0,1985,2420,1,9,178
2,5,0,0,0,0,0,0
2,6,0,1985,2420,1,9,46.6
2,7,0,1985,2420,1,9,19
2,8,0,1985,1824,1,9,17
2,9,0,1985,1824,1,9,68
2,10,0,0,0,0,0,0
2,11,0,1985,1824,1,9,45
2,12,0,1985,1928,1,9,7
2,13,0,1985,1928,1,9,60
2,14,0,0,0,0,0,0
2,15,0,1985,2432,1,9,19
2,16,0,1985,1998,1,9,1
2,17,0,1985,1998,1,9,1
2,18,0,1985,2336,1,9,1
2,19,0,1985,2336,1,9,11
2,20,0,1985,1985,1,9,8
2,21,0,1985,1848,1,9,1
2,22,0,0,0,0,0,0
2,23,0,0,0,0,0,0
2,24,0,0,0,0,0,0
2,25,0,0,0,0,0,0
2,26,0,1985,1824,1,9,25
2,27,0,0,0,0,0,0
2,28,0,1985,1824,1,9,16
2,29,0,1985,1824,1,9,71
2,30,0,0,0,0,0,0
2,31,0,1985,1824,1,9,36
2,32,0,1985,2275,1,9,3
2,33,0,1985,2275,1,9,2
2,34,0,1985,2275,1,9,49
2,35,0,0,0,0,0,0
2,36,0,0,0,0,0,0
2,37,0,1985,2275,1,9,66.7
2,38,0,0,0,0,0,0
2,39,0,1985,2485,1,9,44
2,40,0,1985,2485,1,9,132
2,41,0,1985,2485,1,9,52
2,42,0,1985,2017,1,9,3
2,43,0,1985,1828,1,9,6
2,44,0,1985,2175,1,9,1
3,0,0,1986,1906,1,0,963
3,1,0,1986,1906,1,0,637
3,2,0,1985,1906,1,0,67.6
3,3,0,1986,1906,1,0,21
3,4,0,1986,1906,1,0,6991
3,5,0,1986,1906,1,0,62
3,6,0,1985,1906,1,0,107.2
3,7,0,1985,1906,1,0,84
3,8,0,1986,1824,1,0,684
3,9,0,1986,1824,1,0,3265
3,10,0,1986,1824,1,0,28
3,11,0,1986,1824,1,0,59
3,12,0,1986,1928,1,0,147
3,13,0,1986,1928,1,0,2237
3,14,0,1986,1928,1,0,22
3,15,0,1985,1928,1,0,84
3,16,0,1986,1906,1,0,9
3,17,0,1986,1824,1,0,4
3,18,0,1986,1985,1,0,4
3,19,0,1986,1985,1,0,80
3,20,0,1986,1848,1,0,341
3,21,0,1986,1875,1,0,18
3,22,0,1986,1848,1,0,6
3,23,0,1986,1906,1,0,5
3,24,0,1986,1985,1,0,18
3,25,0,1986,1875,1,0,1
3,26,0,1986,1824,1,0,238
3,27,0,0,0,0,0,0
3,28,0,1986,1824,1,0,31
3,29,0,1986,1921,1,0,1035
3,30,0,0,0,0,0,0
3,31,0,1986,1824,1,0,54
3,32,0,1986,2275,1,0,55
3,33,0,1986,2275,1,0,40
3,34,0,1985,2275,1,0,55
3,35,0,1986,2275,1,0,97
3,36,0,1986,2275,1,0,94
3,37,0,1985,2275,1,0,88
3,38,0,1986,2275,1,0,96.9
3,39,0,1986,2485,1,0,43.5
3,40,0,1986,2485,1,0,6822
3,41,0,1986,2485,1,0,62
3,42,0,1986,1848,1,0,43
3,43,0,1986,1828,1,0,120
3,44,0,1986,1949,1,0,8
0,0,13,1985,1964,4,1,37
0,1,13,1985,1964,4,1,22
0,2,8,1986,1964,4,3,88.2
0,3,14,1986,1964,4,18,2
0,4,16,1985,1964,4,3,376
0,5,10,1985,1964,4,3,4
0,6,1,1986,1964,4,17,158.3
0,7,7,1985,1964,4,18,75
0,8,15,1985,1946,4,5,34
0,9,2,1985,1946,4,14,176
0,10,8,1985,2026,4,15,4
0,11,6,1986,1986,4,14,62
0,12,5,1985,2033,4,2,6
0,13,7,1985,2153,4,18,150
0,14,1,1986,2282,4,17,3
0,15,7,1985,2153,4,18,75
0,16,3,1985,1879,4,1,2
0,17,3,1985,1879,4,1,2
0,18,16,1985,1892,4,3,2
0,19,5,1985,1862,4,2,55
0,20,15,1985,2092,4,5,13
0,21,1,1985,1918,4,16,2
0,22,1,1985,1811,4,16,1
0,23,2,1986,1879,4,1,2
0,24,15,1985,2092,4,5,23
0,25,4,1985,1862,4,6,1
0,26,15,1985,2282,4,5,77
0,27,0,0,0,0,0,0
0,28,15,1985,2282,4,5,60
0,29,12,1985,1862,4,8,181
0,30,0,0,0,0,0,0
0,31,12,1985,1862,4,8,40
0,32,6,1985,2406,4,7,5
0,33,6,1985,2406,4,7,5
0,34,4,1985,2406,4,6,51
0,35,2,1985,2406,4,14,6
0,36,2,1985,2406,4,14,6
0,37,1,1985,2406,4,16,100
0,38,1,1985,2406,4,16,100
0,39,9,1985,3058,4,9,49.8
0,40,9,1986,3058,4,3,485
0,41,14,1986,3058,4,18,58
0,42,16,1985,1918,4,3,7
0,43,11,1986,2215,4,1,11
0,44,1,1985,2445,4,16,2
1,0,0,1985,1964,4,0,370
1,1,0,1985,1964,4,0,208
1,2,0,1986,1964,4,0,62.5
1,3,0,1985,1964,4,0,6
1,4,0,1985,1964,4,0,3280
1,5,0,1985,1964,4,0,28
1,6,0,1986,1964,4,0,121.1
1,7,0,1985,1964,4,0,75
1,8,0,1986,1879,4,0,290
1,9,0,1986,1879,4,0,1124
1,10,0,1986,1879,4,0,7
1,11,0,1986,1986,4,0,62
1,12,0,1985,2033,4,0,56
1,13,0,1986,2282,4,0,1137
1,14,0,1985,2033,4,0,11
1,15,0,1985,2282,4,0,88
1,16,0,1986,1964,4,0,10
1,17,0,1985,1879,4,0,4
1,18,0,1985,1892,4,0,4
1,19,0,1985,1862,4,0,80
1,20,0,1986,2092,4,0,126
1,21,0,1985,1954,4,0,15
1,22,0,1985,1862,4,0,2
1,23,0,1986,1964,4,0,6
1,24,0,1985,2092,4,0,23
1,25,0,1985,1862,4,0,2
1,26,0,1985,2282,4,0,270
1,27,0,0,0,0,0,0
1,28,0,1985,2282,4,0,60
1,29,0,1985,2282,4,0,928
1,30,0,0,0,0,0,0
1,31,0,1985,1862,4,0,40
1,32,0,1985,2406,4,0,39
1,33,0,1985,2406,4,0,31
1,34,0,1985,2406,4,0,51
1,35,0,1985,2406,4,0,47
1,36,0,1985,2406,4,0,46
1,37,0,1986,3513,4,0,93.3
1,38,0,1985,2406,4,0,97.9
1,39,0,1985,3058,4,0,41.3
1,40,0,1986,3058,4,0,4048
1,41,0,1986,3058,4,0,58
1,42,0,1985,2606,4,0,20
1,43,0,1986,2215,4,0,97
1,44,0,1986,1970,4,0,8
2,0,0,1986,1964,4,7,27
2,1,0,1985,1964,4,17,17
2,2,0,1985,1964,4,17,65.4
2,3,0,1986,1964,4,7,1
2,4,0,1986,1964,4,8,334
2,5,0,1985,1964,4,7,3
2,6,0,1985,1964,4,7,141.5
2,7,0,1985,1964,4,7,65
2,8,0,1985,1946,4,9,31
2,9,0,1985,1946,4,7,112
2,10,0,1985,2026,4,7,1
2,11,0,1985,1946,4,7,51
2,12,0,1985,2370,4,17,5
2,13,0,1986,2033,4,8,132
2,14,0,1985,2033,4,7,2
2,15,0,1985,2033,4,7,65
2,16,0,1985,1946,4,9,2
2,17,0,1985,1946,4,7,1
2,18,0,1985,1862,4,9,1
2,19,0,1985,2092,4,9,52
2,20,0,1986,2092,4,8,14
2,21,0,1985,1918,4,7,1
2,22,0,1985,1862,4,7,1
2,23,0,1985,1862,4,7,1
2,24,0,0,0,0,0,0
2,25,0,0,0,0,0,0
2,26,0,1985,1862,4,7,27
2,27,0,0,0,0,0,0
2,28,0,1985,1862,4,17,17
2,29,0,1986,1862,4,7,190
2,30,0,0,0,0,0,0
2,31,0,1986,1862,4,7,40
2,32,0,1985,2406,4,17,4
2,33,0,1986,3513,4,8,3
2,34,0,1985,2406,4,7,53
2,35,0,1985,2406,4,7,4
2,36,0,1985,2406,4,7,4
2,37,0,1985,2406,4,7,100
2,38,0,1985,2406,4,7,100
2,39,0,1985,3058,4,17,48.6
2,40,0,1985,3058,4,9,390
2,41,0,1985,3058,4,9,57
2,42,0,1985,2606,4,17,4
2,43,0,1985,2215,4,7,8
2,44,0,1986,2441,4,8,2
3,0,0,1986,1964,4,0,650
3,1,0,1986,1964,4,0,383
3,2,0,1986,1964,4,0,58.9
3,3,0,1986,1964,4,0,9
3,4,0,1986,1964,4,0,6317
3,5,0,1986,1964,4,0,50
3,6,0,1986,1964,4,0,111.6
3,7,0,1985,1964,4,0,75
3,8,0,1986,1879,4,0,516
3,9,0,1986,1879,4,0,2162
3,10,0,1986,1879,4,0,13
3,11,0,1986,1986,4,0,62
3,12,0,1986,2033,4,0,109
3,13,0,1986,2282,4,0,2190
3,14,0,1986,2033,4,0,16
3,15,0,1985,2282,4,0,88
3,16,0,1986,1964,4,0,14
3,17,0,1985,1879,4,0,4
3,18,0,1986,1811,4,0,5
3,19,0,1986,1862,4,0,132
3,20,0,1986,2092,4,0,249
3,21,0,1986,1918,4,0,26
3,22,0,1986,1918,4,0,4
3,23,0,1986,1964,4,0,8
3,24,0,1985,2092,4,0,23
3,25,0,1986,1862,4,0,3
3,26,0,1986,1862,4,0,524
3,27,0,0,0,0,0,0
3,28,0,1985,2282,4,0,60
3,29,0,1986,2282,4,0,1563
3,30,0,0,0,0,0,0
3,31,0,1985,1862,4,0,40
3,32,0,1985,2406,4,0,39
3,33,0,1985,2406,4,0,31
3,34,0,1985,2406,4,0,51
3,35,0,1985,2406,4,0,47
3,36,0,1985,2406,4,0,46
3,37,0,1985,2406,4,0,79.5
3,38,0,1985,2406,4,0,97.9
3,39,0,1985,3058,4,0,41.3
3,40,0,1986,3058,4,0,7927
3,41,0,1986,3058,4,0,58
3,42,0,1986,2606,4,0,40
3,43,0,1986,2215,4,0,158
3,44,0,1986,1970,4,0,11
0,0,0,0,0,0,0,0
0,1,0,0,0,0,0,0
0,2,0,0,0,0,0,0
0,3,0,0,0,0,0,0
0,4,0,0,0,0,0,0
0,5,0,0,0,0,0,0
0,6,0,0,0,0,0,0
0,7,0,0,0,0,0,0
0,8,0,0,0,0,0,0
0,9,0,0,0,0,0,0
0,10,0,0,0,0,0,0
0,11,0,0,0,0,0,0
0,12,0,0,0,0,0,0
0,13,0,0,0,0,0,0
0,14,0,0,0,0,0,0
0,15,0,0,0,0,0,0
0,16,0,0,0,0,0,0
0,17,0,0,0,0,0,0
0,18,0,0,0,0,0,0
0,19,0,0,0,0,0,0
0,20,0,0,0,0,0,0
0,21,0,0,0,0,0,0
0,22,0,0,0,0,0,0
0,23,0,0,0,0,0,0
0,24,0,0,0,0,0,0
0,25,0,0,0,0,0,0
0,26,0,0,0,0,0,0
0,27,0,0,0,0,0,0
0,28,0,0,0,0,0,0
0,29,0,0,0,0,0,0
0,30,0,0,0,0,0,0
0,31,0,0,0,0,0,0
0,32,0,0,0,0,0,0
0,33,0,0,0,0,0,0
0,34,0,0,0,0,0,0
0,35,0,0,0,0,0,0
0,36,0,0,0,0,0,0
0,37,0,0,0,0,0,0
0,38,0,0,0,0,0,0
0,39,0,0,0,0,0,0
0,40,0,0,0,0,0,0
0,41,0,0,0,0,0,0
0,42,0,0,0,0,0,0
0,43,0,0,0,0,0,0
0,44,0,0,0,0,0,0
1,0,0,0,0,0,0,0
1,1,0,0,0,0,0,0
1,2,0,0,0,0,0,0
1,3,0,0,0,0,0,0
1,4,0,0,0,0,0,0
1,5,0,0,0,0,0,0
1,6,0,0,0,0,0,0
1,7,0,0,0,0,0,0
1,8,0,0,0,0,0,0
1,9,0,0,0,0,0,0
1,10,0,0,0,0,0,0
1,11,0,0,0,0,0,0
1,12,0,0,0,0,0,0
1,13,0,0,0,0,0,0
1,14,0,0,0,0,0,0
1,15,0,0,0,0,0,0
1,16,0,0,0,0,0,0
1,17,0,0,0,0,0,0
1,18,0,0,0,0,0,0
1,19,0,0,0,0,0,0
1,20,0,0,0,0,0,0
1,21,0,0,0,0,0,0
1,22,0,0,0,0,0,0
1,23,0,0,0,0,0,0
1,24,0,0,0,0,0,0
1,25,0,0,0,0,0,0
1,26,0,0,0,0,0,0
1,27,0,0,0,0,0,0
1,28,0,0,0,0,0,0
1,29,0,0,0,0,0,0
1,30,0,0,0,0,0,0
1,31,0,0,0,0,0,0
1,32,0,0,0,0,0,0
1,33,0,0,0,0,0,0
1,34,0,0,0,0,0,0
1,35,0,0,0,0,0,0
1,36,0,0,0,0,0,0
1,37,0,0,0,0,0,0
1,38,0,0,0,0,0,0
1,39,0,0,0,0,0,0
1,40,0,0,0,0,0,0
1,41,0,0,0,0,0,0
1,42,0,0,0,0,0,0
1,43,0,0,0,0,0,0
1,44,0,0,0,0,0,0
2,0,0,0,0,0,0,0
2,1,0,0,0,0,0,0
2,2,0,0,0,0,0,0
2,3,0,0,0,0,0,0
2,4,0,0,0,0,0,0
2,5,0,0,0,0,0,0
2,6,0,0,0,0,0,0
2,7,0,0,0,0,0,0
2,8,0,0,0,0,0,0
2,9,0,0,0,0,0,0
2,10,0,0,0,0,0,0
2,11,0,0,0,0,0,0
2,12,0,0,0,0,0,0
2,13,0,0,0,0,0,0
2,14,0,0,0,0,0,0
2,15,0,0,0,0,0,0
2,16,0,0,0,0,0,0
2,17,0,0,0,0,0,0
2,18,0,0,0,0,0,0
2,19,0,0,0,0,0,0
2,20,0,0,0,0,0,0
2,21,0,0,0,0,0,0
2,22,0,0,0,0,0,0
2,23,0,0,0,0,0,0
2,24,0,0,0,0,0,0
2,25,0,0,0,0,0,0
2,26,0,0,0,0,0,0
2,27,0,0,0,0,0,0
2,28,0,0,0,0,0,0
2,29,0,0,0,0,0,0
2,30,0,0,0,0,0,0
2,31,0,0,0,0,0,0
2,32,0,0,0,0,0,0
2,33,0,0,0,0,0,0
2,34,0,0,0,0,0,0
2,35,0,0,0,0,0,0
2,36,0,0,0,0,0,0
2,37,0,0,0,0,0,0
2,38,0,0,0,0,0,0
2,39,0,0,0,0,0,0
2,40,0,0,0,0,0,0
2,41,0,0,0,0,0,0
2,42,0,0,0,0,0,0
2,43,0,0,0,0,0,0
2,44,0,0,0,0,0,0
3,0,0,0,0,0,0,0
3,1,0,0,0,0,0,0
3,2,0,0,0,0,0,0
3,3,0,0,0,0,0,0
3,4,0,0,0,0,0,0
3,5,0,0,0,0,0,0
3,6,0,0,0,0,0,0
3,7,0,0,0,0,0,0
3,8,0,0,0,0,0,0
3,9,0,0,0,0,0,0
3,10,0,0,0,0,0,0
3,11,0,0,0,0,0,0
3,12,0,0,0,0,0,0
3,13,0,0,0,0,0,0
3,14,0,0,0,0,0,0
3,15,0,0,0,0,0,0
3,16,0,0,0,0,0,0
3,17,0,0,0,0,0,0
3,18,0,0,0,0,0,0
3,19,0,0,0,0,0,0
3,20,0,0,0,0,0,0
3,21,0,0,0,0,0,0
3,22,0,0,0,0,0,0
3,23,0,0,0,0,0,0
3,24,0,0,0,0,0,0
3,25,0,0,0,0,0,0
3,26,0,0,0,0,0,0
3,27,0,0,0,0,0,0
3,28,0,0,0,0,0,0
3,29,0,0,0,0,0,0
3,30,0,0,0,0,0,0
3,31,0,0,0,0,0,0
3,32,0,0,0,0,0,0
3,33,0,0,0,0,0,0
3,34,0,0,0,0,0,0
3,35,0,0,0,0,0,0
3,36,0,0,0,0,0,0
3,37,0,0,0,0,0,0
3,38,0,0,0,0,0,0
3,39,0,0,0,0,0,0
3,40,0,0,0,0,0,0
3,41,0,0,0,0,0,0
3,42,0,0,0,0,0,0
3,43,0,0,0,0,0,0
3,44,0,0,0,0,0,0
0,0,13,1986,3624,5,4,48
0,1,13,1986,3624,5,4,31
0,2,10,1985,1944,5,13,100
0,3,2,1985,1944,5,6,2
0,4,7,1986,3624,5,3,286
0,5,13,1986,3624,5,4,3
0,6,4,1985,1944,5,10,143.2
0,7,4,1985,1944,5,10,84
0,8,6,1985,1908,5,11,32
0,9,5,1986,1908,5,7,200
0,10,9,1985,1908,5,7,2
0,11,13,1985,1908,5,8,76
0,12,1,1985,1880,5,7,12
0,13,3,1986,3285,5,11,143
0,14,4,1985,1880,5,10,2
0,15,4,1985,1880,5,10,84
0,16,12,1986,3285,5,7,3
0,17,10,1986,3624,5,6,2
0,18,4,1986,1849,5,15,2
0,19,4,1985,1901,5,10,77
0,20,12,1985,1868,5,15,14
0,21,7,1985,1818,5,9,8
0,22,3,1985,1818,5,9,3
0,23,3,1985,1818,5,9,2
0,24,16,1986,1818,5,2,25
0,25,7,1985,2140,5,9,1
0,26,14,1985,2069,5,6,90
0,27,0,0,0,0,0,0
0,28,14,1985,2069,5,6,69
0,29,15,1986,1849,5,8,130
0,30,0,0,0,0,0,0
0,31,5,1986,1849,5,7,39
0,32,3,1985,2210,5,9,5
0,33,16,1986,2781,5,2,5
0,34,15,1986,2781,5,8,56
0,35,14,1985,2210,5,6,4
0,36,14,1985,2210,5,6,4
0,37,4,1985,2210,5,10,100
0,38,1,1985,2210,5,7,100
0,39,5,1986,2996,5,7,49
0,40,15,1985,2996,5,4,490
0,41,12,1985,2996,5,15,56
0,42,10,1985,1818,5,13,6
0,43,4,1985,2002,5,10,11
0,44,16,1985,2081,5,12,2
1,0,0,1986,3624,5,0,473
1,1,0,1986,3624,5,0,276
1,2,0,1985,1944,5,0,59.2
1,3,0,1985,1944,5,0,13
1,4,0,1986,3624,5,0,2953
1,5,0,1986,3624,5,0,15
1,6,0,1986,3624,5,0,80.2
1,7,0,1985,1944,5,0,84
1,8,0,1985,1908,5,0,442
1,9,0,1985,1908,5,0,1240
1,10,0,1985,1908,5,0,7
1,11,0,1985,1908,5,0,76
1,12,0,1985,1880,5,0,87
1,13,0,1986,3285,5,0,1079
1,14,0,1985,1880,5,0,5
1,15,0,1985,1880,5,0,84
1,16,0,1986,3624,5,0,7
1,17,0,1986,3624,5,0,5
1,18,0,1986,1849,5,0,3
1,19,0,1985,1901,5,0,77
1,20,0,1985,1868,5,0,122
1,21,0,1985,1818,5,0,25
1,22,0,1985,1818,5,0,10
1,23,0,1985,1818,5,0,6
1,24,0,1986,1818,5,0,25
1,25,0,1985,2140,5,0,1
1,26,0,1986,2069,5,0,370
1,27,0,0,0,0,0,0
1,28,0,1985,2069,5,0,69
1,29,0,1986,1849,5,0,937
1,30,0,0,0,0,0,0
1,31,0,1986,1849,5,0,39
1,32,0,1986,2781,5,0,35
1,33,0,1986,2781,5,0,29
1,34,0,1986,2781,5,0,56
1,35,0,1985,2210,5,0,28
1,36,0,1985,2210,5,0,27
1,37,0,1986,2781,5,0,82.9
1,38,0,0,0,0,0,0
1,39,0,1985,2996,5,0,41.4
1,40,0,1985,2996,5,0,4762
1,41,0,1985,2996,5,0,56
1,42,0,1985,1818,5,0,37
1,43,0,1985,2081,5,0,57
1,44,0,1985,2081,5,0,4
2,0,0,0,0,0,0,0
2,1,0,0,0,0,0,0
2,2,0,0,0,0,0,0
2,3,0,0,0,0,0,0
2,4,0,0,0,0,0,0
2,5,0,0,0,0,0,0
2,6,0,0,0,0,0,0
2,7,0,0,0,0,0,0
2,8,0,0,0,0,0,0
2,9,0,0,0,0,0,0
2,10,0,0,0,0,0,0
2,11,0,0,0,0,0,0
2,12,0,0,0,0,0,0
2,13,0,0,0,0,0,0
2,14,0,0,0,0,0,0
2,15,0,0,0,0,0,0
2,16,0,0,0,0,0,0
2,17,0,0,0,0,0,0
2,18,0,0,0,0,0,0
2,19,0,0,0,0,0,0
2,20,0,0,0,0,0,0
2,21,0,0,0,0,0,0
2,22,0,0,0,0,0,0
2,23,0,0,0,0,0,0
2,24,0,0,0,0,0,0
2,25,0,0,0,0,0,0
2,26,0,0,0,0,0,0
2,27,0,0,0,0,0,0
2,28,0,0,0,0,0,0
2,29,0,0,0,0,0,0
2,30,0,0,0,0,0,0
2,31,0,0,0,0,0,0
2,32,0,0,0,0,0,0
2,33,0,0,0,0,0,0
2,34,0,0,0,0,0,0
2,35,0,0,0,0,0,0
2,36,0,0,0,0,0,0
2,37,0,0,0,0,0,0
2,38,0,0,0,0,0,0
2,39,0,0,0,0,0,0
2,40,0,0,0,0,0,0
2,41,0,0,0,0,0,0
2,42,0,0,0,0,0,0
2,43,0,0,0,0,0,0
2,44,0,0,0,0,0,0
3,0,0,1986,3624,5,0,473
3,1,0,1986,3624,5,0,276
3,2,0,1985,1944,5,0,59.2
3,3,0,1985,1944,5,0,13
3,4,0,1986,3624,5,0,2953
3,5,0,1986,3624,5,0,15
3,6,0,1986,3624,5,0,80.2
3,7,0,1985,1944,5,0,84
3,8,0,1986,1908,5,0,680
3,9,0,1986,1908,5,0,2195
3,10,0,1986,1908,5,0,14
3,11,0,1985,1908,5,0,76
3,12,0,1986,1880,5,0,135
3,13,0,1986,1880,5,0,1426
3,14,0,1986,1880,5,0,8
3,15,0,1985,1880,5,0,84
3,16,0,1986,3624,5,0,7
3,17,0,1986,3624,5,0,5
3,18,0,1986,1849,5,0,3
3,19,0,1985,1901,5,0,77
3,20,0,1986,1920,5,0,199
3,21,0,1986,1818,5,0,40
3,22,0,1986,1818,5,0,13
3,23,0,1986,1818,5,0,8
3,24,0,1986,1818,5,0,28
3,25,0,1985,2140,5,0,1
3,26,0,1986,2069,5,0,666
3,27,0,0,0,0,0,0
3,28,0,1985,2069,5,0,69
3,29,0,1986,1849,5,0,937
3,30,0,0,0,0,0,0
3,31,0,1986,1849,5,0,39
3,32,0,1986,2781,5,0,35
3,33,0,1986,2781,5,0,29
3,34,0,1986,2781,5,0,56
3,35,0,1985,2210,5,0,28
3,36,0,1985,2210,5,0,27
3,37,0,1985,2210,5,0,72.7
3,38,0,0,0,0,0,0
3,39,0,1985,2996,5,0,41.4
3,40,0,1986,2996,5,0,8772
3,41,0,1985,2996,5,0,56
3,42,0,1986,1818,5,0,50
3,43,0,1986,1917,5,0,89
3,44,0,1986,1917,5,0,6
0,0,9,1986,1816,7,6,44
0,1,13,1986,1816,7,9,30
0,2,3,1986,1816,7,4,100
0,3,2,1985,1816,7,8,1
0,4,6,1986,1816,7,8,446
0,5,13,1985,1816,7,3,4
0,6,6,1986,1816,7,8,151.2
0,7,6,1986,1816,7,8,74
0,8,10,1985,1942,7,6,32
0,9,14,1985,1942,7,2,160
0,10,5,1986,1898,7,5,4
0,11,14,1985,1942,7,2,70
0,12,7,1985,1941,7,12,10
0,13,6,1986,1941,7,8,158
0,14,2,1985,1941,7,8,2
0,15,6,1986,2174,7,8,74
0,16,4,1986,3424,7,9,3
0,17,4,1986,3424,7,9,2
0,18,1,1985,2025,7,5,1
0,19,11,1985,1939,7,8,50
0,20,2,1986,3369,7,6,15
0,21,1,1986,3369,7,1,2
0,22,12,1986,2144,7,5,3
0,23,7,1985,1965,7,12,2
0,24,9,1985,2144,7,5,34
0,25,1,1985,2025,7,5,1
0,26,5,1986,1898,7,5,91
0,27,0,0,0,0,0,0
0,28,5,1986,1898,7,5,73
0,29,14,1986,1898,7,12,155
0,30,14,1986,1898,7,12,1
0,31,14,1986,1898,7,12,98
0,32,3,1985,2209,7,6,7
0,33,3,1985,2209,7,6,6
0,34,7,1986,2406,7,8,49
0,35,8,1986,2406,7,10,6
0,36,8,1986,2406,7,10,6
0,37,1,1985,2209,7,5,100
0,38,2,1985,2209,7,8,100
0,39,16,1986,2277,7,1,54.7
0,40,15,1986,2277,7,11,387
0,41,7,1986,2277,7,8,63
0,42,2,1986,2266,7,6,5
0,43,3,1985,1933,7,6,9
0,44,8,1985,2043,7,1,2
1,0,0,1985,1816,7,0,489
1,1,0,1985,1816,7,0,336
1,2,0,1986,1816,7,0,72.2
1,3,0,1986,1816,7,0,4
1,4,0,1985,1816,7,0,3708
1,5,0,1986,1816,7,0,32
1,6,0,1986,1816,7,0,119.8
1,7,0,1986,1816,7,0,74
1,8,0,1985,1942,7,0,260
1,9,0,1985,1942,7,0,1095
1,10,0,1986,1898,7,0,11
1,11,0,1985,1942,7,0,70
1,12,0,1986,1941,7,0,92
1,13,0,1986,1941,7,0,1222
1,14,0,1986,1941,7,0,11
1,15,0,1986,2174,7,0,74
1,16,0,1985,1816,7,0,4
1,17,0,1985,1816,7,0,2
1,18,0,1985,2025,7,0,3
1,19,0,1985,1939,7,0,59
1,20,0,1986,2266,7,0,111
1,21,0,1986,2089,7,0,5
1,22,0,1986,2144,7,0,5
1,23,0,1985,2176,7,0,2
1,24,0,1985,2144,7,0,34
1,25,0,1985,2025,7,0,1
1,26,0,1986,1898,7,0,321
1,27,0,0,0,0,0,0
1,28,0,1986,1898,7,0,73
1,29,0,1985,1939,7,0,765
1,30,0,1986,1898,7,0,1
1,31,0,1986,1898,7,0,98
1,32,0,1986,2406,7,0,36
1,33,0,1986,2406,7,0,27
1,34,0,1986,2406,7,0,49
1,35,0,1986,2406,7,0,57
1,36,0,1986,2406,7,0,57
1,37,0,1985,2209,7,0,78.8
1,38,0,1986,2406,7,0,100
1,39,0,1985,2277,7,0,44.4
1,40,0,1985,2277,7,0,3595
1,41,0,1986,2277,7,0,63
1,42,0,1985,2266,7,0,26
1,43,0,1986,1933,7,0,75
1,44,0,1985,1969,7,0,4
2,0,0,1986,1816,7,14,40
2,1,0,1985,1816,7,4,25
2,2,0,1985,1816,7,4,65.8
2,3,0,0,0,0,0,0
2,4,0,1986,1816,7,9,329
2,5,0,1986,1816,7,9,4
2,6,0,1986,1816,7,9,139.2
2,7,0,1986,1816,7,9,75
2,8,0,1986,1898,7,4,17
2,9,0,1986,1898,7,14,83
2,10,0,1986,1942,7,4,2
2,11,0,1986,1898,7,14,41
2,12,0,1986,1941,7,14,8
2,13,0,1986,1941,7,9,192
2,14,0,1986,1941,7,9,2
2,15,0,1986,1941,7,9,75
2,16,0,1985,1816,7,4,1
2,17,0,1985,1941,7,4,1
2,18,0,1986,2025,7,9,1
2,19,0,1986,2550,7,4,6
2,20,0,1986,3369,7,14,10
2,21,0,1985,2089,7,4,1
2,22,0,1985,2201,7,4,1
2,23,0,1985,1816,7,4,1
2,24,0,1986,2343,7,14,9
2,25,0,0,0,0,0,0
2,26,0,1986,1898,7,14,35
2,27,0,0,0,0,0,0
2,28,0,1986,1898,7,4,14
2,29,0,1985,1941,7,4,68
2,30,0,0,0,0,0,0
2,31,0,1985,1941,7,4,35
2,32,0,1986,2406,7,4,5
2,33,0,1986,2406,7,4,5
2,34,0,1986,2406,7,4,50
2,35,0,1986,2406,7,9,5
2,36,0,1986,2406,7,9,5
2,37,0,1985,2209,7,4,100
2,38,0,1985,2209,7,4,100
2,39,0,1985,2277,7,4,51
2,40,0,1985,2277,7,4,255
2,41,0,1986,2277,7,14,59
2,42,0,1986,2195,7,4,2
2,43,0,1985,1969,7,4,7
2,44,0,1986,1969,7,4,1
3,0,0,1986,1816,7,0,914
3,1,0,1986,1816,7,0,643
3,2,0,1986,1816,7,0,70.4
3,3,0,1986,1816,7,0,6
3,4,0,1986,1816,7,0,7415
3,5,0,1986,1816,7,0,63
3,6,0,1986,1816,7,0,114.8
3,7,0,1986,1816,7,0,74
3,8,0,1986,1942,7,0,370
3,9,0,1986,1942,7,0,1640
3,10,0,1986,1898,7,0,15
3,11,0,1985,1942,7,0,70
3,12,0,1986,1941,7,0,160
3,13,0,1986,1943,7,0,2167
3,14,0,1986,1941,7,0,21
3,15,0,1986,2174,7,0,74
3,16,0,1986,1816,7,0,6
3,17,0,1986,1816,7,0,3
3,18,0,1986,2025,7,0,5
3,19,0,1985,1939,7,0,59
3,20,0,1986,2266,7,0,212
3,21,0,1986,2089,7,0,9
3,22,0,1986,2144,7,0,6
3,23,0,1986,1942,7,0,3
3,24,0,1986,2144,7,0,68
3,25,0,1985,2025,7,0,1
3,26,0,1986,1898,7,0,321
3,27,0,0,0,0,0,0
3,28,0,1986,1898,7,0,73
3,29,0,1986,1942,7,0,786
3,30,0,1986,1898,7,0,1
3,31,0,1986,1898,7,0,98
3,32,0,1986,2406,7,0,36
3,33,0,1986,2406,7,0,27
3,34,0,1986,2406,7,0,49
3,35,0,1986,2406,7,0,57
3,36,0,1986,2406,7,0,57
3,37,0,1985,2209,7,0,78.8
3,38,0,1986,2406,7,0,100
3,39,0,1985,2277,7,0,44.4
3,40,0,1986,2277,7,0,6277
3,41,0,1986,2277,7,0,63
3,42,0,1986,2266,7,0,52
3,43,0,1986,1969,7,0,137
3,44,0,1986,1969,7,0,8
0,0,13,1986,1832,2,16,43
0,1,13,1986,1832,2,16,29
0,2,2,1986,3543,2,8,100
0,3,10,1985,1888,2,9,2
0,4,5,1985,1888,2,4,299
0,5,11,1986,1888,2,15,4
0,6,14,1986,1888,2,3,154.7
0,7,14,1986,1888,2,3,79
0,8,6,1986,1911,2,17,27
0,9,3,1985,1996,2,8,148
0,10,1,1986,3557,2,13,2
0,11,12,1985,1911,2,3,52
0,12,13,1986,1822,2,16,9
0,13,14,1986,1822,2,3,172
0,14,5,1985,2368,2,4,2
0,15,14,1986,1913,2,3,79
0,16,16,1986,1832,2,5,3
0,17,16,1986,1832,2,5,2
0,18,2,1985,2152,2,17,1
0,19,11,1986,2152,2,15,62
0,20,2,1985,2261,2,17,15
0,21,11,1985,2139,2,4,2
0,22,1,1985,2152,2,18,1
0,23,1,1985,2152,2,18,1
0,24,4,1986,3549,2,3,16
0,25,2,1985,2152,2,17,1
0,26,5,1986,1913,2,6,113
0,27,0,0,0,0,0,0
0,28,10,1985,1913,2,9,84
0,29,10,1986,1822,2,7,180
0,30,0,0,0,0,0,0
0,31,8,1985,1822,2,5,55
0,32,5,1986,2483,2,6,5
0,33,5,1986,2483,2,6,4
0,34,2,1986,2483,2,8,50
0,35,14,1986,2483,2,3,6
0,36,14,1986,2483,2,3,6
0,37,7,1985,2483,2,3,100
0,38,1,1985,2483,2,18,100
0,39,4,1985,2570,2,14,53.7
0,40,2,1985,2570,2,17,432
0,41,2,1985,2570,2,17,62
0,42,4,1985,2261,2,14,6
0,43,13,1986,1931,2,16,13
0,44,11,1985,2671,2,4,2
1,0,0,1985,1888,2,0,396
1,1,0,1985,1888,2,0,252
1,2,0,1986,1832,2,0,66.7
1,3,0,1985,1888,2,0,7
1,4,0,1985,1888,2,0,2721
1,5,0,1985,1888,2,0,19
1,6,0,1986,1832,2,0,103.8
1,7,0,1986,1888,2,0,79
1,8,0,1986,1911,2,0,290
1,9,0,1986,1911,2,0,1062
1,10,0,1985,1911,2,0,8
1,11,0,1985,1911,2,0,52
1,12,0,1985,1822,2,0,69
1,13,0,1985,1822,2,0,893
1,14,0,1985,2368,2,0,7
1,15,0,1986,1913,2,0,79
1,16,0,1986,1832,2,0,7
1,17,0,1986,1832,2,0,5
1,18,0,1986,2152,2,0,5
1,19,0,1986,2152,2,0,104
1,20,0,1986,3585,2,0,143
1,21,0,1986,2138,2,0,6
1,22,0,1986,2152,2,0,4
1,23,0,1985,2368,2,0,2
1,24,0,1986,3549,2,0,16
1,25,0,1985,2152,2,0,1
1,26,0,1986,1913,2,0,297
1,27,0,0,0,0,0,0
1,28,0,1985,1913,2,0,84
1,29,0,1985,1822,2,0,845
1,30,0,0,0,0,0,0
1,31,0,1985,1822,2,0,55
1,32,0,1985,2483,2,0,31
1,33,0,1986,2483,2,0,21
1,34,0,1986,2483,2,0,50
1,35,0,1986,2483,2,0,34
1,36,0,1986,2483,2,0,34
1,37,0,1986,2483,2,0,84
1,38,0,1985,2483,2,0,100
1,39,0,1985,2570,2,0,44.7
1,40,0,1986,2570,2,0,4476
1,41,0,1985,2570,2,0,62
1,42,0,1985,2261,2,0,17
1,43,0,1986,1931,2,0,86
1,44,0,1985,2241,2,0,4
2,0,0,0,0,0,0,0
2,1,0,0,0,0,0,0
2,2,0,0,0,0,0,0
2,3,0,0,0,0,0,0
2,4,0,0,0,0,0,0
2,5,0,0,0,0,0,0
2,6,0,0,0,0,0,0
2,7,0,0,0,0,0,0
2,8,0,0,0,0,0,0
2,9,0,0,0,0,0,0
2,10,0,0,0,0,0,0
2,11,0,0,0,0,0,0
2,12,0,0,0,0,0,0
2,13,0,0,0,0,0,0
2,14,0,0,0,0,0,0
2,15,0,0,0,0,0,0
2,16,0,0,0,0,0,0
2,17,0,0,0,0,0,0
2,18,0,0,0,0,0,0
2,19,0,0,0,0,0,0
2,20,0,0,0,0,0,0
2,21,0,0,0,0,0,0
2,22,0,0,0,0,0,0
2,23,0,0,0,0,0,0
2,24,0,0,0,0,0,0
2,25,0,0,0,0,0,0
2,26,0,0,0,0,0,0
2,27,0,0,0,0,0,0
2,28,0,0,0,0,0,0
2,29,0,0,0,0,0,0
2,30,0,0,0,0,0,0
2,31,0,0,0,0,0,0
2,32,0,0,0,0,0,0
2,33,0,0,0,0,0,0
2,34,0,0,0,0,0,0
2,35,0,0,0,0,0,0
2,36,0,0,0,0,0,0
2,37,0,0,0,0,0,0
2,38,0,0,0,0,0,0
2,39,0,0,0,0,0,0
2,40,0,0,0,0,0,0
2,41,0,0,0,0,0,0
2,42,0,0,0,0,0,0
2,43,0,0,0,0,0,0
2,44,0,0,0,0,0,0
3,0,0,1986,1888,2,0,621
3,1,0,1986,1888,2,0,398
3,2,0,1986,1832,2,0,66.7
3,3,0,1986,1888,2,0,11
3,4,0,1986,1888,2,0,4443
3,5,0,1986,1888,2,0,31
3,6,0,1986,1832,2,0,103.8
3,7,0,1986,1888,2,0,79
3,8,0,1986,1911,2,0,483
3,9,0,1986,1911,2,0,1797
3,10,0,1986,1911,2,0,10
3,11,0,1985,1911,2,0,52
3,12,0,1986,1822,2,0,125
3,13,0,1986,1822,2,0,1644
3,14,0,1986,2368,2,0,12
3,15,0,1986,1913,2,0,79
3,16,0,1986,1832,2,0,7
3,17,0,1986,1832,2,0,5
3,18,0,1986,2152,2,0,8
3,19,0,1986,2152,2,0,162
3,20,0,1986,2220,2,0,184
3,21,0,1986,2138,2,0,9
3,22,0,1986,2152,2,0,7
3,23,0,1986,2368,2,0,4
3,24,0,1986,2220,2,0,20
3,25,0,1985,2152,2,0,1
3,26,0,1986,1913,2,0,495
3,27,0,0,0,0,0,0
3,28,0,1985,1913,2,0,84
3,29,0,1986,1822,2,0,1221
3,30,0,0,0,0,0,0
3,31,0,1985,1822,2,0,55
3,32,0,1986,2483,2,0,56
3,33,0,1986,2483,2,0,41
3,34,0,1986,2483,2,0,50
3,35,0,1986,2483,2,0,67
3,36,0,1986,2483,2,0,67
3,37,0,1986,2483,2,0,73.2
3,38,0,1985,2483,2,0,100
3,39,0,1985,2570,2,0,44.7
3,40,0,1986,2570,2,0,8497
3,41,0,1985,2570,2,0,62
3,42,0,1986,2261,2,0,24
3,43,0,1986,1931,2,0,137
3,44,0,1985,2241,2,0,4
0,0,0,0,0,0,0,0
0,1,0,0,0,0,0,0
0,2,0,0,0,0,0,0
0,3,0,0,0,0,0,0
0,4,0,0,0,0,0,0
0,5,0,0,0,0,0,0
0,6,0,0,0,0,0,0
0,7,0,0,0,0,0,0
0,8,0,0,0,0,0,0
0,9,0,0,0,0,0,0
0,10,0,0,0,0,0,0
0,11,0,0,0,0,0,0
0,12,0,0,0,0,0,0
0,13,0,0,0,0,0,0
0,14,0,0,0,0,0,0
0,15,0,0,0,0,0,0
0,16,0,0,0,0,0,0
0,17,0,0,0,0,0,0
0,18,0,0,0,0,0,0
0,19,0,0,0,0,0,0
0,20,0,0,0,0,0,0
0,21,0,0,0,0,0,0
0,22,0,0,0,0,0,0
0,23,0,0,0,0,0,0
0,24,0,0,0,0,0,0
0,25,0,0,0,0,0,0
0,26,0,0,0,0,0,0
0,27,0,0,0,0,0,0
0,28,0,0,0,0,0,0
0,29,0,0,0,0,0,0
0,30,0,0,0,0,0,0
0,31,0,0,0,0,0,0
0,32,0,0,0,0,0,0
0,33,0,0,0,0,0,0
0,34,0,0,0,0,0,0
0,35,0,0,0,0,0,0
0,36,0,0,0,0,0,0
0,37,0,0,0,0,0,0
0,38,0,0,0,0,0,0
0,39,0,0,0,0,0,0
0,40,0,0,0,0,0,0
0,41,0,0,0,0,0,0
0,42,0,0,0,0,0,0
0,43,0,0,0,0,0,0
0,44,0,0,0,0,0,0
1,0,0,0,0,0,0,0
1,1,0,0,0,0,0,0
1,2,0,0,0,0,0,0
1,3,0,0,0,0,0,0
1,4,0,0,0,0,0,0
1,5,0,0,0,0,0,0
1,6,0,0,0,0,0,0
1,7,0,0,0,0,0,0
1,8,0,0,0,0,0,0
1,9,0,0,0,0,0,0
1,10,0,0,0,0,0,0
1,11,0,0,0,0,0,0
1,12,0,0,0,0,0,0
1,13,0,0,0,0,0,0
1,14,0,0,0,0,0,0
1,15,0,0,0,0,0,0
1,16,0,0,0,0,0,0
1,17,0,0,0,0,0,0
1,18,0,0,0,0,0,0
1,19,0,0,0,0,0,0
1,20,0,0,0,0,0,0
1,21,0,0,0,0,0,0
1,22,0,0,0,0,0,0
1,23,0,0,0,0,0,0
1,24,0,0,0,0,0,0
1,25,0,0,0,0,0,0
1,26,0,0,0,0,0,0
1,27,0,0,0,0,0,0
1,28,0,0,0,0,0,0
1,29,0,0,0,0,0,0
1,30,0,0,0,0,0,0
1,31,0,0,0,0,0,0
1,32,0,0,0,0,0,0
1,33,0,0,0,0,0,0
1,34,0,0,0,0,0,0
1,35,0,0,0,0,0,0
1,36,0,0,0,0,0,0
1,37,0,0,0,0,0,0
1,38,0,0,0,0,0,0
1,39,0,0,0,0,0,0
1,40,0,0,0,0,0,0
1,41,0,0,0,0,0,0
1,42,0,0,0,0,0,0
1,43,0,0,0,0,0,0
1,44,0,0,0,0,0,0
2,0,0,0,0,0,0,0
2,1,0,0,0,0,0,0
2,2,0,0,0,0,0,0
2,3,0,0,0,0,0,0
2,4,0,0,0,0,0,0
2,5,0,0,0,0,0,0
2,6,0,0,0,0,0,0
2,7,0,0,0,0,0,0
2,8,0,0,0,0,0,0
2,9,0,0,0,0,0,0
2,10,0,0,0,0,0,0
2,11,0,0,0,0,0,0
2,12,0,0,0,0,0,0
2,13,0,0,0,0,0,0
2,14,0,0,0,0,0,0
2,15,0,0,0,0,0,0
2,16,0,0,0,0,0,0
2,17,0,0,0,0,0,0
2,18,0,0,0,0,0,0
2,19,0,0,0,0,0,0
2,20,0,0,0,0,0,0
2,21,0,0,0,0,0,0
2,22,0,0,0,0,0,0
2,23,0,0,0,0,0,0
2,24,0,0,0,0,0,0
2,25,0,0,0,0,0,0
2,26,0,0,0,0,0,0
2,27,0,0,0,0,0,0
2,28,0,0,0,0,0,0
2,29,0,0,0,0,0,0
2,30,0,0,0,0,0,0
2,31,0,0,0,0,0,0
2,32,0,0,0,0,0,0
2,33,0,0,0,0,0,0
2,34,0,0,0,0,0,0
2,35,0,0,0,0,0,0
2,36,0,0,0,0,0,0
2,37,0,0,0,0,0,0
2,38,0,0,0,0,0,0
2,39,0,0,0,0,0,0
2,40,0,0,0,0,0,0
2,41,0,0,0,0,0,0
2,42,0,0,0,0,0,0
2,43,0,0,0,0,0,0
2,44,0,0,0,0,0,0
3,0,0,0,0,0,0,0
3,1,0,0,0,0,0,0
3,2,0,0,0,0,0,0
3,3,0,0,0,0,0,0
3,4,0,0,0,0,0,0
3,5,0,0,0,0,0,0
3,6,0,0,0,0,0,0
3,7,0,0,0,0,0,0
3,8,0,0,0,0,0,0
3,9,0,0,0,0,0,0
3,10,0,0,0,0,0,0
3,11,0,0,0,0,0,0
3,12,0,0,0,0,0,0
3,13,0,0,0,0,0,0
3,14,0,0,0,0,0,0
3,15,0,0,0,0,0,0
3,16,0,0,0,0,0,0
3,17,0,0,0,0,0,0
3,18,0,0,0,0,0,0
3,19,0,0,0,0,0,0
3,20,0,0,0,0,0,0
3,21,0,0,0,0,0,0
3,22,0,0,0,0,0,0
3,23,0,0,0,0,0,0
3,24,0,0,0,0,0,0
3,25,0,0,0,0,0,0
3,26,0,0,0,0,0,0
3,27,0,0,0,0,0,0
3,28,0,0,0,0,0,0
3,29,0,0,0,0,0,0
3,30,0,0,0,0,0,0
3,31,0,0,0,0,0,0
3,32,0,0,0,0,0,0
3,33,0,0,0,0,0,0
3,34,0,0,0,0,0,0
3,35,0,0,0,0,0,0
3,36,0,0,0,0,0,0
3,37,0,0,0,0,0,0
3,38,0,0,0,0,0,0
3,39,0,0,0,0,0,0
3,40,0,0,0,0,0,0
3,41,0,0,0,0,0,0
3,42,0,0,0,0,0,0
3,43,0,0,0,0,0,0
3,44,0,0,0,0,0,0
0,0,2,1986,1869,9,5,41
0,1,5,1986,1869,9,4,28
0,2,1,1986,1869,9,12,80.8
0,3,5,1985,1869,9,6,2
0,4,11,1985,2355,9,13,312
0,5,11,1985,2355,9,13,4
0,6,11,1985,2355,9,13,149.4
0,7,3,1985,1869,9,5,52
0,8,6,1986,1833,9,1,22
0,9,2,1985,1833,9,1,229
0,10,8,1985,1833,9,10,3
0,11,2,1985,1833,9,1,75
0,12,14,1986,2108,9,5,10
0,13,15,1985,2108,9,7,135
0,14,10,1985,2108,9,2,2
0,15,3,1985,2298,9,5,52
0,16,3,1985,1869,9,5,2
0,17,3,1985,2355,9,5,2
0,18,10,1985,2341,9,2,2
0,19,11,1986,2143,9,6,64
0,20,8,1985,2019,9,10,15
0,21,8,1985,2019,9,10,2
0,22,5,1985,2205,9,6,2
0,23,8,1985,2044,9,10,2
0,24,8,1986,2205,9,8,17
0,25,5,1985,2019,9,6,1
0,26,15,1986,2703,9,6,101
0,27,15,1986,2703,9,6,1
0,28,1,1985,1833,9,8,76
0,29,5,1986,2108,9,4,119
0,30,0,0,0,0,0,0
0,31,2,1986,2108,9,5,37
0,32,2,1985,2634,9,1,5
0,33,2,1985,2634,9,1,4
0,34,1,1985,2634,9,8,56
0,35,8,1985,2634,9,10,5
0,36,8,1985,2634,9,10,5
0,37,5,1985,2634,9,6,100
0,38,1,1985,2634,9,8,100
0,39,11,1985,2936,9,13,51.5
0,40,8,1985,2936,9,10,384
0,41,8,1985,2936,9,10,59
0,42,8,1985,2019,9,10,7
0,43,1,1985,1845,9,8,12
0,44,6,1985,2189,9,12,3
1,0,0,1986,1869,9,0,497
1,1,0,1986,1869,9,0,334
1,2,0,1985,1869,9,0,67.6
1,3,0,1986,1869,9,0,9
1,4,0,1986,1869,9,0,3354
1,5,0,1986,1869,9,0,23
1,6,0,1985,2355,9,0,114.4
1,7,0,1985,1869,9,0,52
1,8,0,1985,1833,9,0,239
1,9,0,1985,1833,9,0,1170
1,10,0,1985,1833,9,0,10
1,11,0,1985,1833,9,0,75
1,12,0,1986,2108,9,0,96
1,13,0,1986,2108,9,0,1086
1,14,0,1986,3318,9,0,8
1,15,0,1985,2108,9,0,52
1,16,0,1985,1869,9,0,13
1,17,0,1985,1869,9,0,7
1,18,0,1985,1957,9,0,4
1,19,0,1986,2143,9,0,82
1,20,0,1985,2019,9,0,145
1,21,0,1986,2258,9,0,8
1,22,0,1985,2341,9,0,4
1,23,0,1986,1869,9,0,5
1,24,0,1986,2205,9,0,17
1,25,0,1985,2019,9,0,1
1,26,0,1986,2703,9,0,353
1,27,0,1986,2703,9,0,1
1,28,0,1985,1833,9,0,76
1,29,0,1986,2703,9,0,824
1,30,0,0,0,0,0,0
1,31,0,1986,2108,9,0,37
1,32,0,1986,2934,9,0,37
1,33,0,1986,2934,9,0,27
1,34,0,1985,2634,9,0,56
1,35,0,1986,2934,9,0,42
1,36,0,1986,2934,9,0,40
1,37,0,1986,2934,9,0,73
1,38,0,1985,2634,9,0,97.5
1,39,0,1985,2936,9,0,43.7
1,40,0,1985,2936,9,0,3451
1,41,0,1985,2936,9,0,59
1,42,0,1985,2019,9,0,28
1,43,0,1986,1845,9,0,99
1,44,0,1985,2189,9,0,9
2,0,0,1985,1869,9,4,41
2,1,0,1986,1869,9,7,26
2,2,0,1986,1869,9,7,70.3
2,3,0,1985,1869,9,4,3
2,4,0,1986,1869,9,7,245
2,5,0,1986,1869,9,7,1
2,6,0,1986,2355,9,7,102.1
2,7,0,1986,1869,9,7,47
2,8,0,1985,1833,9,1,21
2,9,0,1985,1833,9,4,82
2,10,0,1985,1869,9,1,1
2,11,0,1986,1869,9,7,21
2,12,0,1985,2237,9,4,8
2,13,0,1985,2237,9,4,82
2,14,0,1986,2108,9,7,1
2,15,0,1986,2237,9,7,47
2,16,0,1985,1869,9,4,1
2,17,0,0,0,0,0,0
2,18,0,1985,2019,9,1,1
2,19,0,1985,2341,9,1,4
2,20,0,1985,1863,9,4,14
2,21,0,1985,2014,9,1,1
2,22,0,1985,2143,9,1,1
2,23,0,1985,2143,9,1,1
2,24,0,1985,2258,9,4,1
2,25,0,0,0,0,0,0
2,26,0,1985,1833,9,4,3
2,27,0,0,0,0,0,0
2,28,0,1985,1833,9,4,7
2,29,0,1986,2703,9,7,104
2,30,0,0,0,0,0,0
2,31,0,1986,2108,9,7,37
2,32,0,1985,2634,9,1,3
2,33,0,1985,2634,9,1,2
2,34,0,1985,2634,9,4,44
2,35,0,1986,2934,9,7,2
2,36,0,1986,2934,9,7,2
2,37,0,1985,2634,9,1,66.7
2,38,0,1985,2634,9,1,100
2,39,0,1985,2936,9,4,41.4
2,40,0,1985,2936,9,4,331
2,41,0,1985,2936,9,4,57
2,42,0,1985,2019,9,1,3
2,43,0,1986,1845,9,7,8
2,44,0,1985,2189,9,1,1
3,0,0,1986,1869,9,0,803
3,1,0,1986,1869,9,0,541
3,2,0,1985,1869,9,0,67.6
3,3,0,1986,1869,9,0,14
3,4,0,1986,1869,9,0,5900
3,5,0,1986,1869,9,0,40
3,6,0,1985,2355,9,0,114.4
3,7,0,1985,1869,9,0,52
3,8,0,1986,1833,9,0,475
3,9,0,1986,1833,9,0,2326
3,10,0,1986,1833,9,0,16
3,11,0,1985,1833,9,0,75
3,12,0,1986,2108,9,0,176
3,13,0,1986,2108,9,0,2066
3,14,0,1986,2108,9,0,10
3,15,0,1985,2108,9,0,52
3,16,0,1986,1869,9,0,22
3,17,0,1986,1869,9,0,11
3,18,0,1986,1957,9,0,5
3,19,0,1986,1957,9,0,87
3,20,0,1986,2258,9,0,248
3,21,0,1986,2019,9,0,9
3,22,0,1986,2341,9,0,8
3,23,0,1986,1869,9,0,5
3,24,0,1986,2205,9,0,21
3,25,0,1985,2019,9,0,1
3,26,0,1986,2703,9,0,353
3,27,0,1986,2703,9,0,1
3,28,0,1985,1833,9,0,76
3,29,0,1986,2703,9,0,824
3,30,0,0,0,0,0,0
3,31,0,1986,2108,9,0,37
3,32,0,1986,2934,9,0,37
3,33,0,1986,2934,9,0,27
3,34,0,1985,2634,9,0,56
3,35,0,1986,2934,9,0,42
3,36,0,1986,2934,9,0,40
3,37,0,1985,2634,9,0,66.7
3,38,0,1985,2634,9,0,97.5
3,39,0,1985,2936,9,0,43.7
3,40,0,1986,2936,9,0,6803
3,41,0,1985,2936,9,0,59
3,42,0,1986,2258,9,0,56
3,43,0,1986,1845,9,0,185
3,44,0,1986,2375,9,0,12
0,0,9,1986,1819,8,1,44
0,1,16,1985,1819,8,9,31
0,2,6,1986,1819,8,7,92
0,3,1,1985,1819,8,9,2
0,4,15,1986,1819,8,5,397
0,5,3,1986,1819,8,10,4
0,6,6,1986,1819,8,7,158.3
0,7,10,1985,1819,8,1,66
0,8,11,1986,2077,8,5,24
0,9,2,1985,1894,8,7,150
0,10,6,1986,2077,8,7,2
0,11,2,1986,3621,8,2,41
0,12,4,1985,1870,8,3,10
0,13,10,1986,1855,8,12,141
0,14,4,1986,1855,8,4,2
0,15,10,1985,1870,8,1,66
0,16,16,1985,2158,8,9,2
0,17,2,1985,1894,8,7,1
0,18,1,1985,1992,8,9,1
0,19,13,1985,2267,8,5,60
0,20,13,1986,3307,8,6,13
0,21,3,1986,2553,8,10,2
0,22,7,1985,1992,8,13,2
0,23,1,1985,1870,8,9,1
0,24,5,1986,2136,8,11,16
0,25,13,1985,2267,8,5,1
0,26,4,1986,2267,8,4,73
0,27,0,0,0,0,0,0
0,28,5,1985,1870,8,5,71
0,29,12,1986,1870,8,9,172
0,30,7,1986,2267,8,7,1
0,31,7,1986,2267,8,7,103
0,32,5,1986,2345,8,11,5
0,33,10,1986,2345,8,12,5
0,34,9,1986,2345,8,1,53
0,35,15,1986,2345,8,5,6
0,36,15,1986,2345,8,5,6
0,37,1,1985,2345,8,9,100
0,38,2,1985,2345,8,7,100
0,39,15,1986,2278,8,5,51
0,40,9,1985,2278,8,11,394
0,41,13,1985,2278,8,5,63
0,42,6,1985,2090,8,10,4
0,43,2,1985,1930,8,7,10
0,44,1,1986,2004,8,10,2
1,0,0,1986,1819,8,0,503
1,1,0,1986,1819,8,0,355
1,2,0,1986,1819,8,0,70.6
1,3,0,1985,1819,8,0,11
1,4,0,1986,1819,8,0,4294
1,5,0,1986,1819,8,0,34
1,6,0,1986,1819,8,0,110.7
1,7,0,1985,1819,8,0,66
1,8,0,1985,1894,8,0,188
1,9,0,1985,1894,8,0,816
1,10,0,1986,2077,8,0,9
1,11,0,1986,3621,8,0,41
1,12,0,1985,1870,8,0,111
1,13,0,1986,1870,8,0,1249
1,14,0,1986,1855,8,0,12
1,15,0,1985,1870,8,0,66
1,16,0,1986,1819,8,0,9
1,17,0,1986,1819,8,0,4
1,18,0,1986,2207,8,0,3
1,19,0,1986,3307,8,0,65
1,20,0,1986,3307,8,0,139
1,21,0,1985,2136,8,0,5
1,22,0,1985,1992,8,0,2
1,23,0,1986,2164,8,0,3
1,24,0,1986,2136,8,0,16
1,25,0,1985,2267,8,0,1
1,26,0,1986,2267,8,0,213
1,27,0,0,0,0,0,0
1,28,0,1985,1870,8,0,71
1,29,0,1986,1870,8,0,1177
1,30,0,1986,2267,8,0,1
1,31,0,1986,2267,8,0,103
1,32,0,1986,2345,8,0,35
1,33,0,1986,2345,8,0,30
1,34,0,1986,2345,8,0,53
1,35,0,1986,2345,8,0,49
1,36,0,1986,2345,8,0,49
1,37,0,1986,2345,8,0,85.7
1,38,0,1986,2345,8,0,100
1,39,0,1985,2278,8,0,43.8
1,40,0,1985,2278,8,0,3420
1,41,0,1985,2278,8,0,63
1,42,0,1986,3307,8,0,16
1,43,0,1985,1930,8,0,80
1,44,0,1985,2004,8,0,3
2,0,0,1986,1993,8,4,29
2,1,0,1986,1993,8,4,19
2,2,0,1986,1819,8,4,75
2,3,0,1986,1993,8,4,2
2,4,0,1986,1993,8,4,137
2,5,0,1986,1993,8,4,2
2,6,0,1986,1819,8,4,108.3
2,7,0,1986,1819,8,4,33
2,8,0,1986,2077,8,4,10
2,9,0,1986,3621,8,4,47
2,10,0,1986,1894,8,4,1
2,11,0,1986,3621,8,4,18
2,12,0,1986,1883,8,4,8
2,13,0,1986,2164,8,4,73
2,14,0,1986,1855,8,4,1
2,15,0,1986,2164,8,4,33
2,16,0,1986,1993,8,4,1
2,17,0,0,0,0,0,0
2,18,0,0,0,0,0,0
2,19,0,0,0,0,0,0
2,20,0,1986,2094,8,4,8
2,21,0,1986,2325,8,4,2
2,22,0,1986,2545,8,4,1
2,23,0,1986,1993,8,4,1
2,24,0,0,0,0,0,0
2,25,0,0,0,0,0,0
2,26,0,1986,2267,8,4,67
2,27,0,0,0,0,0,0
2,28,0,1986,2267,8,4,43
2,29,0,1986,1870,8,4,83
2,30,0,0,0,0,0,0
2,31,0,1986,1870,8,4,37
2,32,0,1986,2345,8,4,3
2,33,0,1986,2345,8,4,2
2,34,0,1986,2345,8,4,48
2,35,0,1986,2345,8,4,3
2,36,0,1986,2345,8,4,3
2,37,0,1986,2345,8,4,66.7
2,38,0,1986,2345,8,4,100
2,39,0,1986,2278,8,4,46.1
2,40,0,1986,2278,8,4,323
2,41,0,1986,2278,8,4,54
2,42,0,1986,3301,8,4,5
2,43,0,1986,2450,8,4,6
2,44,0,1986,2302,8,4,1
3,0,0,1986,1819,8,0,959
3,1,0,1986,1819,8,0,676
3,2,0,1986,1819,8,0,70.5
3,3,0,1986,1819,8,0,21
3,4,0,1986,1819,8,0,7748
3,5,0,1986,1819,8,0,58
3,6,0,1986,1819,8,0,105.5
3,7,0,1985,1819,8,0,66
3,8,0,1986,2077,8,0,311
3,9,0,1986,2077,8,0,1016
3,10,0,1986,2077,8,0,15
3,11,0,1986,3621,8,0,41
3,12,0,1986,1870,8,0,197
3,13,0,1986,1870,8,0,2480
3,14,0,1986,1855,8,0,18
3,15,0,1985,1870,8,0,66
3,16,0,1986,1819,8,0,14
3,17,0,1986,1819,8,0,7
3,18,0,1986,2207,8,0,4
3,19,0,1986,3307,8,0,65
3,20,0,1986,2094,8,0,167
3,21,0,1986,2136,8,0,8
3,22,0,1986,2269,8,0,3
3,23,0,1986,1819,8,0,3
3,24,0,1986,2136,8,0,16
3,25,0,1985,2267,8,0,1
3,26,0,1986,2267,8,0,219
3,27,0,0,0,0,0,0
3,28,0,1985,1870,8,0,71
3,29,0,1986,1870,8,0,1925
3,30,0,1986,2267,8,0,1
3,31,0,1986,2267,8,0,103
3,32,0,1986,2345,8,0,67
3,33,0,1986,2345,8,0,53
3,34,0,1986,2345,8,0,53
3,35,0,1986,2345,8,0,92
3,36,0,1986,2345,8,0,91
3,37,0,1986,2345,8,0,79.1
3,38,0,1986,2345,8,0,98.9
3,39,0,1985,2278,8,0,43.8
3,40,0,1986,2278,8,0,6255
3,41,0,1985,2278,8,0,63
3,42,0,1986,2545,8,0,22
3,43,0,1986,1930,8,0,149
3,44,0,1986,2004,8,0,6
0,0,9,1986,1815,18,15,37
0,1,11,1986,1815,18,12,27
0,2,2,1985,1815,18,10,90.9
0,3,15,1985,2155,18,14,4
0,4,5,1985,2116,18,3,278
0,5,7,1985,1815,18,4,4
0,6,6,1986,1815,18,10,132.7
0,7,7,1986,1815,18,17,63
0,8,16,1985,1831,18,14,33
0,9,3,1986,1815,18,16,187
0,10,1,1985,1831,18,2,3
0,11,14,1986,1831,18,4,81
0,12,3,1985,1831,18,11,8
0,13,2,1986,3313,18,11,133
0,14,7,1985,1997,18,4,3
0,15,7,1986,1899,18,17,63
0,16,16,1985,1831,18,14,3
0,17,13,1985,1831,18,12,2
0,18,14,1986,3603,18,4,2
0,19,1,1986,2101,18,6,56
0,20,3,1985,1838,18,11,15
0,21,6,1985,1838,18,16,3
0,22,3,1985,2457,18,11,1
0,23,12,1985,1831,18,1,2
0,24,11,1985,1878,18,17,11
0,25,13,1985,2919,18,12,1
0,26,1,1985,1914,18,2,81
0,27,0,0,0,0,0,0
0,28,1,1985,1914,18,2,76
0,29,14,1985,1831,18,16,134
0,30,0,0,0,0,0,0
0,31,14,1985,1831,18,16,66
0,32,1,1985,1977,18,2,4
0,33,1,1985,1977,18,2,3
0,34,5,1985,1977,18,3,51
0,35,14,1986,1977,18,4,7
0,36,14,1986,1977,18,4,6
0,37,2,1985,1977,18,10,100
0,38,1,1985,1977,18,2,100
0,39,10,1985,2863,18,15,49.6
0,40,11,1985,2863,18,17,420
0,41,12,1985,2863,18,1,63
0,42,7,1986,2328,18,17,7
0,43,5,1985,1866,18,3,9
0,44,7,1985,2041,18,4,2
1,0,0,1986,1815,18,0,456
1,1,0,1986,1815,18,0,306
1,2,0,1986,1815,18,0,67.1
1,3,0,1985,2155,18,0,8
1,4,0,1986,1815,18,0,3048
1,5,0,1986,1815,18,0,26
1,6,0,1986,1815,18,0,101.2
1,7,0,1986,1815,18,0,63
1,8,0,1985,1831,18,0,374
1,9,0,1985,1831,18,0,1486
1,10,0,1985,1831,18,0,9
1,11,0,1986,1831,18,0,81
1,12,0,1985,1899,18,0,88
1,13,0,1986,3313,18,0,1128
1,14,0,1985,1899,18,0,10
1,15,0,1986,1899,18,0,63
1,16,0,1986,1815,18,0,12
1,17,0,1986,1815,18,0,5
1,18,0,1986,3603,18,0,3
1,19,0,1986,3603,18,0,67
1,20,0,1985,1838,18,0,125
1,21,0,1985,1838,18,0,7
1,22,0,1985,1878,18,0,3
1,23,0,1985,1831,18,0,5
1,24,0,1985,1878,18,0,11
1,25,0,1985,2919,18,0,1
1,26,0,1985,1914,18,0,330
1,27,0,0,0,0,0,0
1,28,0,1985,1914,18,0,76
1,29,0,1986,1831,18,0,685
1,30,0,0,0,0,0,0
1,31,0,1985,1831,18,0,66
1,32,0,1986,1977,18,0,33
1,33,0,1985,1977,18,0,25
1,34,0,1985,1977,18,0,51
1,35,0,1986,1977,18,0,46
1,36,0,1986,1977,18,0,43
1,37,0,1985,1977,18,0,92.6
1,38,0,1985,1977,18,0,94.1
1,39,0,1985,2863,18,0,45
1,40,0,1985,2863,18,0,4233
1,41,0,1985,2863,18,0,63
1,42,0,1985,2689,18,0,26
1,43,0,1986,2041,18,0,78
1,44,0,1985,2041,18,0,4
2,0,0,0,0,0,0,0
2,1,0,0,0,0,0,0
2,2,0,0,0,0,0,0
2,3,0,0,0,0,0,0
2,4,0,0,0,0,0,0
2,5,0,0,0,0,0,0
2,6,0,0,0,0,0,0
2,7,0,0,0,0,0,0
2,8,0,0,0,0,0,0
2,9,0,0,0,0,0,0
2,10,0,0,0,0,0,0
2,11,0,0,0,0,0,0
2,12,0,0,0,0,0,0
2,13,0,0,0,0,0,0
2,14,0,0,0,0,0,0
2,15,0,0,0,0,0,0
2,16,0,0,0,0,0,0
2,17,0,0,0,0,0,0
2,18,0,0,0,0,0,0
2,19,0,0,0,0,0,0
2,20,0,0,0,0,0,0
2,21,0,0,0,0,0,0
2,22,0,0,0,0,0,0
2,23,0,0,0,0,0,0
2,24,0,0,0,0,0,0
2,25,0,0,0,0,0,0
2,26,0,0,0,0,0,0
2,27,0,0,0,0,0,0
2,28,0,0,0,0,0,0
2,29,0,0,0,0,0,0
2,30,0,0,0,0,0,0
2,31,0,0,0,0,0,0
2,32,0,0,0,0,0,0
2,33,0,0,0,0,0,0
2,34,0,0,0,0,0,0
2,35,0,0,0,0,0,0
2,36,0,0,0,0,0,0
2,37,0,0,0,0,0,0
2,38,0,0,0,0,0,0
2,39,0,0,0,0,0,0
2,40,0,0,0,0,0,0
2,41,0,0,0,0,0,0
2,42,0,0,0,0,0,0
2,43,0,0,0,0,0,0
2,44,0,0,0,0,0,0
3,0,0,1986,1815,18,0,648
3,1,0,1986,1815,18,0,433
3,2,0,1986,1815,18,0,66.8
3,3,0,1985,2155,18,0,8
3,4,0,1986,1815,18,0,4356
3,5,0,1986,1815,18,0,38
3,6,0,1986,1815,18,0,100.8
3,7,0,1986,1815,18,0,63
3,8,0,1986,1831,18,0,556
3,9,0,1986,1831,18,0,2328
3,10,0,1986,1831,18,0,14
3,11,0,1986,1831,18,0,81
3,12,0,1986,1899,18,0,149
3,13,0,1986,1899,18,0,1636
3,14,0,1986,1899,18,0,17
3,15,0,1986,1899,18,0,63
3,16,0,1986,1815,18,0,16
3,17,0,1986,1815,18,0,7
3,18,0,1986,3603,18,0,3
3,19,0,1986,3603,18,0,67
3,20,0,1986,1838,18,0,228
3,21,0,1986,1838,18,0,8
3,22,0,1986,1878,18,0,4
3,23,0,1985,1831,18,0,5
3,24,0,1985,1878,18,0,11
3,25,0,1985,2919,18,0,1
3,26,0,1986,1914,18,0,530
3,27,0,0,0,0,0,0
3,28,0,1985,1914,18,0,76
3,29,0,1986,1914,18,0,1163
3,30,0,0,0,0,0,0
3,31,0,1985,1831,18,0,66
3,32,0,1986,1977,18,0,60
3,33,0,1986,1977,18,0,49
3,34,0,1985,1977,18,0,51
3,35,0,1986,1977,18,0,80
3,36,0,1986,1977,18,0,75
3,37,0,1985,1977,18,0,92.6
3,38,0,1985,1977,18,0,94.1
3,39,0,1985,2863,18,0,45
3,40,0,1985,2863,18,0,4233
3,41,0,1985,2863,18,0,63
3,42,0,1986,1838,18,0,46
3,43,0,1986,2041,18,0,146
3,44,0,1986,2082,18,0,6
0,0,2,1985,1832,3,16,44
0,1,6,1985,1832,3,6,34
0,2,5,1985,1989,3,18,100
0,3,7,1985,1832,3,2,3
0,4,6,1985,1832,3,6,357
0,5,6,1985,1832,3,6,5
0,6,5,1985,1832,3,18,147.1
0,7,5,1985,1832,3,18,88
0,8,8,1985,1812,3,14,29
0,9,12,1985,1812,3,2,169
0,10,1,1985,1812,3,1,2
0,11,3,1985,1812,3,17,53
0,12,6,1985,1900,3,6,9
0,13,1,1986,1988,3,14,140
0,14,6,1985,1988,3,6,3
0,15,5,1985,2282,3,18,88
0,16,2,1985,1832,3,16,1
0,17,2,1985,1832,3,16,1
0,18,11,1985,2096,3,5,2
0,19,5,1986,2573,3,1,44
0,20,10,1985,2257,3,4,15
0,21,2,1985,2104,3,16,2
0,22,3,1985,2096,3,17,1
0,23,8,1985,2282,3,14,2
0,24,12,1986,1890,3,1,11
0,25,0,0,0,0,0,0
0,26,15,1986,2063,3,18,81
0,27,15,1986,2063,3,18,1
0,28,15,1986,2063,3,18,81
0,29,14,1986,2063,3,2,117
0,30,0,0,0,0,0,0
0,31,4,1985,2063,3,8,73
0,32,10,1986,2634,3,9,4
0,33,8,1985,2481,3,14,3
0,34,4,1985,2481,3,8,56
0,35,6,1985,2481,3,6,5
0,36,6,1985,2481,3,6,5
0,37,1,1985,2481,3,1,100
0,38,1,1985,2481,3,1,100
0,39,11,1986,3053,3,7,48.8
0,40,9,1986,3053,3,4,420
0,41,3,1985,3053,3,17,54
0,42,6,1986,1890,3,16,6
0,43,11,1986,1812,3,7,11
0,44,3,1985,1887,3,17,1
1,0,0,1985,1832,3,0,551
1,1,0,1985,1832,3,0,384
1,2,0,1985,1832,3,0,69.7
1,3,0,1985,1832,3,0,9
1,4,0,1985,1832,3,0,4390
1,5,0,1985,1832,3,0,40
1,6,0,1985,1832,3,0,110.7
1,7,0,1985,1832,3,0,88
1,8,0,1985,1812,3,0,234
1,9,0,1985,1812,3,0,1017
1,10,0,1985,1812,3,0,6
1,11,0,1985,1812,3,0,53
1,12,0,1985,1988,3,0,90
1,13,0,1986,1900,3,0,1242
1,14,0,1985,1988,3,0,10
1,15,0,1985,1900,3,0,70
1,16,0,1985,1832,3,0,3
1,17,0,1985,1832,3,0,2
1,18,0,1985,2096,3,0,3
1,19,0,1986,3620,3,0,64
1,20,0,1986,1890,3,0,143
1,21,0,1985,2256,3,0,7
1,22,0,1986,3620,3,0,4
1,23,0,1986,3620,3,0,3
1,24,0,1986,1890,3,0,11
1,25,0,0,0,0,0,0
1,26,0,1986,2063,3,0,236
1,27,0,1986,2063,3,0,1
1,28,0,1986,2063,3,0,81
1,29,0,1985,2063,3,0,939
1,30,0,0,0,0,0,0
1,31,0,1985,2063,3,0,73
1,32,0,1986,2634,3,0,28
1,33,0,1985,2481,3,0,20
1,34,0,1985,2481,3,0,56
1,35,0,1985,2481,3,0,42
1,36,0,1985,2481,3,0,40
1,37,0,1985,2481,3,0,87
1,38,0,1986,2634,3,0,97.4
1,39,0,1985,3053,3,0,39.9
1,40,0,1986,3053,3,0,3360
1,41,0,1985,3053,3,0,54
1,42,0,1986,2062,3,0,27
1,43,0,1985,2125,3,0,79
1,44,0,1986,2125,3,0,3
2,0,0,0,0,0,0,0
2,1,0,0,0,0,0,0
2,2,0,0,0,0,0,0
2,3,0,0,0,0,0,0
2,4,0,0,0,0,0,0
2,5,0,0,0,0,0,0
2,6,0,0,0,0,0,0
2,7,0,0,0,0,0,0
2,8,0,0,0,0,0,0
2,9,0,0,0,0,0,0
2,10,0,0,0,0,0,0
2,11,0,0,0,0,0,0
2,12,0,0,0,0,0,0
2,13,0,0,0,0,0,0
2,14,0,0,0,0,0,0
2,15,0,0,0,0,0,0
2,16,0,0,0,0,0,0
2,17,0,0,0,0,0,0
2,18,0,0,0,0,0,0
2,19,0,0,0,0,0,0
2,20,0,0,0,0,0,0
2,21,0,0,0,0,0,0
2,22,0,0,0,0,0,0
2,23,0,0,0,0,0,0
2,24,0,0,0,0,0,0
2,25,0,0,0,0,0,0
2,26,0,0,0,0,0,0
2,27,0,0,0,0,0,0
2,28,0,0,0,0,0,0
2,29,0,0,0,0,0,0
2,30,0,0,0,0,0,0
2,31,0,0,0,0,0,0
2,32,0,0,0,0,0,0
2,33,0,0,0,0,0,0
2,34,0,0,0,0,0,0
2,35,0,0,0,0,0,0
2,36,0,0,0,0,0,0
2,37,0,0,0,0,0,0
2,38,0,0,0,0,0,0
2,39,0,0,0,0,0,0
2,40,0,0,0,0,0,0
2,41,0,0,0,0,0,0
2,42,0,0,0,0,0,0
2,43,0,0,0,0,0,0
2,44,0,0,0,0,0,0
3,0,0,1985,1832,3,0,551
3,1,0,1985,1832,3,0,384
3,2,0,1985,1832,3,0,69.7
3,3,0,1985,1832,3,0,9
3,4,0,1985,1832,3,0,4390
3,5,0,1985,1832,3,0,40
3,6,0,1985,1832,3,0,110.7
3,7,0,1985,1832,3,0,88
3,8,0,1986,1812,3,0,468
3,9,0,1986,1812,3,0,1975
3,10,0,1986,1812,3,0,10
3,11,0,1985,1812,3,0,53
3,12,0,1986,1900,3,0,164
3,13,0,1986,1900,3,0,2422
3,14,0,1986,1900,3,0,17
3,15,0,1985,1900,3,0,70
3,16,0,1985,1832,3,0,3
3,17,0,1985,1832,3,0,2
3,18,0,1985,2096,3,0,3
3,19,0,1986,3620,3,0,64
3,20,0,1986,1890,3,0,276
3,21,0,1986,2256,3,0,13
3,22,0,1986,3620,3,0,4
3,23,0,1986,3620,3,0,3
3,24,0,1986,1890,3,0,11
3,25,0,0,0,0,0,0
3,26,0,1986,2063,3,0,346
3,27,0,1986,2063,3,0,1
3,28,0,1986,2063,3,0,81
3,29,0,1986,2063,3,0,1802
3,30,0,0,0,0,0,0
3,31,0,1985,2063,3,0,73
3,32,0,1986,2634,3,0,28
3,33,0,1985,2481,3,0,20
3,34,0,1985,2481,3,0,56
3,35,0,1985,2481,3,0,42
3,36,0,1985,2481,3,0,40
3,37,0,1985,2481,3,0,87
3,38,0,1985,2481,3,0,95.2
3,39,0,1985,3053,3,0,39.9
3,40,0,1986,3053,3,0,6311
3,41,0,1985,3053,3,0,54
3,42,0,1986,1890,3,0,32
3,43,0,1986,2125,3,0,131
3,44,0,1986,2125,3,0,4
0,0,3,1986,1813,11,5,40
0,1,16,1985,1813,11,16,29
0,2,7,1985,1813,11,6,88.2
0,3,10,1985,1813,11,10,2
0,4,5,1986,1813,11,8,302
0,5,11,1985,1813,11,10,3
0,6,7,1985,1813,11,6,133.6
0,7,1,1985,1813,11,12,53
0,8,9,1986,2109,11,10,30
0,9,9,1985,1853,11,8,206
0,10,9,1985,1853,11,8,2
0,11,5,1985,1853,11,7,64
0,12,3,1986,3368,11,5,8
0,13,16,1985,2218,11,16,126
0,14,11,1985,2235,11,10,2
0,15,1,1985,1859,11,12,53
0,16,11,1985,1813,11,10,2
0,17,11,1985,1813,11,10,2
0,18,11,1985,1984,11,10,2
0,19,11,1985,1984,11,10,64
0,20,7,1985,2199,11,6,16
0,21,4,1985,1850,11,9,2
0,22,13,1986,2088,11,13,2
0,23,1,1985,2235,11,12,1
0,24,13,1986,2088,11,13,17
0,25,2,1985,1859,11,15,1
0,26,6,1985,1850,11,5,59
0,27,0,0,0,0,0,0
0,28,6,1985,1850,11,5,54
0,29,6,1986,3368,11,15,161
0,30,4,1986,1859,11,17,1
0,31,4,1986,1859,11,17,97
0,32,11,1986,2568,11,13,6
0,33,11,1986,2568,11,13,6
0,34,7,1986,2568,11,10,52
0,35,2,1985,2568,11,15,5
0,36,13,1986,2568,11,13,5
0,37,1,1985,2568,11,12,100
0,38,1,1985,2568,11,12,100
0,39,11,1986,2276,11,13,50.3
0,40,6,1985,3054,11,5,451
0,41,11,1985,3054,11,10,60
0,42,1,1985,2199,11,12,7
0,43,10,1985,2003,11,10,9
0,44,10,1985,2003,11,10,2
1,0,0,1985,1813,11,0,395
1,1,0,1985,1813,11,0,274
1,2,0,1985,1813,11,0,69.4
1,3,0,1985,1813,11,0,8
1,4,0,1985,1813,11,0,2529
1,5,0,1985,1813,11,0,21
1,6,0,1985,1813,11,0,95.8
1,7,0,1986,2222,11,0,62
1,8,0,1985,1853,11,0,290
1,9,0,1985,1853,11,0,1465
1,10,0,1985,1853,11,0,9
1,11,0,1985,1853,11,0,64
1,12,0,1985,2235,11,0,67
1,13,0,1986,2218,11,0,756
1,14,0,1985,2235,11,0,8
1,15,0,1985,1859,11,0,53
1,16,0,1985,1813,11,0,4
1,17,0,1985,1813,11,0,4
1,18,0,1985,1859,11,0,5
1,19,0,1986,3565,11,0,100
1,20,0,1985,2199,11,0,144
1,21,0,1985,2199,11,0,8
1,22,0,1986,2465,11,0,4
1,23,0,1985,2465,11,0,2
1,24,0,1986,2088,11,0,18
1,25,0,1985,1859,11,0,1
1,26,0,1985,1850,11,0,282
1,27,0,0,0,0,0,0
1,28,0,1985,1850,11,0,54
1,29,0,1985,1859,11,0,895
1,30,0,1986,1859,11,0,1
1,31,0,1986,1859,11,0,97
1,32,0,1986,2568,11,0,32
1,33,0,1986,2568,11,0,24
1,34,0,1986,2568,11,0,52
1,35,0,1985,2568,11,0,38
1,36,0,1985,2568,11,0,33
1,37,0,1986,2568,11,0,75
1,38,0,1985,2568,11,0,86.8
1,39,0,1986,2276,11,0,43.6
1,40,0,1986,2276,11,0,4578
1,41,0,1985,3054,11,0,60
1,42,0,1985,2199,11,0,33
1,43,0,1985,2003,11,0,84
1,44,0,1986,1856,11,0,8
2,0,0,1985,1813,11,12,26
2,1,0,1985,1813,11,12,21
2,2,0,1985,1813,11,12,80.8
2,3,0,1985,1813,11,12,1
2,4,0,1985,1813,11,12,224
2,5,0,1985,1813,11,12,1
2,6,0,1985,1813,11,12,99.4
2,7,0,1985,1813,11,12,28
2,8,0,1985,1853,11,12,17
2,9,0,1985,1853,11,12,72
2,10,0,1985,2109,11,12,1
2,11,0,1985,1853,11,12,12
2,12,0,1985,2235,11,12,6
2,13,0,1985,2235,11,12,66
2,14,0,1985,2218,11,12,1
2,15,0,1985,2218,11,12,28
2,16,0,0,0,0,0,0
2,17,0,0,0,0,0,0
2,18,0,0,0,0,0,0
2,19,0,0,0,0,0,0
2,20,0,1985,2199,11,12,11
2,21,0,1985,2088,11,12,1
2,22,0,1985,1850,11,12,1
2,23,0,1985,1850,11,12,1
2,24,0,1985,2684,11,12,2
2,25,0,0,0,0,0,0
2,26,0,1985,1850,11,12,13
2,27,0,0,0,0,0,0
2,28,0,1985,1850,11,12,13
2,29,0,1985,1859,11,12,60
2,30,0,0,0,0,0,0
2,31,0,1985,1859,11,12,27
2,32,0,1985,2568,11,12,1
2,33,0,0,0,0,0,0
2,34,0,0,0,0,0,0
2,35,0,1985,2568,11,12,2
2,36,0,1985,2568,11,12,2
2,37,0,0,0,0,0,0
2,38,0,1985,2568,11,12,100
2,39,0,1985,3054,11,12,44
2,40,0,1985,3054,11,12,264
2,41,0,1985,3054,11,12,58
2,42,0,1985,2465,11,12,3
2,43,0,1985,1842,11,12,9
2,44,0,1985,1842,11,12,1
3,0,0,1985,1813,11,0,395
3,1,0,1985,1813,11,0,274
3,2,0,1985,1813,11,0,69.4
3,3,0,1985,1813,11,0,8
3,4,0,1985,1813,11,0,2529
3,5,0,1985,1813,11,0,21
3,6,0,1985,1813,11,0,95.8
3,7,0,1986,2222,11,0,62
3,8,0,1986,2109,11,0,302
3,9,0,1985,1853,11,0,1465
3,10,0,1985,1853,11,0,9
3,11,0,1985,1853,11,0,64
3,12,0,1986,2218,11,0,105
3,13,0,1986,2218,11,0,1226
3,14,0,1985,2235,11,0,8
3,15,0,1985,1859,11,0,53
3,16,0,1985,1813,11,0,4
3,17,0,1985,1813,11,0,4
3,18,0,1986,1859,11,0,7
3,19,0,1986,3565,11,0,100
3,20,0,1986,2465,11,0,252
3,21,0,1986,2199,11,0,13
3,22,0,1986,2465,11,0,7
3,23,0,1986,2088,11,0,3
3,24,0,1986,2088,11,0,22
3,25,0,1985,1859,11,0,1
3,26,0,1986,1850,11,0,439
3,27,0,0,0,0,0,0
3,28,0,1985,1850,11,0,54
3,29,0,1986,1859,11,0,1742
3,30,0,1986,1859,11,0,1
3,31,0,1986,1859,11,0,97
3,32,0,1986,2568,11,0,63
3,33,0,1986,2568,11,0,47
3,34,0,1986,2568,11,0,52
3,35,0,1986,2568,11,0,65
3,36,0,1986,2568,11,0,60
3,37,0,1986,2568,11,0,74.6
3,38,0,1986,2568,11,0,92.3
3,39,0,1986,2276,11,0,43.6
3,40,0,1986,2276,11,0,4578
3,41,0,1985,3054,11,0,60
3,42,0,1986,2199,11,0,49
3,43,0,1986,2003,11,0,117
3,44,0,1986,1856,11,0,9
0,0,1,1985,1851,13,17,38
0,1,11,1985,1851,13,9,27
0,2,13,1985,2285,13,11,100
0,3,15,1985,1851,13,11,2
0,4,7,1985,1851,13,8,274
0,5,11,1985,1851,13,9,3
0,6,5,1986,1851,13,12,121.7
0,7,7,1985,1851,13,8,50
0,8,14,1986,1909,13,8,24
0,9,6,1985,1851,13,15,214
0,10,2,1985,1909,13,12,3
0,11,6,1985,1851,13,15,52
0,12,3,1986,2029,13,15,8
0,13,13,1986,2029,13,11,114
0,14,11,1985,2487,13,9,2
0,15,7,1985,2079,13,8,50
0,16,10,1985,1851,13,5,5
0,17,2,1985,1851,13,12,2
0,18,3,1985,2095,13,14,1
0,19,10,1986,2020,13,10,45
0,20,10,1985,1876,13,5,17
0,21,5,1985,2867,13,16,2
0,22,8,1985,2091,13,18,2
0,23,9,1985,1851,13,12,2
0,24,1,1985,2020,13,17,21
0,25,0,0,0,0,0,0
0,26,4,1985,2366,13,7,75
0,27,0,0,0,0,0,0
0,28,13,1986,2366,13,11,62
0,29,11,1986,2366,13,11,179
0,30,0,0,0,0,0,0
0,31,3,1986,2020,13,15,92
0,32,15,1986,2933,13,16,6
0,33,15,1986,2933,13,16,5
0,34,7,1985,2933,13,8,52
0,35,6,1985,2933,13,15,6
0,36,6,1985,2933,13,15,6
0,37,2,1985,2933,13,12,100
0,38,1,1985,2933,13,17,100
0,39,7,1985,2861,13,8,50.8
0,40,10,1985,2861,13,5,564
0,41,6,1986,2861,13,12,60
0,42,9,1986,3554,13,5,7
0,43,15,1986,1846,13,16,10
0,44,10,1985,1867,13,5,2
1,0,0,1985,1851,13,0,393
1,1,0,1985,1851,13,0,263
1,2,0,1985,1851,13,0,66.9
1,3,0,1985,1851,13,0,6
1,4,0,1986,1851,13,0,2343
1,5,0,1985,1851,13,0,16
1,6,0,1985,1851,13,0,89.4
1,7,0,1985,1851,13,0,50
1,8,0,1986,1851,13,0,230
1,9,0,1986,1909,13,0,937
1,10,0,1986,1851,13,0,8
1,11,0,1985,1851,13,0,52
1,12,0,1985,2029,13,0,72
1,13,0,1985,2029,13,0,742
1,14,0,1985,2029,13,0,5
1,15,0,1985,2079,13,0,50
1,16,0,1985,1851,13,0,21
1,17,0,1985,1851,13,0,7
1,18,0,1985,2020,13,0,2
1,19,0,1986,2020,13,0,45
1,20,0,1985,1876,13,0,155
1,21,0,1985,2053,13,0,4
1,22,0,1985,2091,13,0,4
1,23,0,1985,1851,13,0,10
1,24,0,1985,2020,13,0,21
1,25,0,0,0,0,0,0
1,26,0,1985,2366,13,0,213
1,27,0,0,0,0,0,0
1,28,0,1986,2366,13,0,62
1,29,0,1985,2366,13,0,698
1,30,0,0,0,0,0,0
1,31,0,1986,2020,13,0,92
1,32,0,1986,2933,13,0,33
1,33,0,1986,2933,13,0,24
1,34,0,1985,2933,13,0,52
1,35,0,1985,2933,13,0,33
1,36,0,1985,2933,13,0,33
1,37,0,1985,2933,13,0,81.5
1,38,0,1985,2933,13,0,100
1,39,0,1985,2861,13,0,45.1
1,40,0,1986,2861,13,0,4074
1,41,0,1986,2861,13,0,60
1,42,0,1985,2091,13,0,30
1,43,0,1986,1846,13,0,78
1,44,0,1986,1841,13,0,5
2,0,0,0,0,0,0,0
2,1,0,0,0,0,0,0
2,2,0,0,0,0,0,0
2,3,0,0,0,0,0,0
2,4,0,0,0,0,0,0
2,5,0,0,0,0,0,0
2,6,0,0,0,0,0,0
2,7,0,0,0,0,0,0
2,8,0,0,0,0,0,0
2,9,0,0,0,0,0,0
2,10,0,0,0,0,0,0
2,11,0,0,0,0,0,0
2,12,0,0,0,0,0,0
2,13,0,0,0,0,0,0
2,14,0,0,0,0,0,0
2,15,0,0,0,0,0,0
2,16,0,0,0,0,0,0
2,17,0,0,0,0,0,0
2,18,0,0,0,0,0,0
2,19,0,0,0,0,0,0
2,20,0,0,0,0,0,0
2,21,0,0,0,0,0,0
2,22,0,0,0,0,0,0
2,23,0,0,0,0,0,0
2,24,0,0,0,0,0,0
2,25,0,0,0,0,0,0
2,26,0,0,0,0,0,0
2,27,0,0,0,0,0,0
2,28,0,0,0,0,0,0
2,29,0,0,0,0,0,0
2,30,0,0,0,0,0,0
2,31,0,0,0,0,0,0
2,32,0,0,0,0,0,0
2,33,0,0,0,0,0,0
2,34,0,0,0,0,0,0
2,35,0,0,0,0,0,0
2,36,0,0,0,0,0,0
2,37,0,0,0,0,0,0
2,38,0,0,0,0,0,0
2,39,0,0,0,0,0,0
2,40,0,0,0,0,0,0
2,41,0,0,0,0,0,0
2,42,0,0,0,0,0,0
2,43,0,0,0,0,0,0
2,44,0,0,0,0,0,0
3,0,0,1986,1851,13,0,772
3,1,0,1986,1851,13,0,508
3,2,0,1985,1851,13,0,66.9
3,3,0,1986,1851,13,0,11
3,4,0,1986,1851,13,0,4638
3,5,0,1986,1851,13,0,28
3,6,0,1985,1851,13,0,89.4
3,7,0,1985,1851,13,0,50
3,8,0,1986,1851,13,0,440
3,9,0,1986,1851,13,0,1715
3,10,0,1986,1851,13,0,14
3,11,0,1985,1851,13,0,52
3,12,0,1986,2029,13,0,142
3,13,0,1986,2029,13,0,1473
3,14,0,1986,2029,13,0,10
3,15,0,1985,2079,13,0,50
3,16,0,1986,1851,13,0,36
3,17,0,1986,1851,13,0,13
3,18,0,1986,2020,13,0,3
3,19,0,1986,2020,13,0,62
3,20,0,1986,1876,13,0,293
3,21,0,1986,2053,13,0,7
3,22,0,1986,1876,13,0,5
3,23,0,1986,1851,13,0,13
3,24,0,1985,2020,13,0,21
3,25,0,0,0,0,0,0
3,26,0,1986,2366,13,0,355
3,27,0,0,0,0,0,0
3,28,0,1986,2366,13,0,62
3,29,0,1986,2366,13,0,1115
3,30,0,0,0,0,0,0
3,31,0,1986,2020,13,0,92
3,32,0,1986,2933,13,0,60
3,33,0,1986,2933,13,0,46
3,34,0,1985,2933,13,0,52
3,35,0,1986,2933,13,0,65
3,36,0,1986,2933,13,0,64
3,37,0,1985,2933,13,0,81.5
3,38,0,1985,2933,13,0,100
3,39,0,1985,2861,13,0,45.1
3,40,0,1986,2861,13,0,8134
3,41,0,1986,2861,13,0,60
3,42,0,1986,2091,13,0,48
3,43,0,1986,1846,13,0,147
3,44,0,1986,1841,13,0,5
0,0,2,1985,2036,12,13,45
0,1,1,1985,2036,12,11,28
0,2,6,1985,2036,12,9,100
0,3,11,1985,2036,12,14,2
0,4,14,1986,1813,12,7,310
0,5,5,1985,2036,12,17,3
0,6,15,1985,2036,12,10,130.2
0,7,14,1985,2036,12,8,65
0,8,15,1985,1889,12,10,25
0,9,4,1985,1889,12,1,172
0,10,11,1985,1889,12,14,2
0,11,4,1985,1889,12,1,68
0,12,1,1985,2080,12,11,9
0,13,10,1986,2080,12,8,134
0,14,5,1985,2239,12,17,2
0,15,14,1985,2299,12,8,65
0,16,15,1986,2239,12,17,2
0,17,1,1985,2080,12,11,1
0,18,1,1985,1981,12,11,1
0,19,4,1986,2217,12,6,19
0,20,15,1986,3405,12,17,13
0,21,4,1985,1844,12,1,2
0,22,6,1986,2332,12,13,2
0,23,2,1985,2204,12,13,1
0,24,10,1985,2212,12,16,18
0,25,16,1985,2147,12,5,1
0,26,2,1985,1889,12,13,99
0,27,2,1985,1889,12,13,1
0,28,8,1985,1889,12,11,67
0,29,10,1986,1897,12,8,132
0,30,0,0,0,0,0,0
0,31,6,1986,1889,12,13,35
0,32,2,1985,2781,12,13,5
0,33,6,1986,3051,12,13,4
0,34,8,1985,2781,12,11,53
0,35,11,1985,2781,12,14,5
0,36,11,1985,2781,12,14,5
0,37,1,1985,2781,12,11,100
0,38,1,1985,2781,12,11,100
0,39,10,1986,3599,12,8,47
0,40,8,1985,2998,12,11,446
0,41,1,1985,2998,12,11,56
0,42,15,1985,1904,12,10,6
0,43,5,1985,2306,12,17,10
0,44,3,1985,1903,12,10,1
1,0,0,1986,1813,12,0,487
1,1,0,1986,1813,12,0,323
1,2,0,1986,1813,12,0,66.3
1,3,0,1986,1813,12,0,5
1,4,0,1986,1813,12,0,3431
1,5,0,1985,2036,12,0,22
1,6,0,1986,1813,12,0,97.5
1,7,0,1985,2036,12,0,65
1,8,0,1985,1889,12,0,262
1,9,0,1985,1889,12,0,1244
1,10,0,1985,1889,12,0,8
1,11,0,1985,1889,12,0,68
1,12,0,1985,2080,12,0,79
1,13,0,1986,2080,12,0,984
1,14,0,1985,2239,12,0,9
1,15,0,1985,2299,12,0,65
1,16,0,1986,2239,12,0,4
1,17,0,1986,2239,12,0,3
1,18,0,1985,2147,12,0,3
1,19,0,1986,2217,12,0,36
1,20,0,1985,1981,12,0,145
1,21,0,1985,1844,12,0,11
1,22,0,1985,1904,12,0,6
1,23,0,1985,1981,12,0,4
1,24,0,1985,1981,12,0,36
1,25,0,1985,2147,12,0,1
1,26,0,1985,1889,12,0,395
1,27,0,1985,1889,12,0,1
1,28,0,1985,1889,12,0,67
1,29,0,1986,1897,12,0,552
1,30,0,0,0,0,0,0
1,31,0,1986,1889,12,0,35
1,32,0,1986,3051,12,0,48
1,33,0,1986,3051,12,0,35
1,34,0,1985,2781,12,0,53
1,35,0,1985,2781,12,0,42
1,36,0,1985,2781,12,0,41
1,37,0,1986,3051,12,0,72.9
1,38,0,1985,2781,12,0,97.6
1,39,0,1985,2998,12,0,40.6
1,40,0,1985,2998,12,0,3943
1,41,0,1985,2998,12,0,56
1,42,0,1986,1904,12,0,29
1,43,0,1986,1834,12,0,97
1,44,0,1985,1897,12,0,2
2,0,0,1985,2222,12,17,33
2,1,0,1986,1813,12,15,19
2,2,0,1986,1813,12,15,79.2
2,3,0,1985,2222,12,17,1
2,4,0,1986,1813,12,14,203
2,5,0,1986,1813,12,15,2
2,6,0,1986,1813,12,15,129.3
2,7,0,1986,1813,12,15,51
2,8,0,1985,1889,12,11,21
2,9,0,1986,1889,12,14,85
2,10,0,1986,1889,12,15,2
2,11,0,1986,1889,12,14,43
2,12,0,1986,2080,12,14,6
2,13,0,1986,2080,12,14,77
2,14,0,1985,2080,12,17,1
2,15,0,1986,2080,12,15,51
2,16,0,1985,1889,12,11,1
2,17,0,1985,2222,12,11,1
2,18,0,1985,2065,12,17,2
2,19,0,1985,2147,12,11,50
2,20,0,1986,1904,12,15,13
2,21,0,1985,1844,12,11,1
2,22,0,1985,2065,12,17,1
2,23,0,1985,2303,12,11,1
2,24,0,1986,1956,12,14,9
2,25,0,0,0,0,0,0
2,26,0,1985,1889,12,11,30
2,27,0,0,0,0,0,0
2,28,0,1985,1889,12,17,17
2,29,0,1985,1897,12,17,54
2,30,0,0,0,0,0,0
2,31,0,1985,1897,12,17,33
2,32,0,1985,2781,12,17,5
2,33,0,1985,2781,12,11,3
2,34,0,1985,2781,12,11,48
2,35,0,1986,3051,12,15,5
2,36,0,1986,3051,12,15,5
2,37,0,1985,2781,12,11,100
2,38,0,1985,2781,12,11,100
2,39,0,1985,2998,12,11,43.3
2,40,0,1985,2998,12,17,249
2,41,0,1985,2998,12,17,56
2,42,0,1985,1904,12,17,6
2,43,0,1985,1916,12,17,9
2,44,0,1985,1897,12,11,1
3,0,0,1986,1813,12,0,487
3,1,0,1986,1813,12,0,323
3,2,0,1986,1813,12,0,66.3
3,3,0,1986,1813,12,0,5
3,4,0,1986,1813,12,0,3431
3,5,0,1985,2036,12,0,22
3,6,0,1986,1813,12,0,97.5
3,7,0,1985,2036,12,0,65
3,8,0,1986,1889,12,0,493
3,9,0,1986,1889,12,0,2314
3,10,0,1986,1889,12,0,16
3,11,0,1985,1889,12,0,68
3,12,0,1986,2080,12,0,157
3,13,0,1986,2080,12,0,1794
3,14,0,1986,2239,12,0,12
3,15,0,1985,2299,12,0,65
3,16,0,1986,2239,12,0,6
3,17,0,1986,2239,12,0,3
3,18,0,1986,1956,12,0,4
3,19,0,1986,1956,12,0,50
3,20,0,1986,1981,12,0,226
3,21,0,1986,1844,12,0,18
3,22,0,1986,1904,12,0,8
3,23,0,1985,1981,12,0,4
3,24,0,1985,1981,12,0,36
3,25,0,1985,2147,12,0,1
3,26,0,1986,1889,12,0,643
3,27,0,1985,1889,12,0,1
3,28,0,1985,1889,12,0,67
3,29,0,1986,1897,12,0,1050
3,30,0,0,0,0,0,0
3,31,0,1986,1889,12,0,35
3,32,0,1986,3051,12,0,48
3,33,0,1986,3051,12,0,35
3,34,0,1985,2781,12,0,53
3,35,0,1985,2781,12,0,42
3,36,0,1985,2781,12,0,41
3,37,0,1986,3051,12,0,72.9
3,38,0,1985,2781,12,0,97.6
3,39,0,1985,2998,12,0,40.6
3,40,0,1985,2998,12,0,3943
3,41,0,1985,2998,12,0,56
3,42,0,1986,1904,12,0,51
3,43,0,1986,1834,12,0,152
3,44,0,1986,1897,12,0,4
0,0,5,1986,2166,15,14,43
0,1,5,1986,2166,15,14,27
0,2,4,1986,1924,15,5,80
0,3,4,1986,2166,15,5,3
0,4,5,1986,2166,15,14,344
0,5,6,1985,1924,15,13,3
0,6,4,1986,1924,15,5,133.8
0,7,2,1986,1924,15,16,50
0,8,1,1986,1961,15,5,30
0,9,13,1985,1907,15,2,211
0,10,13,1985,1907,15,2,3
0,11,13,1985,1907,15,2,78
0,12,14,1986,1826,15,17,7
0,13,5,1986,1959,15,14,137
0,14,1,1985,1959,15,14,2
0,15,2,1986,2151,15,16,50
0,16,1,1985,1924,15,14,1
0,17,3,1985,2115,15,16,1
0,18,14,1985,2064,15,1,2
0,19,14,1985,2064,15,1,75
0,20,16,1985,2640,15,17,13
0,21,3,1985,2640,15,16,2
0,22,6,1985,2389,15,13,2
0,23,1,1985,1924,15,14,1
0,24,3,1986,2135,15,13,16
0,25,1,1986,2135,15,5,1
0,26,3,1986,2064,15,13,96
0,27,0,0,0,0,0,0
0,28,3,1986,2064,15,13,78
0,29,6,1985,2117,15,13,174
0,30,0,0,0,0,0,0
0,31,6,1985,2117,15,13,97
0,32,1,1985,2482,15,14,4
0,33,9,1986,2482,15,18,4
0,34,2,1985,2482,15,11,50
0,35,1,1986,2482,15,5,6
0,36,1,1986,2482,15,5,5
0,37,6,1985,2482,15,13,100
0,38,1,1985,2482,15,14,100
0,39,4,1986,3054,15,5,52
0,40,14,1986,3054,15,17,432
0,41,3,1985,2997,15,16,61
0,42,2,1986,2640,15,16,8
0,43,14,1986,3574,15,17,11
0,44,2,1986,2179,15,16,2
1,0,0,1986,1924,15,0,360
1,1,0,1986,1924,15,0,226
1,2,0,1985,1924,15,0,62.8
1,3,0,1986,1924,15,0,5
1,4,0,1986,1924,15,0,2425
1,5,0,1986,1924,15,0,20
1,6,0,1986,1924,15,0,95.2
1,7,0,1986,1924,15,0,50
1,8,0,1985,1907,15,0,334
1,9,0,1985,1907,15,0,1474
1,10,0,1986,2113,15,0,13
1,11,0,1985,1907,15,0,78
1,12,0,1986,1826,15,0,68
1,13,0,1986,1826,15,0,881
1,14,0,1985,1826,15,0,7
1,15,0,1986,2151,15,0,50
1,16,0,1985,1924,15,0,4
1,17,0,1986,1924,15,0,3
1,18,0,1985,2064,15,0,2
1,19,0,1985,2064,15,0,75
1,20,0,1985,2537,15,0,129
1,21,0,1986,2640,15,0,12
1,22,0,1985,2097,15,0,4
1,23,0,1985,1826,15,0,3
1,24,0,1986,2135,15,0,24
1,25,0,1986,2135,15,0,1
1,26,0,1985,2928,15,0,254
1,27,0,0,0,0,0,0
1,28,0,1986,2064,15,0,78
1,29,0,1985,2117,15,0,863
1,30,0,0,0,0,0,0
1,31,0,1985,2117,15,0,97
1,32,0,1985,2482,15,0,34
1,33,0,1985,2482,15,0,25
1,34,0,1985,2482,15,0,50
1,35,0,1986,2482,15,0,47
1,36,0,1986,2482,15,0,46
1,37,0,1986,2482,15,0,79.3
1,38,0,1985,2482,15,0,100
1,39,0,1986,3054,15,0,45.1
1,40,0,1985,2997,15,0,4258
1,41,0,1985,2997,15,0,61
1,42,0,1985,2537,15,0,39
1,43,0,1986,3574,15,0,111
1,44,0,1985,2179,15,0,3
2,0,0,1986,1924,15,12,32
2,1,0,1986,1924,15,12,19
2,2,0,1986,1924,15,12,59.4
2,3,0,1986,1924,15,12,1
2,4,0,1986,1924,15,12,156
2,5,0,1986,1924,15,12,2
2,6,0,1986,1924,15,12,79.7
2,7,0,1986,1924,15,12,24
2,8,0,1986,1907,15,12,25
2,9,0,1986,1907,15,12,61
2,10,0,0,0,0,0,0
2,11,0,1986,1907,15,12,25
2,12,0,1986,1826,15,12,7
2,13,0,1986,1959,15,12,78
2,14,0,1986,1826,15,12,1
2,15,0,1986,1959,15,12,24
2,16,0,0,0,0,0,0
2,17,0,0,0,0,0,0
2,18,0,0,0,0,0,0
2,19,0,0,0,0,0,0
2,20,0,1986,2389,15,12,10
2,21,0,0,0,0,0,0
2,22,0,0,0,0,0,0
2,23,0,0,0,0,0,0
2,24,0,0,0,0,0,0
2,25,0,0,0,0,0,0
2,26,0,1986,3417,15,12,16
2,27,0,0,0,0,0,0
2,28,0,1986,3417,15,12,13
2,29,0,1986,3417,15,12,86
2,30,0,0,0,0,0,0
2,31,0,1986,3417,15,12,32
2,32,0,1986,2482,15,12,2
2,33,0,1986,2482,15,12,2
2,34,0,1986,2482,15,12,46
2,35,0,1986,2482,15,12,2
2,36,0,1986,2482,15,12,2
2,37,0,1986,2482,15,12,100
2,38,0,1986,2482,15,12,100
2,39,0,1986,3054,15,12,38.4
2,40,0,1986,3054,15,12,192
2,41,0,1986,3054,15,12,46
2,42,0,1986,1919,15,12,1
2,43,0,1986,3574,15,12,9
2,44,0,0,0,0,0,0
3,0,0,1986,1924,15,0,658
3,1,0,1986,1924,15,0,413
3,2,0,1985,1924,15,0,62.8
3,3,0,1986,1924,15,0,7
3,4,0,1986,1924,15,0,4342
3,5,0,1986,1924,15,0,32
3,6,0,1986,1924,15,0,93.7
3,7,0,1986,1924,15,0,50
3,8,0,1986,1907,15,0,622
3,9,0,1986,1907,15,0,2884
3,10,0,1986,1907,15,0,16
3,11,0,1985,1907,15,0,78
3,12,0,1986,1826,15,0,124
3,13,0,1986,1826,15,0,1661
3,14,0,1986,1826,15,0,14
3,15,0,1986,2151,15,0,50
3,16,0,1986,1924,15,0,7
3,17,0,1986,1924,15,0,4
3,18,0,1985,2064,15,0,2
3,19,0,1985,2064,15,0,75
3,20,0,1986,2537,15,0,232
3,21,0,1986,2640,15,0,21
3,22,0,1986,2064,15,0,5
3,23,0,1986,2135,15,0,4
3,24,0,1986,2135,15,0,25
3,25,0,1986,2135,15,0,1
3,26,0,1985,2928,15,0,254
3,27,0,0,0,0,0,0
3,28,0,1986,2064,15,0,78
3,29,0,1986,2117,15,0,1382
3,30,0,0,0,0,0,0
3,31,0,1985,2117,15,0,97
3,32,0,1986,2482,15,0,63
3,33,0,1986,2482,15,0,48
3,34,0,1985,2482,15,0,50
3,35,0,1986,2482,15,0,80
3,36,0,1986,2482,15,0,79
3,37,0,1986,2482,15,0,76.2
3,38,0,1985,2482,15,0,100
3,39,0,1986,3054,15,0,45.1
3,40,0,1985,2997,15,0,4258
3,41,0,1985,2997,15,0,61
3,42,0,1986,2537,15,0,63
3,43,0,1986,1840,15,0,122
3,44,0,1986,2179,15,0,6
0,0,9,1985,1882,6,2,35
0,1,11,1986,1882,6,9,25
0,2,11,1986,1882,6,9,80.6
0,3,1,1985,1882,6,10,2
0,4,3,1986,1882,6,3,264
0,5,3,1985,1882,6,7,2
0,6,3,1985,1882,6,7,125.1
0,7,3,1986,1882,6,3,56
0,8,14,1985,1823,6,5,36
0,9,6,1985,1823,6,3,141
0,10,8,1985,2034,6,8,2
0,11,6,1985,1986,6,3,54
0,12,11,1986,3431,6,9,8
0,13,11,1986,3431,6,9,119
0,14,1,1986,3431,6,18,2
0,15,3,1986,2027,6,3,56
0,16,5,1985,1823,6,9,2
0,17,5,1985,1823,6,9,1
0,18,12,1986,2023,6,10,2
0,19,9,1986,2480,6,7,63
0,20,10,1985,1817,6,7,15
0,21,1,1985,1817,6,10,1
0,22,4,1985,2198,6,4,1
0,23,3,1985,1823,6,7,1
0,24,11,1986,2543,6,9,11
0,25,2,1985,1825,6,5,1
0,26,3,1986,2480,6,3,80
0,27,3,1986,2480,6,3,1
0,28,3,1986,2480,6,3,73
0,29,16,1986,2480,6,8,117
0,30,0,0,0,0,0,0
0,31,1,1985,1885,6,10,33
0,32,15,1985,2150,6,8,3
0,33,15,1985,2150,6,8,3
0,34,6,1985,2150,6,3,55
0,35,8,1985,2150,6,8,4
0,36,8,1985,2150,6,8,4
0,37,1,1985,2150,6,10,100
0,38,2,1985,2150,6,5,100
0,39,11,1986,2998,6,9,50.1
0,40,14,1985,2276,6,5,495
0,41,4,1985,2276,6,4,61
0,42,5,1985,2326,6,9,7
0,43,8,1985,1873,6,8,9
0,44,1,1985,2048,6,10,1
1,0,0,1986,1882,6,0,391
1,1,0,1986,1882,6,0,263
1,2,0,1986,1882,6,0,67.3
1,3,0,1986,1882,6,0,12
1,4,0,1986,1882,6,0,2628
1,5,0,1986,1882,6,0,16
1,6,0,1986,1882,6,0,87
1,7,0,1986,1882,6,0,56
1,8,0,1986,2040,6,0,376
1,9,0,1985,1823,6,0,1262
1,10,0,1985,1823,6,0,6
1,11,0,1985,1986,6,0,54
1,12,0,1986,3431,6,0,83
1,13,0,1986,3431,6,0,967
1,14,0,1986,3431,6,0,10
1,15,0,1986,2027,6,0,56
1,16,0,1986,2040,6,0,5
1,17,0,1986,2040,6,0,3
1,18,0,1986,2023,6,0,5
1,19,0,1985,1825,6,0,63
1,20,0,1985,1817,6,0,167
1,21,0,1985,1891,6,0,6
1,22,0,1986,1817,6,0,3
1,23,0,1986,1817,6,0,3
1,24,0,1986,2543,6,0,11
1,25,0,1985,1817,6,0,1
1,26,0,1986,2480,6,0,247
1,27,0,1986,2480,6,0,1
1,28,0,1986,2480,6,0,73
1,29,0,1986,2480,6,0,830
1,30,0,0,0,0,0,0
1,31,0,1985,1885,6,0,33
1,32,0,1986,2150,6,0,25
1,33,0,1986,2150,6,0,18
1,34,0,1985,2150,6,0,55
1,35,0,1986,2150,6,0,24
1,36,0,1986,2150,6,0,24
1,37,0,1986,2150,6,0,72
1,38,0,0,0,0,0,0
1,39,0,1985,2276,6,0,42.6
1,40,0,1985,2276,6,0,4860
1,41,0,1985,2276,6,0,61
1,42,0,1985,2326,6,0,30
1,43,0,1986,1865,6,0,83
1,44,0,1985,2048,6,0,6
2,0,0,0,0,0,0,0
2,1,0,0,0,0,0,0
2,2,0,0,0,0,0,0
2,3,0,0,0,0,0,0
2,4,0,0,0,0,0,0
2,5,0,0,0,0,0,0
2,6,0,0,0,0,0,0
2,7,0,0,0,0,0,0
2,8,0,0,0,0,0,0
2,9,0,0,0,0,0,0
2,10,0,0,0,0,0,0
2,11,0,0,0,0,0,0
2,12,0,0,0,0,0,0
2,13,0,0,0,0,0,0
2,14,0,0,0,0,0,0
2,15,0,0,0,0,0,0
2,16,0,0,0,0,0,0
2,17,0,0,0,0,0,0
2,18,0,0,0,0,0,0
2,19,0,0,0,0,0,0
2,20,0,0,0,0,0,0
2,21,0,0,0,0,0,0
2,22,0,0,0,0,0,0
2,23,0,0,0,0,0,0
2,24,0,0,0,0,0,0
2,25,0,0,0,0,0,0
2,26,0,0,0,0,0,0
2,27,0,0,0,0,0,0
2,28,0,0,0,0,0,0
2,29,0,0,0,0,0,0
2,30,0,0,0,0,0,0
2,31,0,0,0,0,0,0
2,32,0,0,0,0,0,0
2,33,0,0,0,0,0,0
2,34,0,0,0,0,0,0
2,35,0,0,0,0,0,0
2,36,0,0,0,0,0,0
2,37,0,0,0,0,0,0
2,38,0,0,0,0,0,0
2,39,0,0,0,0,0,0
2,40,0,0,0,0,0,0
2,41,0,0,0,0,0,0
2,42,0,0,0,0,0,0
2,43,0,0,0,0,0,0
2,44,0,0,0,0,0,0
3,0,0,1986,1882,6,0,719
3,1,0,1986,1882,6,0,457
3,2,0,1986,1882,6,0,63.6
3,3,0,1986,1882,6,0,23
3,4,0,1986,1882,6,0,4489
3,5,0,1986,1882,6,0,24
3,6,0,1986,1882,6,0,78.9
3,7,0,1986,1882,6,0,56
3,8,0,1986,2040,6,0,379
3,9,0,1985,1823,6,0,1262
3,10,0,1985,1823,6,0,6
3,11,0,1985,1986,6,0,54
3,12,0,1986,3431,6,0,83
3,13,0,1986,3431,6,0,967
3,14,0,1986,3431,6,0,10
3,15,0,1986,2027,6,0,56
3,16,0,1986,1882,6,0,5
3,17,0,1986,2040,6,0,3
3,18,0,1986,2023,6,0,7
3,19,0,1986,2023,6,0,90
3,20,0,1986,1817,6,0,327
3,21,0,1986,2198,6,0,8
3,22,0,1986,1891,6,0,4
3,23,0,1986,1817,6,0,3
3,24,0,1986,2543,6,0,11
3,25,0,1986,1825,6,0,2
3,26,0,1986,2480,6,0,247
3,27,0,1986,2480,6,0,1
3,28,0,1986,2480,6,0,73
3,29,0,1986,2480,6,0,830
3,30,0,0,0,0,0,0
3,31,0,1985,1885,6,0,33
3,32,0,1986,2150,6,0,42
3,33,0,1986,2150,6,0,31
3,34,0,1985,2150,6,0,55
3,35,0,1986,2150,6,0,47
3,36,0,1986,2150,6,0,47
3,37,0,1986,2150,6,0,73.8
3,38,0,0,0,0,0,0
3,39,0,1985,2276,6,0,42.6
3,40,0,1985,2276,6,0,4860
3,41,0,1985,2276,6,0,61
3,42,0,1986,1817,6,0,41
3,43,0,1986,1865,6,0,141
3,44,0,1986,2048,6,0,8
0,0,2,1985,1895,10,18,34
0,1,15,1986,1895,10,15,24
0,2,12,1985,2286,10,13,83.3
0,3,11,1985,1895,10,11,3
0,4,15,1986,1895,10,15,274
0,5,10,1985,1895,10,11,3
0,6,12,1985,2286,10,13,151.6
0,7,1,1986,1895,10,8,63
0,8,13,1985,1854,10,17,31
0,9,11,1985,1947,10,11,189
0,10,16,1985,1947,10,7,3
0,11,5,1985,1947,10,15,60
0,12,15,1986,2106,10,15,9
0,13,15,1986,2106,10,15,131
0,14,12,1985,2106,10,13,3
0,15,1,1986,2238,10,8,63
0,16,12,1985,1947,10,13,2
0,17,8,1985,1895,10,9,1
0,18,1,1985,2353,10,6,2
0,19,11,1985,2477,10,11,48
0,20,9,1986,1839,10,11,13
0,21,8,1985,1839,10,9,7
0,22,8,1985,1839,10,9,2
0,23,4,1985,2046,10,5,1
0,24,6,1985,2018,10,8,33
0,25,11,1985,2477,10,11,1
0,26,5,1986,1854,10,16,41
0,27,0,0,0,0,0,0
0,28,16,1986,2238,10,9,29
0,29,3,1986,1983,10,8,186
0,30,11,1985,1947,10,11,1
0,31,11,1985,1947,10,11,100
0,32,7,1985,2567,10,14,3
0,33,13,1985,2567,10,17,3
0,34,12,1986,2567,10,6,57
0,35,11,1985,2567,10,11,5
0,36,11,1985,2567,10,11,5
0,37,3,1985,2567,10,12,100
0,38,1,1985,2567,10,6,100
0,39,3,1986,2994,10,8,55
0,40,1,1985,2994,10,6,371
0,41,2,1985,2994,10,18,61
0,42,10,1986,1839,10,13,10
0,43,1,1986,3428,10,8,10
0,44,1,1985,1884,10,6,1
1,0,0,1986,1895,10,0,353
1,1,0,1986,1895,10,0,198
1,2,0,1985,1895,10,0,65.8
1,3,0,1986,1895,10,0,12
1,4,0,1986,1895,10,0,2104
1,5,0,1986,1895,10,0,15
1,6,0,1985,1895,10,0,80.5
1,7,0,1986,1895,10,0,63
1,8,0,1986,1854,10,0,425
1,9,0,1986,1854,10,0,1621
1,10,0,1985,1947,10,0,13
1,11,0,1985,1947,10,0,60
1,12,0,1985,1983,10,0,75
1,13,0,1985,1983,10,0,884
1,14,0,1986,1983,10,0,7
1,15,0,1986,2238,10,0,63
1,16,0,1985,1947,10,0,4
1,17,0,1985,1947,10,0,3
1,18,0,1985,2353,10,0,4
1,19,0,1985,2477,10,0,68
1,20,0,1986,1839,10,0,100
1,21,0,1985,1839,10,0,26
1,22,0,1986,1839,10,0,6
1,23,0,1985,2098,10,0,2
1,24,0,1985,2018,10,0,33
1,25,0,1985,2477,10,0,1
1,26,0,1985,2120,10,0,229
1,27,0,0,0,0,0,0
1,28,0,1986,2238,10,0,29
1,29,0,1986,1854,10,0,953
1,30,0,1985,1947,10,0,1
1,31,0,1985,1947,10,0,100
1,32,0,1985,2567,10,0,26
1,33,0,1985,2567,10,0,19
1,34,0,1986,2567,10,0,57
1,35,0,1985,2567,10,0,36
1,36,0,1985,2567,10,0,35
1,37,0,1985,2567,10,0,73.1
1,38,0,1985,2567,10,0,97.2
1,39,0,1985,2994,10,0,44.4
1,40,0,1985,2994,10,0,4348
1,41,0,1985,2994,10,0,61
1,42,0,1986,1839,10,0,29
1,43,0,1986,3428,10,0,96
1,44,0,1985,2083,10,0,4
2,0,0,0,0,0,0,0
2,1,0,0,0,0,0,0
2,2,0,0,0,0,0,0
2,3,0,0,0,0,0,0
2,4,0,0,0,0,0,0
2,5,0,0,0,0,0,0
2,6,0,0,0,0,0,0
2,7,0,0,0,0,0,0
2,8,0,0,0,0,0,0
2,9,0,0,0,0,0,0
2,10,0,0,0,0,0,0
2,11,0,0,0,0,0,0
2,12,0,0,0,0,0,0
2,13,0,0,0,0,0,0
2,14,0,0,0,0,0,0
2,15,0,0,0,0,0,0
2,16,0,0,0,0,0,0
2,17,0,0,0,0,0,0
2,18,0,0,0,0,0,0
2,19,0,0,0,0,0,0
2,20,0,0,0,0,0,0
2,21,0,0,0,0,0,0
2,22,0,0,0,0,0,0
2,23,0,0,0,0,0,0
2,24,0,0,0,0,0,0
2,25,0,0,0,0,0,0
2,26,0,0,0,0,0,0
2,27,0,0,0,0,0,0
2,28,0,0,0,0,0,0
2,29,0,0,0,0,0,0
2,30,0,0,0,0,0,0
2,31,0,0,0,0,0,0
2,32,0,0,0,0,0,0
2,33,0,0,0,0,0,0
2,34,0,0,0,0,0,0
2,35,0,0,0,0,0,0
2,36,0,0,0,0,0,0
2,37,0,0,0,0,0,0
2,38,0,0,0,0,0,0
2,39,0,0,0,0,0,0
2,40,0,0,0,0,0,0
2,41,0,0,0,0,0,0
2,42,0,0,0,0,0,0
2,43,0,0,0,0,0,0
2,44,0,0,0,0,0,0
3,0,0,1986,1895,10,0,637
3,1,0,1986,1895,10,0,385
3,2,0,1985,1895,10,0,65.8
3,3,0,1986,1895,10,0,22
3,4,0,1986,1895,10,0,3911
3,5,0,1986,1895,10,0,25
3,6,0,1985,1895,10,0,80.5
3,7,0,1986,1895,10,0,63
3,8,0,1986,1854,10,0,656
3,9,0,1986,1854,10,0,2367
3,10,0,1986,1947,10,0,25
3,11,0,1985,1947,10,0,60
3,12,0,1986,1983,10,0,137
3,13,0,1986,1983,10,0,1557
3,14,0,1986,2106,10,0,12
3,15,0,1986,2238,10,0,63
3,16,0,1986,1895,10,0,5
3,17,0,1986,1947,10,0,4
3,18,0,1986,2353,10,0,5
3,19,0,1985,2477,10,0,68
3,20,0,1986,1839,10,0,193
3,21,0,1986,1839,10,0,42
3,22,0,1986,1839,10,0,9
3,23,0,1985,2098,10,0,2
3,24,0,1985,2018,10,0,33
3,25,0,1985,2477,10,0,1
3,26,0,1985,2120,10,0,229
3,27,0,0,0,0,0,0
3,28,0,1986,2238,10,0,29
3,29,0,1986,1983,10,0,1601
3,30,0,1985,1947,10,0,1
3,31,0,1985,1947,10,0,100
3,32,0,1986,2567,10,0,52
3,33,0,1986,2567,10,0,35
3,34,0,1986,2567,10,0,57
3,35,0,1986,2567,10,0,69
3,36,0,1986,2567,10,0,66
3,37,0,1985,2567,10,0,73.1
3,38,0,1985,2567,10,0,97.2
3,39,0,1985,2994,10,0,44.4
3,40,0,1986,2994,10,0,8081
3,41,0,1985,2994,10,0,61
3,42,0,1986,1839,10,0,50
3,43,0,1986,1884,10,0,116
3,44,0,1986,2188,10,0,5
0,0,15,1986,3626,14,1,45
0,1,4,1986,3626,14,16,32
0,2,10,1986,1927,14,11,80
0,3,3,1985,1994,14,13,2
0,4,4,1986,3626,14,16,304
0,5,15,1986,3626,14,1,3
0,6,1,1986,1927,14,3,143.8
0,7,8,1985,1927,14,3,73
0,8,11,1985,1809,14,12,33
0,9,2,1986,1809,14,13,204
0,10,5,1985,1809,14,1,3
0,11,10,1985,1809,14,17,81
0,12,4,1986,3345,14,16,9
0,13,8,1985,2061,14,3,116
0,14,5,1986,2067,14,15,2
0,15,8,1985,2061,14,3,73
0,16,5,1985,2415,14,1,1
0,17,5,1985,2415,14,1,1
0,18,15,1985,2471,14,18,2
0,19,5,1986,2145,14,15,48
0,20,1,1986,1858,14,3,16
0,21,8,1985,2352,14,3,2
0,22,12,1985,1972,14,16,2
0,23,4,1985,2980,14,2,1
0,24,5,1985,1938,14,1,1
0,25,3,1985,2921,14,13,1
0,26,6,1986,1809,14,4,72
0,27,16,1985,1809,14,18,1
0,28,6,1986,1809,14,4,73
0,29,6,1985,1809,14,17,174
0,30,0,0,0,0,0,0
0,31,6,1985,1809,14,17,42
0,32,7,1985,2274,14,10,4
0,33,8,1985,2274,14,3,3
0,34,4,1986,2274,14,16,56
0,35,5,1985,2274,14,1,6
0,36,5,1985,2274,14,1,6
0,37,1,1985,2274,14,15,100
0,38,1,1985,2274,14,15,100
0,39,7,1985,3055,14,10,51.7
0,40,2,1985,3055,14,4,494
0,41,1,1985,2274,14,15,59
0,42,1,1985,2352,14,15,6
0,43,7,1986,1835,14,12,14
0,44,4,1985,1934,14,2,1
1,0,0,1986,3626,14,0,289
1,1,0,1986,3626,14,0,189
1,2,0,1986,1927,14,0,68.4
1,3,0,1985,1994,14,0,8
1,4,0,1986,3626,14,0,2009
1,5,0,1986,3626,14,0,13
1,6,0,1986,1927,14,0,104.1
1,7,0,1985,1927,14,0,73
1,8,0,1985,1809,14,0,422
1,9,0,1985,1809,14,0,1889
1,10,0,1985,1809,14,0,13
1,11,0,1985,1809,14,0,81
1,12,0,1986,3345,14,0,73
1,13,0,1986,1988,14,0,1038
1,14,0,1986,1988,14,0,10
1,15,0,1985,2061,14,0,73
1,16,0,1985,1809,14,0,2
1,17,0,1985,1809,14,0,1
1,18,0,1985,1938,14,0,2
1,19,0,1986,2145,14,0,48
1,20,0,1985,1858,14,0,147
1,21,0,1985,1972,14,0,6
1,22,0,1985,2054,14,0,3
1,23,0,1985,1972,14,0,2
1,24,0,1985,1938,14,0,1
1,25,0,1985,2921,14,0,1
1,26,0,1986,1809,14,0,291
1,27,0,1985,1809,14,0,1
1,28,0,1986,1809,14,0,73
1,29,0,1985,1809,14,0,999
1,30,0,0,0,0,0,0
1,31,0,1985,1809,14,0,42
1,32,0,1986,2274,14,0,33
1,33,0,1986,2274,14,0,25
1,34,0,1986,2274,14,0,56
1,35,0,1986,2274,14,0,44
1,36,0,1986,2274,14,0,43
1,37,0,1986,2274,14,0,75.8
1,38,0,1986,2274,14,0,97.7
1,39,0,1986,3055,14,0,44.4
1,40,0,1985,3055,14,0,3837
1,41,0,1985,2274,14,0,59
1,42,0,1985,1858,14,0,31
1,43,0,1985,1835,14,0,88
1,44,0,1985,1934,14,0,2
2,0,0,1986,3626,14,12,28
2,1,0,1986,3626,14,12,23
2,2,0,1986,3626,14,7,92.3
2,3,0,1986,3626,14,16,1
2,4,0,1986,3626,14,12,223
2,5,0,1986,1927,14,7,2
2,6,0,1986,1927,14,7,144.4
2,7,0,1986,3626,14,16,56
2,8,0,1986,1809,14,16,26
2,9,0,1986,1809,14,7,61
2,10,0,1986,1910,14,12,1
2,11,0,1986,1910,14,7,28
2,12,0,1986,3345,14,7,8
2,13,0,1986,3345,14,7,109
2,14,0,1986,1988,14,16,1
2,15,0,1986,1988,14,16,56
2,16,0,1986,2061,14,16,1
2,17,0,1986,2061,14,16,1
2,18,0,1986,2396,14,16,1
2,19,0,1986,2396,14,16,3
2,20,0,1986,1938,14,16,11
2,21,0,1986,2639,14,16,1
2,22,0,1986,2145,14,12,1
2,23,0,1986,2145,14,12,1
2,24,0,1986,2145,14,12,1
2,25,0,0,0,0,0,0
2,26,0,1986,1809,14,16,37
2,27,0,0,0,0,0,0
2,28,0,1986,1809,14,16,20
2,29,0,1986,3345,14,7,94
2,30,0,0,0,0,0,0
2,31,0,1986,1809,14,12,39
2,32,0,1986,2274,14,16,2
2,33,0,1986,2274,14,16,1
2,34,0,1986,2274,14,7,51
2,35,0,1986,2274,14,7,4
2,36,0,1986,2274,14,7,4
2,37,0,1986,2274,14,7,100
2,38,0,1986,2274,14,16,100
2,39,0,1986,3055,14,16,52.5
2,40,0,1986,3055,14,12,330
2,41,0,1986,3055,14,16,58
2,42,0,1986,2352,14,12,2
2,43,0,1986,1835,14,12,8
2,44,0,0,0,0,0,0
3,0,0,1986,1927,14,0,342
3,1,0,1986,1927,14,0,224
3,2,0,1986,1927,14,0,65.5
3,3,0,1985,1994,14,0,8
3,4,0,1986,1927,14,0,2575
3,5,0,1986,1927,14,0,15
3,6,0,1986,3626,14,0,100.5
3,7,0,1985,1927,14,0,73
3,8,0,1986,1809,14,0,766
3,9,0,1986,1809,14,0,3436
3,10,0,1986,1809,14,0,25
3,11,0,1985,1809,14,0,81
3,12,0,1986,2061,14,0,92
3,13,0,1986,2061,14,0,1060
3,14,0,1986,1988,14,0,10
3,15,0,1985,2061,14,0,73
3,16,0,1986,1809,14,0,3
3,17,0,1985,1809,14,0,1
3,18,0,1986,2145,14,0,3
3,19,0,1986,2396,14,0,65
3,20,0,1986,1858,14,0,280
3,21,0,1986,2322,14,0,9
3,22,0,1986,2352,14,0,4
3,23,0,1986,1938,14,0,3
3,24,0,1985,1938,14,0,1
3,25,0,1985,2921,14,0,1
3,26,0,1986,1809,14,0,570
3,27,0,1985,1809,14,0,1
3,28,0,1986,1809,14,0,73
3,29,0,1986,1809,14,0,1669
3,30,0,0,0,0,0,0
3,31,0,1985,1809,14,0,42
3,32,0,1986,2274,14,0,60
3,33,0,1986,2274,14,0,45
3,34,0,1986,2274,14,0,56
3,35,0,1986,2274,14,0,80
3,36,0,1986,2274,14,0,78
3,37,0,1986,2274,14,0,75
3,38,0,1986,2274,14,0,97.5
3,39,0,1985,2274,14,0,44
3,40,0,1986,3055,14,0,7432
3,41,0,1985,2274,14,0,59
3,42,0,1986,1858,14,0,47
3,43,0,1986,1835,14,0,176
3,44,0,1986,1934,14,0,4
0,0,2,1985,1987,16,3,36
0,1,2,1985,1987,16,3,25
0,2,13,1985,1987,16,14,100
0,3,7,1985,1923,16,1,1
0,4,16,1985,1923,16,11,494
0,5,16,1985,1923,16,11,6
0,6,13,1985,1923,16,14,158.3
0,7,9,1985,1923,16,10,68
0,8,6,1986,3622,16,3,30
0,9,11,1986,3622,16,14,205
0,10,6,1986,2169,16,3,2
0,11,11,1986,3622,16,14,65
0,12,15,1986,1852,16,13,8
0,13,16,1985,1827,16,11,248
0,14,16,1985,1827,16,11,4
0,15,9,1985,2124,16,10,68
0,16,10,1985,1923,16,12,3
0,17,3,1985,1852,16,15,1
0,18,1,1985,2335,16,4,1
0,19,14,1985,2706,16,18,95
0,20,11,1985,1843,16,15,17
0,21,10,1985,1829,16,12,2
0,22,1,1985,2783,16,4,1
0,23,10,1985,1923,16,12,2
0,24,10,1986,1829,16,18,14
0,25,1,1985,2335,16,4,1
0,26,9,1986,2435,16,12,60
0,27,0,0,0,0,0,0
0,28,9,1986,2435,16,12,63
0,29,13,1985,2706,16,14,144
0,30,0,0,0,0,0,0
0,31,13,1985,2706,16,14,69
0,32,2,1985,2102,16,3,4
0,33,6,1985,2102,16,18,4
0,34,14,1985,2102,16,18,52
0,35,13,1985,2102,16,14,8
0,36,13,1985,2102,16,14,8
0,37,6,1985,2102,16,18,100
0,38,1,1985,2102,16,4,100
0,39,5,1985,2995,16,13,49.5
0,40,13,1986,2863,16,2,451
0,41,2,1986,2863,16,15,64
0,42,7,1986,2062,16,15,10
0,43,16,1985,1932,16,11,11
0,44,9,1985,2515,16,10,4
1,0,0,1985,1923,16,0,334
1,1,0,1986,1923,16,0,223
1,2,0,1986,1923,16,0,69.7
1,3,0,1986,1923,16,0,6
1,4,0,1985,1923,16,0,3570
1,5,0,1985,1923,16,0,31
1,6,0,1985,1923,16,0,124
1,7,0,1985,1923,16,0,68
1,8,0,1986,3622,16,0,323
1,9,0,1986,3622,16,0,1442
1,10,0,1986,3622,16,0,6
1,11,0,1986,3622,16,0,65
1,12,0,1986,1827,16,0,68
1,13,0,1985,1827,16,0,1274
1,14,0,1986,1827,16,0,13
1,15,0,1985,2124,16,0,68
1,16,0,1985,1923,16,0,9
1,17,0,1985,1923,16,0,3
1,18,0,1985,2335,16,0,6
1,19,0,1985,2335,16,0,189
1,20,0,1985,1843,16,0,173
1,21,0,1986,1955,16,0,7
1,22,0,1986,1955,16,0,6
1,23,0,1985,1923,16,0,5
1,24,0,1986,1829,16,0,14
1,25,0,1985,2335,16,0,3
1,26,0,1986,2706,16,0,177
1,27,0,0,0,0,0,0
1,28,0,1986,2435,16,0,63
1,29,0,1986,2706,16,0,771
1,30,0,0,0,0,0,0
1,31,0,1985,2706,16,0,69
1,32,0,1985,2102,16,0,38
1,33,0,1985,2102,16,0,24
1,34,0,1985,2102,16,0,52
1,35,0,1985,2102,16,0,47
1,36,0,1985,2102,16,0,46
1,37,0,1985,2102,16,0,63.2
1,38,0,1985,2102,16,0,97.9
1,39,0,1986,2863,16,0,44.3
1,40,0,1986,2863,16,0,4344
1,41,0,1986,2863,16,0,64
1,42,0,1985,1843,16,0,25
1,43,0,1985,1932,16,0,105
1,44,0,1985,2515,16,0,18
2,0,0,1986,1923,16,14,36
2,1,0,1986,1923,16,14,27
2,2,0,1986,1923,16,14,75
2,3,0,1986,1923,16,14,1
2,4,0,1986,1923,16,14,249
2,5,0,0,0,0,0,0
2,6,0,1986,1923,16,14,81.8
2,7,0,1985,1923,16,17,47
2,8,0,1985,2169,16,17,20
2,9,0,1985,2169,16,17,32
2,10,0,1985,1864,16,17,1
2,11,0,1986,2293,16,14,19
2,12,0,1986,1827,16,14,9
2,13,0,1985,1852,16,17,111
2,14,0,0,0,0,0,0
2,15,0,1985,1852,16,17,47
2,16,0,1985,1923,16,17,1
2,17,0,0,0,0,0,0
2,18,0,1985,1955,16,17,1
2,19,0,1985,1955,16,17,30
2,20,0,1985,1843,16,17,10
2,21,0,1985,1955,16,17,1
2,22,0,1986,2335,16,14,1
2,23,0,1985,1923,16,17,1
2,24,0,1986,3540,16,14,2
2,25,0,0,0,0,0,0
2,26,0,1986,2706,16,14,22
2,27,0,0,0,0,0,0
2,28,0,1986,2706,16,14,12
2,29,0,1985,2706,16,17,75
2,30,0,0,0,0,0,0
2,31,0,1986,1827,16,14,30
2,32,0,1985,2102,16,17,1
2,33,0,0,0,0,0,0
2,34,0,0,0,0,0,0
2,35,0,1985,2102,16,17,1
2,36,0,1985,2102,16,17,1
2,37,0,0,0,0,0,0
2,38,0,1985,2102,16,17,100
2,39,0,1986,2863,16,14,44.7
2,40,0,1985,2995,16,17,339
2,41,0,1986,2863,16,14,62
2,42,0,1985,1955,16,17,4
2,43,0,1985,2446,16,17,8
2,44,0,1985,2042,16,17,2
3,0,0,1986,1923,16,0,654
3,1,0,1986,1923,16,0,424
3,2,0,1986,1923,16,0,64.8
3,3,0,1986,1923,16,0,9
3,4,0,1986,1923,16,0,6031
3,5,0,1986,1923,16,0,52
3,6,0,1985,1923,16,0,124
3,7,0,1985,1923,16,0,68
3,8,0,1986,2169,16,0,363
3,9,0,1986,3622,16,0,1442
3,10,0,1986,3622,16,0,6
3,11,0,1986,3622,16,0,65
3,12,0,1986,1827,16,0,123
3,13,0,1986,1827,16,0,2410
3,14,0,1986,1827,16,0,25
3,15,0,1985,2124,16,0,68
3,16,0,1986,1923,16,0,14
3,17,0,1986,1923,16,0,4
3,18,0,1986,2335,16,0,7
3,19,0,1986,2335,16,0,217
3,20,0,1986,1843,16,0,310
3,21,0,1986,1829,16,0,8
3,22,0,1986,1955,16,0,6
3,23,0,1986,1923,16,0,6
3,24,0,1986,1829,16,0,26
3,25,0,1985,2335,16,0,3
3,26,0,1986,2706,16,0,283
3,27,0,0,0,0,0,0
3,28,0,1986,2435,16,0,63
3,29,0,1986,2706,16,0,1519
3,30,0,0,0,0,0,0
3,31,0,1985,2706,16,0,69
3,32,0,1986,2102,16,0,62
3,33,0,1986,2102,16,0,43
3,34,0,1985,2102,16,0,52
3,35,0,1986,2102,16,0,87
3,36,0,1986,2102,16,0,84
3,37,0,1986,2102,16,0,69.4
3,38,0,1985,2102,16,0,97.9
3,39,0,1986,2863,16,0,44.3
3,40,0,1986,2863,16,0,4344
3,41,0,1986,2863,16,0,64
3,42,0,1986,1843,16,0,33
3,43,0,1986,1932,16,0,181
3,44,0,1986,2130,16,0,20
0,0,1,1986,1945,17,4,42
0,1,1,1986,1945,17,4,32
0,2,10,1985,1945,17,14,94.7
0,3,2,1985,1945,17,2,2
0,4,4,1986,1945,17,11,247
0,5,4,1986,1945,17,11,4
0,6,10,1985,1945,17,14,152.9
0,7,12,1985,1881,17,11,58
0,8,10,1986,3582,17,4,31
0,9,3,1985,1814,17,3,154
0,10,3,1986,1896,17,14,2
0,11,16,1985,2292,17,15,80
0,12,1,1986,1968,17,4,8
0,13,13,1985,1912,17,10,106
0,14,4,1986,2163,17,11,3
0,15,12,1985,1966,17,11,58
0,16,13,1985,1814,17,10,2
0,17,1,1985,2412,17,13,1
0,18,9,1985,2622,17,18,2
0,19,6,1985,2716,17,14,70
0,20,5,1986,1810,17,18,23
0,21,8,1985,1857,17,16,3
0,22,16,1985,1810,17,15,2
0,23,1,1985,1814,17,13,1
0,24,1,1986,2194,17,4,9
0,25,3,1985,2202,17,3,1
0,26,4,1985,2412,17,16,77
0,27,0,0,0,0,0,0
0,28,4,1985,2412,17,16,64
0,29,15,1986,1912,17,12,171
0,30,0,0,0,0,0,0
0,31,3,1985,2173,17,3,34
0,32,3,1985,2344,17,3,3
0,33,3,1985,2344,17,3,3
0,34,12,1986,2344,17,13,49
0,35,4,1986,2344,17,11,4
0,36,4,1986,2344,17,11,4
0,37,1,1985,2344,17,13,100
0,38,1,1985,2344,17,13,100
0,39,2,1986,2862,17,3,54
0,40,7,1986,2862,17,18,410
0,41,7,1985,2862,17,15,58
0,42,2,1985,1810,17,2,5
0,43,5,1986,3578,17,18,13
0,44,9,1985,2244,17,18,2
1,0,0,1986,1945,17,0,319
1,1,0,1986,1945,17,0,224
1,2,0,1986,1945,17,0,70.2
1,3,0,1985,1945,17,0,7
1,4,0,1986,1945,17,0,1978
1,5,0,1985,1945,17,0,11
1,6,0,1986,1945,17,0,91.4
1,7,0,1985,1881,17,0,58
1,8,0,1986,3582,17,0,360
1,9,0,1985,1814,17,0,1269
1,10,0,1986,1896,17,0,7
1,11,0,1985,2292,17,0,80
1,12,0,1986,1966,17,0,79
1,13,0,1986,1966,17,0,792
1,14,0,1985,2412,17,0,7
1,15,0,1985,1966,17,0,58
1,16,0,1985,1814,17,0,4
1,17,0,1985,1945,17,0,2
1,18,0,1985,2622,17,0,5
1,19,0,1985,2716,17,0,70
1,20,0,1985,1810,17,0,222
1,21,0,1985,1857,17,0,11
1,22,0,1985,1810,17,0,2
1,23,0,1986,1968,17,0,3
1,24,0,1986,2194,17,0,9
1,25,0,1985,2202,17,0,1
1,26,0,1986,1912,17,0,246
1,27,0,0,0,0,0,0
1,28,0,1985,2412,17,0,64
1,29,0,1986,1912,17,0,758
1,30,0,0,0,0,0,0
1,31,0,1985,2173,17,0,34
1,32,0,1986,2344,17,0,29
1,33,0,1985,2344,17,0,22
1,34,0,1986,2344,17,0,49
1,35,0,1985,2344,17,0,31
1,36,0,1985,2344,17,0,31
1,37,0,1985,2344,17,0,81.5
1,38,0,1985,2344,17,0,100
1,39,0,1985,2862,17,0,43.1
1,40,0,1985,2862,17,0,4098
1,41,0,1985,2862,17,0,58
1,42,0,1985,1810,17,0,27
1,43,0,1985,1915,17,0,82
1,44,0,1986,2244,17,0,5
2,0,0,1985,1881,17,12,30
2,1,0,1985,1881,17,12,16
2,2,0,1985,1881,17,16,70.6
2,3,0,1985,1881,17,12,2
2,4,0,1985,1881,17,16,150
2,5,0,1985,1881,17,12,1
2,6,0,1985,1881,17,4,93.2
2,7,0,1985,1881,17,16,41
2,8,0,1985,1814,17,16,32
2,9,0,1985,1814,17,16,84
2,10,0,1985,1814,17,16,1
2,11,0,1985,1814,17,16,18
2,12,0,1985,1912,17,12,6
2,13,0,1985,1912,17,16,61
2,14,0,1985,1912,17,12,1
2,15,0,1985,1966,17,16,41
2,16,0,1985,1912,17,12,1
2,17,0,1985,1881,17,4,1
2,18,0,1985,2622,17,12,1
2,19,0,1985,2622,17,12,42
2,20,0,1985,1810,17,12,18
2,21,0,1985,1857,17,16,2
2,22,0,1985,2194,17,16,1
2,23,0,1985,1912,17,12,1
2,24,0,0,0,0,0,0
2,25,0,1985,2622,17,12,1
2,26,0,1985,1912,17,12,73
2,27,0,0,0,0,0,0
2,28,0,1985,1912,17,12,73
2,29,0,1985,1912,17,12,71
2,30,0,0,0,0,0,0
2,31,0,1985,1912,17,4,30
2,32,0,1985,2344,17,16,3
2,33,0,1985,2344,17,16,3
2,34,0,1985,2344,17,16,42
2,35,0,1985,2344,17,12,3
2,36,0,1985,2344,17,12,3
2,37,0,1985,2344,17,16,100
2,38,0,1985,2344,17,16,100
2,39,0,1985,2862,17,4,44.3
2,40,0,1985,2862,17,12,351
2,41,0,1985,2862,17,12,58
2,42,0,1985,2329,17,16,3
2,43,0,1985,1837,17,16,8
2,44,0,1985,1915,17,12,1
3,0,0,1986,1945,17,0,554
3,1,0,1986,1945,17,0,384
3,2,0,1986,1945,17,0,69.3
3,3,0,1986,1945,17,0,12
3,4,0,1986,1945,17,0,3593
3,5,0,1986,1945,17,0,22
3,6,0,1986,1945,17,0,91.1
3,7,0,1985,1881,17,0,58
3,8,0,1986,3582,17,0,360
3,9,0,1985,1814,17,0,1269
3,10,0,1986,1896,17,0,13
3,11,0,1985,2292,17,0,80
3,12,0,1986,1966,17,0,134
3,13,0,1986,1966,17,0,1540
3,14,0,1986,1966,17,0,8
3,15,0,1985,1966,17,0,58
3,16,0,1986,1945,17,0,5
3,17,0,1986,1966,17,0,3
3,18,0,1985,2622,17,0,5
3,19,0,1985,2716,17,0,70
3,20,0,1986,1810,17,0,423
3,21,0,1986,1857,17,0,12
3,22,0,1986,2622,17,0,3
3,23,0,1986,1968,17,0,3
3,24,0,1986,2194,17,0,9
3,25,0,1985,2202,17,0,1
3,26,0,1986,1912,17,0,326
3,27,0,0,0,0,0,0
3,28,0,1985,2412,17,0,64
3,29,0,1986,1912,17,0,930
3,30,0,0,0,0,0,0
3,31,0,1985,2173,17,0,34
3,32,0,1986,2344,17,0,56
3,33,0,1986,2344,17,0,42
3,34,0,1986,2344,17,0,49
3,35,0,1986,2344,17,0,56
3,36,0,1986,2344,17,0,56
3,37,0,1985,2344,17,0,81.5
3,38,0,1985,2344,17,0,100
3,39,0,1985,2862,17,0,43.1
3,40,0,1986,2862,17,0,8138
3,41,0,1985,2862,17,0,58
3,42,0,1986,1810,17,0,51
3,43,0,1986,1915,17,0,154
3,44,0,1986,2244,17,0,9
