CoachID,TeamID,FirstName,LastName,Age,Experience,Job,Salary,Years,Background,Reputation,Intelligence,Discipline,Motivating,Focus,Def. Scheme,LB Use,DL Use,Cover Pref,KeyDefPos,Off. Scheme,PassPref,PassTargetPref,RunPref,TERole,RBRole,WRPref,FBRole,QBPref,CoachingOff,CoachingDef,Prep,AssessAbility,AssessPotential,Scouting,Recruiting,Youngsters,Development,PhysicalTraining,AttentionToDetail,TrainDLine,TrainLBs,TrainDBs,TrainSTS,TrainOL,TrainOffSkill,TrainQB,Loyalty,Leadership,Charisma,Reputation,Flexibility,HomeStateID,Style,Attitude,Trait,FourthDownPref,FaceSet,Face,Clothes,Hairstyle
296434,4,John,Madden,56,7,HeadCoach,10,17,ProCoach,99,5,6,7,Run,D43Hybrid,Mixed,Mixed,Man,S,PowerHybrid,Balanced,Outside,Power,Mixed,Running,Mixed,Blocking,Pocket,10,10,10,0,0,2,,5,6,5,5,6,6,2,5,6,5,5,10,6,6,0,10,,Aggressive,Enthusiastic,Motivator,NotSet,c,0265.png,5.png,black_3079.png
474993,4,Tom,Flores,54,7,OffensiveCoordinator,4,4,None,84,5,5,5,NotSet,NotSet,NotSet,NotSet,NotSet,NotSet,NotSet,NotSet,NotSet,NotSet,NotSet,NotSet,NotSet,NotSet,NotSet,6,5,5,5,5,7,,5,5,5,5,5,5,5,5,5,5,5,5,5,5,0,5,,Conservative,Stern,Developer,NotSet,b,0282.png,14.png,bald_3012.png
180957,4,Bob,Zemen,54,7,DefensiveCoordinator,4,4,None,84,5,5,5,NotSet,NotSet,NotSet,NotSet,NotSet,NotSet,NotSet,NotSet,NotSet,NotSet,NotSet,NotSet,NotSet,NotSet,NotSet,5,5,7,5,6,6,,5,5,5,5,5,5,5,5,5,5,5,5,5,5,0,5,,Balanced,Silent,Tutor,NotSet,c,0263.png,15.png,darkbrown_3016.png
460269,4,Linwood,Maness,42,3,HeadTrainer,0.4,4,None,60,1,1,1,NotSet,NotSet,NotSet,NotSet,NotSet,NotSet,NotSet,NotSet,NotSet,NotSet,NotSet,NotSet,NotSet,NotSet,NotSet,1,1,1,1,1,1,,1,1,1,1,1,1,1,1,1,1,1,1,1,1,0,1,,Conservative,Volatile,Persuader,NotSet,,,,
396550,4,Donald,Gardner,47,10,HeadScout,0.4,4,None,60,1,1,1,NotSet,NotSet,NotSet,NotSet,NotSet,NotSet,NotSet,NotSet,NotSet,NotSet,NotSet,NotSet,NotSet,NotSet,NotSet,1,1,1,1,1,1,,1,1,1,1,1,1,1,1,1,1,1,1,1,1,0,1,,Balanced,Enthusiastic,NotSet,NotSet,,,,
483176,4,Oscar,Danielson,39,3,QBCoach,0.4,4,None,60,1,1,1,NotSet,NotSet,NotSet,NotSet,NotSet,NotSet,NotSet,NotSet,NotSet,NotSet,NotSet,NotSet,NotSet,NotSet,NotSet,1,1,1,1,1,1,,1,1,1,1,1,1,1,1,1,1,1,1,1,1,0,1,,Aggressive,Enthusiastic,NotSet,NotSet,,,,
30170,4,Roger,Locklear,44,8,SkillPositionCoach,0.4,4,None,60,1,1,1,NotSet,NotSet,NotSet,NotSet,NotSet,NotSet,NotSet,NotSet,NotSet,NotSet,NotSet,NotSet,NotSet,NotSet,NotSet,1,1,1,1,1,1,,1,1,1,1,1,1,1,1,1,1,1,1,1,1,0,1,,Aggressive,Stern,Recruiter,NotSet,,,,
224798,4,Jason,Martinez,38,3,SpecialTeamsCoach,0.4,4,None,60,1,1,1,NotSet,NotSet,NotSet,NotSet,NotSet,NotSet,NotSet,NotSet,NotSet,NotSet,NotSet,NotSet,NotSet,NotSet,NotSet,1,1,1,1,1,1,,1,1,1,1,1,1,1,1,1,1,1,1,1,1,0,1,,Aggressive,Stern,Recruiter,NotSet,,,,
8917,4,Willie,Wilks,42,3,OLCoach,0.4,4,None,60,1,1,1,NotSet,NotSet,NotSet,NotSet,NotSet,NotSet,NotSet,NotSet,NotSet,NotSet,NotSet,NotSet,NotSet,NotSet,NotSet,1,1,1,1,1,1,,1,1,1,1,1,1,1,1,1,1,1,1,1,1,0,1,,Balanced,Volatile,Tactician,NotSet,,,,
144598,4,Warren,Ricker,36,3,DLCoach,0.4,4,None,60,1,1,1,NotSet,NotSet,NotSet,NotSet,NotSet,NotSet,NotSet,NotSet,NotSet,NotSet,NotSet,NotSet,NotSet,NotSet,NotSet,1,1,1,1,1,1,,1,1,1,1,1,1,1,1,1,1,1,1,1,1,0,1,,Conservative,Professional,NotSet,NotSet,,,,
359292,4,Shannon,Coates,47,3,LBCoach,0.4,4,None,60,1,1,1,NotSet,NotSet,NotSet,NotSet,NotSet,NotSet,NotSet,NotSet,NotSet,NotSet,NotSet,NotSet,NotSet,NotSet,NotSet,1,1,1,1,1,1,,1,1,1,1,1,1,1,1,1,1,1,1,1,1,0,1,,Conservative,Volatile,Tutor,NotSet,,,,
331354,4,Brandon,Johnson,41,3,DBCoach,0.4,4,None,60,1,1,1,NotSet,NotSet,NotSet,NotSet,NotSet,NotSet,NotSet,NotSet,NotSet,NotSet,NotSet,NotSet,NotSet,NotSet,NotSet,1,1,1,1,1,1,,1,1,1,1,1,1,1,1,1,1,1,1,1,1,0,1,,Conservative,Professional,Tactician,NotSet,,,,
3841,7,Ted,Lasso,45,7,HeadCoach,10,17,ProCoach,77,3,2,4,Pass,D43Hybrid,Mixed,Mixed,Zone,LB,SpreadHybrid,Balanced,Balanced,Balanced,Mixed,Running,Mixed,Blocking,Pocket,10,10,10,0,0,0,,5,6,2,3,2,3,2,3,2,5,6,10,7,8,0,10,,Aggressive,Enthusiastic,Developer,NotSet,a,96.png,13.png,
320351,7,Sam,Wyche,46,7,OffensiveCoordinator,4,4,None,92,5,6,5,NotSet,NotSet,NotSet,NotSet,NotSet,NotSet,NotSet,NotSet,NotSet,NotSet,NotSet,NotSet,NotSet,NotSet,NotSet,7,5,5,6,6,6,,5,5,5,5,5,6,5,5,5,5,5,5,5,5,0,5,,Conservative,Relaxed,NotSet,NotSet,a,100.png,47.png,
153662,7,Dick,LeBeau,54,7,DefensiveCoordinator,4,4,None,92,5,5,5,NotSet,NotSet,NotSet,NotSet,NotSet,NotSet,NotSet,NotSet,NotSet,NotSet,NotSet,NotSet,NotSet,NotSet,NotSet,5,8,5,5,5,6,,5,6,5,5,5,5,5,5,5,5,5,5,5,5,0,5,,Conservative,Stern,Recruiter,NotSet,b,0294.png,5.png,darkbrown_3062.png
109098,7,Jose,Thomas,41,3,HeadTrainer,0.4,4,None,60,1,1,1,NotSet,NotSet,NotSet,NotSet,NotSet,NotSet,NotSet,NotSet,NotSet,NotSet,NotSet,NotSet,NotSet,NotSet,NotSet,1,1,1,1,1,1,,1,1,1,1,1,1,1,1,1,1,1,1,1,1,0,1,,Aggressive,Professional,Recruiter,NotSet,c,0273.png,40.png,bald_3007.png
406991,7,William,Stroud,39,3,HeadScout,0.4,4,None,60,1,1,1,NotSet,NotSet,NotSet,NotSet,NotSet,NotSet,NotSet,NotSet,NotSet,NotSet,NotSet,NotSet,NotSet,NotSet,NotSet,1,1,1,1,1,1,,1,1,1,1,1,1,1,1,1,1,1,1,1,1,0,1,,Conservative,Silent,Networker,NotSet,a,61.png,18.png,
495715,7,Matthew,Stewart,42,3,QBCoach,0.4,4,None,60,1,1,1,NotSet,NotSet,NotSet,NotSet,NotSet,NotSet,NotSet,NotSet,NotSet,NotSet,NotSet,NotSet,NotSet,NotSet,NotSet,1,1,1,1,1,1,,1,1,1,1,1,1,1,1,1,1,1,1,1,1,0,1,,Balanced,Silent,NotSet,NotSet,,,,
230641,7,Tony,Markham,39,3,SkillPositionCoach,0.4,4,None,60,1,1,1,NotSet,NotSet,NotSet,NotSet,NotSet,NotSet,NotSet,NotSet,NotSet,NotSet,NotSet,NotSet,NotSet,NotSet,NotSet,1,1,1,1,1,1,,1,1,1,1,1,1,1,1,1,1,1,1,1,1,0,1,,Aggressive,Stern,NotSet,NotSet,,,,
497005,7,Clifford,Buckley,42,3,SpecialTeamsCoach,0.4,4,None,60,1,1,1,NotSet,NotSet,NotSet,NotSet,NotSet,NotSet,NotSet,NotSet,NotSet,NotSet,NotSet,NotSet,NotSet,NotSet,NotSet,1,1,1,1,1,1,,1,1,1,1,1,1,1,1,1,1,1,1,1,1,0,1,,Conservative,Relaxed,Persuader,NotSet,,,,
281078,7,Jesus,Hannah,37,3,OLCoach,0.4,4,None,60,1,1,1,NotSet,NotSet,NotSet,NotSet,NotSet,NotSet,NotSet,NotSet,NotSet,NotSet,NotSet,NotSet,NotSet,NotSet,NotSet,1,1,1,1,1,1,,1,1,1,1,1,1,1,1,1,1,1,1,1,1,0,1,,Balanced,Professional,Tactician,NotSet,a,14.png,49.png,
187430,7,Steven,Camacho,42,3,DLCoach,0.4,4,None,60,1,1,1,NotSet,NotSet,NotSet,NotSet,NotSet,NotSet,NotSet,NotSet,NotSet,NotSet,NotSet,NotSet,NotSet,NotSet,NotSet,1,1,1,1,1,1,,1,1,1,1,1,1,1,1,1,1,1,1,1,1,0,1,,Aggressive,Professional,Developer,NotSet,,,,
445250,7,Roberto,Ackerman,36,3,LBCoach,0.4,4,None,60,1,1,1,NotSet,NotSet,NotSet,NotSet,NotSet,NotSet,NotSet,NotSet,NotSet,NotSet,NotSet,NotSet,NotSet,NotSet,NotSet,1,1,1,1,1,1,,1,1,1,1,1,1,1,1,1,1,1,1,1,1,0,1,,Conservative,Relaxed,Networker,NotSet,,,,
169258,7,Eugene,Harper,42,3,DBCoach,0.4,4,None,60,1,1,1,NotSet,NotSet,NotSet,NotSet,NotSet,NotSet,NotSet,NotSet,NotSet,NotSet,NotSet,NotSet,NotSet,NotSet,NotSet,1,1,1,1,1,1,,1,1,1,1,1,1,1,1,1,1,1,1,1,1,0,1,,Aggressive,Relaxed,Developer,NotSet,a,82.png,46.png,
122637,8,Johnny,Mnemonic,41,7,HeadCoach,10,17,None,79,8,3,8,Balanced,D34Hybrid,Mixed,RunSupport,Zone,DL,Power,Balanced,Balanced,Balanced,Catching,Mixed,Mixed,Mixed,Mobile,10,10,10,0,2,0,,4,6,5,6,4,3,1,2,5,5,6,10,7,4,0,10,,Balanced,Enthusiastic,Tactician,NotSet,a,74.png,33.png,
411655,8,Norm,Van Brocklin,65,7,OffensiveCoordinator,4,4,None,84,5,6,5,NotSet,NotSet,NotSet,NotSet,NotSet,NotSet,NotSet,NotSet,NotSet,NotSet,NotSet,NotSet,NotSet,NotSet,NotSet,7,5,5,5,5,5,,5,5,5,5,5,5,5,5,5,5,6,5,5,5,0,5,,Aggressive,Relaxed,Recruiter,NotSet,b,0280.png,23.png,grey_3015.png
413952,8,Lou,Holtz,54,7,DefensiveCoordinator,4,4,None,84,6,5,6,NotSet,NotSet,NotSet,NotSet,NotSet,NotSet,NotSet,NotSet,NotSet,NotSet,NotSet,NotSet,NotSet,NotSet,NotSet,5,7,5,5,5,5,,5,5,5,5,5,5,5,5,5,5,5,5,5,5,0,5,,Aggressive,Stern,Motivator,NotSet,a,109.png,24.png,
74818,8,Harvey,Jones,36,3,HeadTrainer,0.4,4,None,60,1,1,1,NotSet,NotSet,NotSet,NotSet,NotSet,NotSet,NotSet,NotSet,NotSet,NotSet,NotSet,NotSet,NotSet,NotSet,NotSet,1,1,1,1,1,1,,1,1,1,1,1,1,1,1,1,1,1,1,1,1,0,1,,Aggressive,Relaxed,Tutor,NotSet,b,0278.png,45.png,blonde_3020.png
288420,8,Lewis,Gladney,45,7,HeadScout,0.4,4,None,60,1,1,1,NotSet,NotSet,NotSet,NotSet,NotSet,NotSet,NotSet,NotSet,NotSet,NotSet,NotSet,NotSet,NotSet,NotSet,NotSet,1,1,1,1,1,1,,1,1,1,1,1,1,1,1,1,1,1,1,1,1,0,1,,Aggressive,Volatile,Networker,NotSet,a,61.png,12.png,
490408,8,Pete,Lo,53,15,QBCoach,0.4,4,None,60,1,1,1,NotSet,NotSet,NotSet,NotSet,NotSet,NotSet,NotSet,NotSet,NotSet,NotSet,NotSet,NotSet,NotSet,NotSet,NotSet,1,1,1,1,1,1,,1,1,1,1,1,1,1,1,1,1,1,1,1,1,0,1,,Aggressive,Professional,Networker,NotSet,,,,
95444,8,Bennett,Butcher,37,3,SkillPositionCoach,0.4,4,None,60,1,1,1,NotSet,NotSet,NotSet,NotSet,NotSet,NotSet,NotSet,NotSet,NotSet,NotSet,NotSet,NotSet,NotSet,NotSet,NotSet,1,1,1,1,1,1,,1,1,1,1,1,1,1,1,1,1,1,1,1,1,0,1,,Aggressive,Volatile,NotSet,NotSet,b,0292.png,42.png,darkbrown_3034.png
170461,8,Dean,Clough,36,3,SpecialTeamsCoach,0.4,4,None,60,1,1,1,NotSet,NotSet,NotSet,NotSet,NotSet,NotSet,NotSet,NotSet,NotSet,NotSet,NotSet,NotSet,NotSet,NotSet,NotSet,1,1,1,1,1,1,,1,1,1,1,1,1,1,1,1,1,1,1,1,1,0,1,,Balanced,Professional,Developer,NotSet,,,,
331638,8,Richard,Williams,36,3,OLCoach,0.4,4,None,60,1,1,1,NotSet,NotSet,NotSet,NotSet,NotSet,NotSet,NotSet,NotSet,NotSet,NotSet,NotSet,NotSet,NotSet,NotSet,NotSet,1,1,1,1,1,1,,1,1,1,1,1,1,1,1,1,1,1,1,1,1,0,1,,Conservative,Professional,Tutor,NotSet,b,0298.png,13.png,lightbrown_3069.png
35601,8,Edward,Williams,39,3,DLCoach,0.4,4,None,60,1,1,1,NotSet,NotSet,NotSet,NotSet,NotSet,NotSet,NotSet,NotSet,NotSet,NotSet,NotSet,NotSet,NotSet,NotSet,NotSet,1,1,1,1,1,1,,1,1,1,1,1,1,1,1,1,1,1,1,1,1,0,1,,Balanced,Volatile,Tutor,NotSet,,,,
262205,8,James,Norfleet,38,3,LBCoach,0.4,4,None,60,1,1,1,NotSet,NotSet,NotSet,NotSet,NotSet,NotSet,NotSet,NotSet,NotSet,NotSet,NotSet,NotSet,NotSet,NotSet,NotSet,1,1,1,1,1,1,,1,1,1,1,1,1,1,1,1,1,1,1,1,1,0,1,,Conservative,Silent,NotSet,NotSet,,,,
233999,8,Gregory,Helton,40,5,DBCoach,0.4,4,None,60,1,1,1,NotSet,NotSet,NotSet,NotSet,NotSet,NotSet,NotSet,NotSet,NotSet,NotSet,NotSet,NotSet,NotSet,NotSet,NotSet,1,1,1,1,1,1,,1,1,1,1,1,1,1,1,1,1,1,1,1,1,0,1,,Conservative,Enthusiastic,NotSet,NotSet,,,,
137260,17,Paddy,Driscoll,26,7,HeadCoach,10,17,Player,77,8,4,6,Balanced,D43,Coverage,PassRush,Zone,LB,WestCoast,Balanced,Balanced,Outside,Mixed,Running,Mixed,Blocking,Mobile,10,10,10,0,0,0,,7,8,7,8,4,1,1,1,2,5,7,10,6,6,0,10,,Aggressive,Professional,Developer,NotSet,a,38.png,3.png,
246523,17,Joe,Gibbs,51,7,OffensiveCoordinator,4,4,None,86,7,6,5,NotSet,NotSet,NotSet,NotSet,NotSet,NotSet,NotSet,NotSet,NotSet,NotSet,NotSet,NotSet,NotSet,NotSet,NotSet,5,5,5,5,5,5,,6,5,5,5,5,5,5,5,5,5,5,5,5,5,0,5,,Conservative,Relaxed,Tactician,NotSet,c,0256.png,24.png,black_3098.png
225997,17,Larry,Peccatiello,56,7,DefensiveCoordinator,4,4,None,86,5,6,6,NotSet,NotSet,NotSet,NotSet,NotSet,NotSet,NotSet,NotSet,NotSet,NotSet,NotSet,NotSet,NotSet,NotSet,NotSet,5,6,5,5,5,5,,5,5,5,7,5,5,6,5,5,5,6,5,5,5,0,5,,Balanced,Professional,Tutor,NotSet,a,36.png,44.png,
390490,17,Dan,Behrens,44,3,HeadTrainer,0.4,4,None,60,1,1,1,NotSet,NotSet,NotSet,NotSet,NotSet,NotSet,NotSet,NotSet,NotSet,NotSet,NotSet,NotSet,NotSet,NotSet,NotSet,1,1,1,1,1,1,,1,1,1,1,1,1,1,1,1,1,1,1,1,1,0,1,,Aggressive,Stern,Developer,NotSet,a,70.png,10.png,
28864,17,Israel,Keeler,40,5,HeadScout,0.4,4,None,60,1,1,1,NotSet,NotSet,NotSet,NotSet,NotSet,NotSet,NotSet,NotSet,NotSet,NotSet,NotSet,NotSet,NotSet,NotSet,NotSet,1,1,1,1,1,1,,1,1,1,1,1,1,1,1,1,1,1,1,1,1,0,1,,Aggressive,Silent,Motivator,NotSet,a,43.png,2.png,
4394,17,Ross,Taylor,37,3,QBCoach,0.4,4,None,60,1,1,1,NotSet,NotSet,NotSet,NotSet,NotSet,NotSet,NotSet,NotSet,NotSet,NotSet,NotSet,NotSet,NotSet,NotSet,NotSet,1,1,1,1,1,1,,1,1,1,1,1,1,1,1,1,1,1,1,1,1,0,1,,Balanced,Volatile,Tutor,NotSet,,,,
387244,17,Darryl,Hernandez,41,3,SkillPositionCoach,0.4,4,None,60,1,1,1,NotSet,NotSet,NotSet,NotSet,NotSet,NotSet,NotSet,NotSet,NotSet,NotSet,NotSet,NotSet,NotSet,NotSet,NotSet,1,1,1,1,1,1,,1,1,1,1,1,1,1,1,1,1,1,1,1,1,0,1,,Conservative,Volatile,Tactician,NotSet,c,0258.png,48.png,bald_3019.png
123081,17,Barry,Mcgraw,38,3,SpecialTeamsCoach,0.4,4,None,60,1,1,1,NotSet,NotSet,NotSet,NotSet,NotSet,NotSet,NotSet,NotSet,NotSet,NotSet,NotSet,NotSet,NotSet,NotSet,NotSet,1,1,1,1,1,1,,1,1,1,1,1,1,1,1,1,1,1,1,1,1,0,1,,Conservative,Stern,Motivator,NotSet,,,,
262319,17,Brett,Taylor,42,3,OLCoach,0.4,4,None,60,1,1,1,NotSet,NotSet,NotSet,NotSet,NotSet,NotSet,NotSet,NotSet,NotSet,NotSet,NotSet,NotSet,NotSet,NotSet,NotSet,1,1,1,1,1,1,,1,1,1,1,1,1,1,1,1,1,1,1,1,1,0,1,,Aggressive,Enthusiastic,Developer,NotSet,b,0293.png,34.png,darkbrown_3030.png
300035,17,Fred,Aranda,36,3,DLCoach,0.4,4,None,60,1,1,1,NotSet,NotSet,NotSet,NotSet,NotSet,NotSet,NotSet,NotSet,NotSet,NotSet,NotSet,NotSet,NotSet,NotSet,NotSet,1,1,1,1,1,1,,1,1,1,1,1,1,1,1,1,1,1,1,1,1,0,1,,Aggressive,Relaxed,NotSet,NotSet,a,108.png,40.png,
497624,17,Keith,Felix,42,7,LBCoach,0.4,4,None,60,1,1,1,NotSet,NotSet,NotSet,NotSet,NotSet,NotSet,NotSet,NotSet,NotSet,NotSet,NotSet,NotSet,NotSet,NotSet,NotSet,1,1,1,1,1,1,,1,1,1,1,1,1,1,1,1,1,1,1,1,1,0,1,,Balanced,Silent,Motivator,NotSet,a,26.png,37.png,
498501,17,Carmen,Landrum,43,0,DBCoach,0.3,1,PositionCoach,62,3,3,1,Balanced,D52Hybrid,Mixed,PassRush,Man,DL,Vertical,Medium,Balanced,Balanced,Mixed,Mixed,Fast,Catching,None,4,1,2,4,5,8,,2,2,1,1,1,1,2,3,1,1,1,3,4,3,0,1,,Aggressive,Silent,Networker,Often,b,0276.png,18.png,bald_3021.png
429774,20,Gabe,Owners,44,5,HeadCoach,10,7,Player,77,7,8,5,Pass,D43Hybrid,Mixed,Mixed,Man,DL,ProStyle,Balanced,Balanced,From3WRSets,Mixed,Running,Hands,DontUse,Pocket,10,10,10,1,1,1,,5,10,4,5,7,3,4,1,7,6,10,10,6,4,0,10,,Aggressive,Enthusiastic,Tactician,NotSet,a,74.png,20.png,
80027,20,Garfield,Connor,43,7,OffensiveCoordinator,4,4,None,84,5,6,6,NotSet,NotSet,NotSet,NotSet,NotSet,NotSet,NotSet,NotSet,NotSet,NotSet,NotSet,NotSet,NotSet,NotSet,NotSet,7,5,5,5,5,5,,5,5,5,6,5,5,5,6,5,5,5,5,5,5,0,5,,Balanced,Volatile,Networker,NotSet,a,52.png,40.png,
72729,20,Bryce,Isaacs,47,8,DefensiveCoordinator,4,4,None,84,5,6,5,NotSet,NotSet,NotSet,NotSet,NotSet,NotSet,NotSet,NotSet,NotSet,NotSet,NotSet,NotSet,NotSet,NotSet,NotSet,5,5,5,6,5,7,,5,5,5,5,5,7,5,5,5,5,6,5,5,5,0,5,,Aggressive,Stern,Tutor,NotSet,a,4.png,23.png,
51225,20,Frankie,Garza,36,3,HeadTrainer,0.4,4,None,60,1,1,1,NotSet,NotSet,NotSet,NotSet,NotSet,NotSet,NotSet,NotSet,NotSet,NotSet,NotSet,NotSet,NotSet,NotSet,NotSet,1,1,1,1,1,1,,1,1,1,1,1,1,1,1,1,1,1,1,1,1,0,1,,Aggressive,Stern,Persuader,NotSet,a,84.png,19.png,
217664,20,Peter,Wilke,38,3,HeadScout,0.4,4,None,60,1,1,1,NotSet,NotSet,NotSet,NotSet,NotSet,NotSet,NotSet,NotSet,NotSet,NotSet,NotSet,NotSet,NotSet,NotSet,NotSet,1,1,1,1,1,1,,1,1,1,1,1,1,1,1,1,1,1,1,1,1,0,1,,Balanced,Professional,Recruiter,NotSet,a,8.png,43.png,
180996,20,Andrew,Wade,38,3,QBCoach,0.4,4,None,60,1,1,1,NotSet,NotSet,NotSet,NotSet,NotSet,NotSet,NotSet,NotSet,NotSet,NotSet,NotSet,NotSet,NotSet,NotSet,NotSet,1,1,1,1,1,1,,1,1,1,1,1,1,1,1,1,1,1,1,1,1,0,1,,Aggressive,Relaxed,Tutor,NotSet,,,,
192370,20,Carl,Lane,38,3,SkillPositionCoach,0.4,4,None,60,1,1,1,NotSet,NotSet,NotSet,NotSet,NotSet,NotSet,NotSet,NotSet,NotSet,NotSet,NotSet,NotSet,NotSet,NotSet,NotSet,1,1,1,1,1,1,,1,1,1,1,1,1,1,1,1,1,1,1,1,1,0,1,,Balanced,Relaxed,Networker,NotSet,,,,
51113,20,Earl,Parrish,42,5,SpecialTeamsCoach,0.4,4,None,60,1,1,1,NotSet,NotSet,NotSet,NotSet,NotSet,NotSet,NotSet,NotSet,NotSet,NotSet,NotSet,NotSet,NotSet,NotSet,NotSet,1,1,1,1,1,1,,1,1,1,1,1,1,1,1,1,1,1,1,1,1,0,1,,Aggressive,Enthusiastic,NotSet,NotSet,,,,
405873,20,Samuel,Gonzales,43,8,OLCoach,0.4,4,None,60,1,1,1,NotSet,NotSet,NotSet,NotSet,NotSet,NotSet,NotSet,NotSet,NotSet,NotSet,NotSet,NotSet,NotSet,NotSet,NotSet,1,1,1,1,1,1,,1,1,1,1,1,1,1,1,1,1,1,1,1,1,0,1,,Aggressive,Silent,Motivator,NotSet,,,,
207556,20,Steven,Slack,42,5,DLCoach,0.4,4,None,60,1,1,1,NotSet,NotSet,NotSet,NotSet,NotSet,NotSet,NotSet,NotSet,NotSet,NotSet,NotSet,NotSet,NotSet,NotSet,NotSet,1,1,1,1,1,1,,1,1,1,1,1,1,1,1,1,1,1,1,1,1,0,1,,Aggressive,Relaxed,NotSet,NotSet,a,2.png,12.png,
222684,20,Paul,Demarco,36,3,LBCoach,0.4,4,None,60,1,1,1,NotSet,NotSet,NotSet,NotSet,NotSet,NotSet,NotSet,NotSet,NotSet,NotSet,NotSet,NotSet,NotSet,NotSet,NotSet,1,1,1,1,1,1,,1,1,1,1,1,1,1,1,1,1,1,1,1,1,0,1,,Aggressive,Enthusiastic,Tutor,NotSet,b,0296.png,26.png,lightbrown_3081.png
361299,20,Clarence,Hibbard,36,3,DBCoach,0.4,4,None,60,1,1,1,NotSet,NotSet,NotSet,NotSet,NotSet,NotSet,NotSet,NotSet,NotSet,NotSet,NotSet,NotSet,NotSet,NotSet,NotSet,1,1,1,1,1,1,,1,1,1,1,1,1,1,1,1,1,1,1,1,1,0,1,,Balanced,Stern,Developer,NotSet,,,,
386779,1,Bulldog,Turner,46,7,HeadCoach,10,17,ProCoach,77,5,7,7,Balanced,D43Hybrid,RunSupport,PassRush,Zone,DL,ProStyle,Short,Outside,Inside,Mixed,Running,Hands,Blocking,None,10,10,10,0,0,0,,8,8,6,4,4,4,3,1,6,5,10,10,9,2,0,10,,Balanced,Enthusiastic,Developer,NotSet,a,19.png,37.png,
195031,1,John,Mackovic,48,7,OffensiveCoordinator,4,4,None,82,5,6,5,NotSet,NotSet,NotSet,NotSet,NotSet,NotSet,NotSet,NotSet,NotSet,NotSet,NotSet,NotSet,NotSet,NotSet,NotSet,8,5,5,5,5,6,,5,5,5,5,5,6,5,5,5,6,5,5,5,5,0,5,,Balanced,Enthusiastic,Networker,NotSet,a,71.png,37.png,
456292,1,Dan,Daniel,58,7,DefensiveCoordinator,4,4,None,82,5,6,5,NotSet,NotSet,NotSet,NotSet,NotSet,NotSet,NotSet,NotSet,NotSet,NotSet,NotSet,NotSet,NotSet,NotSet,NotSet,5,5,6,5,7,6,,5,5,6,5,5,5,5,6,5,5,5,5,5,5,0,5,,Balanced,Volatile,Tactician,NotSet,a,38.png,19.png,
495720,1,Warren,Williams,42,5,HeadTrainer,0.4,4,None,60,1,1,1,NotSet,NotSet,NotSet,NotSet,NotSet,NotSet,NotSet,NotSet,NotSet,NotSet,NotSet,NotSet,NotSet,NotSet,NotSet,1,1,1,1,1,1,,1,1,1,1,1,1,1,1,1,1,1,1,1,1,0,1,,Balanced,Silent,Developer,NotSet,a,33.png,14.png,
375890,1,John,Anthony,42,3,HeadScout,0.4,4,None,60,1,1,1,NotSet,NotSet,NotSet,NotSet,NotSet,NotSet,NotSet,NotSet,NotSet,NotSet,NotSet,NotSet,NotSet,NotSet,NotSet,1,1,1,1,1,1,,1,1,1,1,1,1,1,1,1,1,1,1,1,1,0,1,,Balanced,Professional,Networker,NotSet,c,0264.png,25.png,black_3079.png
200035,1,Danial,Lauer,41,6,QBCoach,0.4,4,None,60,1,1,1,NotSet,NotSet,NotSet,NotSet,NotSet,NotSet,NotSet,NotSet,NotSet,NotSet,NotSet,NotSet,NotSet,NotSet,NotSet,1,1,1,1,1,1,,1,1,1,1,1,1,1,1,1,1,1,1,1,1,0,1,,Balanced,Professional,Networker,NotSet,,,,
377626,1,John,Mares,42,3,SkillPositionCoach,0.4,4,None,60,1,1,1,NotSet,NotSet,NotSet,NotSet,NotSet,NotSet,NotSet,NotSet,NotSet,NotSet,NotSet,NotSet,NotSet,NotSet,NotSet,1,1,1,1,1,1,,1,1,1,1,1,1,1,1,1,1,1,1,1,1,0,1,,Balanced,Relaxed,NotSet,NotSet,,,,
472895,1,Robert,Jung,37,3,SpecialTeamsCoach,0.4,4,None,60,1,1,1,NotSet,NotSet,NotSet,NotSet,NotSet,NotSet,NotSet,NotSet,NotSet,NotSet,NotSet,NotSet,NotSet,NotSet,NotSet,1,1,1,1,1,1,,1,1,1,1,1,1,1,1,1,1,1,1,1,1,0,1,,Aggressive,Professional,Tutor,NotSet,,,,
301080,1,Robert,Samuel,38,3,OLCoach,0.4,4,None,60,1,1,1,NotSet,NotSet,NotSet,NotSet,NotSet,NotSet,NotSet,NotSet,NotSet,NotSet,NotSet,NotSet,NotSet,NotSet,NotSet,1,1,1,1,1,1,,1,1,1,1,1,1,1,1,1,1,1,1,1,1,0,1,,Aggressive,Silent,Tutor,NotSet,a,41.png,14.png,
368990,1,James,Currier,37,3,DLCoach,0.4,4,None,60,1,1,1,NotSet,NotSet,NotSet,NotSet,NotSet,NotSet,NotSet,NotSet,NotSet,NotSet,NotSet,NotSet,NotSet,NotSet,NotSet,1,1,1,1,1,1,,1,1,1,1,1,1,1,1,1,1,1,1,1,1,0,1,,Balanced,Volatile,Persuader,NotSet,a,49.png,54.png,
440157,1,Philip,Jones,43,6,LBCoach,0.4,4,None,60,1,1,1,NotSet,NotSet,NotSet,NotSet,NotSet,NotSet,NotSet,NotSet,NotSet,NotSet,NotSet,NotSet,NotSet,NotSet,NotSet,1,1,1,1,1,1,,1,1,1,1,1,1,1,1,1,1,1,1,1,1,0,1,,Balanced,Silent,NotSet,NotSet,b,0294.png,16.png,darkbrown_3055.png
345085,1,Richard,Chang,36,3,DBCoach,0.4,4,None,60,1,1,1,NotSet,NotSet,NotSet,NotSet,NotSet,NotSet,NotSet,NotSet,NotSet,NotSet,NotSet,NotSet,NotSet,NotSet,NotSet,1,1,1,1,1,1,,1,1,1,1,1,1,1,1,1,1,1,1,1,1,0,1,,Balanced,Volatile,Persuader,NotSet,,,,
157706,5,Marv,Levy,64,7,HeadCoach,10,17,ProCoach,80,8,6,6,Run,D43,Mixed,Mixed,Man,CB,SpreadHybrid,Balanced,RunningBacks,Power,Blocking,Running,Mixed,Blocking,Mobile,10,10,10,1,1,0,,6,8,7,6,3,5,2,2,5,6,6,10,7,3,0,10,,Aggressive,Enthusiastic,Developer,NotSet,a,36.png,51.png,
437153,5,Kay,Stephenson,47,7,OffensiveCoordinator,4,4,None,90,6,5,5,NotSet,NotSet,NotSet,NotSet,NotSet,NotSet,NotSet,NotSet,NotSet,NotSet,NotSet,NotSet,NotSet,NotSet,NotSet,6,5,5,5,5,8,,5,6,5,5,6,5,5,5,5,6,5,5,5,5,0,5,,Conservative,Relaxed,NotSet,NotSet,a,52.png,34.png,
270723,5,Hank,Bullough,57,7,DefensiveCoordinator,4,4,None,90,5,5,6,NotSet,NotSet,NotSet,NotSet,NotSet,NotSet,NotSet,NotSet,NotSet,NotSet,NotSet,NotSet,NotSet,NotSet,NotSet,5,5,5,5,6,5,,5,5,5,6,5,5,5,5,5,5,5,5,5,5,0,5,,Conservative,Volatile,Tutor,NotSet,a,47.png,41.png,
119422,5,Earl,Coleman,36,3,HeadTrainer,0.4,4,None,60,1,1,1,NotSet,NotSet,NotSet,NotSet,NotSet,NotSet,NotSet,NotSet,NotSet,NotSet,NotSet,NotSet,NotSet,NotSet,NotSet,1,1,1,1,1,1,,1,1,1,1,1,1,1,1,1,1,1,1,1,1,0,1,,Balanced,Enthusiastic,Networker,NotSet,c,0250.png,33.png,black_3095.png
387897,5,Ronald,Grider,36,3,HeadScout,0.4,4,None,60,1,1,1,NotSet,NotSet,NotSet,NotSet,NotSet,NotSet,NotSet,NotSet,NotSet,NotSet,NotSet,NotSet,NotSet,NotSet,NotSet,1,1,1,1,1,1,,1,1,1,1,1,1,1,1,1,1,1,1,1,1,0,1,,Conservative,Professional,Developer,NotSet,b,0276.png,29.png,darkbrown_3001.png
302320,5,Merle,Joseph,38,3,QBCoach,0.4,4,None,60,1,1,1,NotSet,NotSet,NotSet,NotSet,NotSet,NotSet,NotSet,NotSet,NotSet,NotSet,NotSet,NotSet,NotSet,NotSet,NotSet,1,1,1,1,1,1,,1,1,1,1,1,1,1,1,1,1,1,1,1,1,0,1,,Conservative,Relaxed,Persuader,NotSet,,,,
99721,5,Jeffrey,Mcmullen,40,3,SkillPositionCoach,0.4,4,None,60,1,1,1,NotSet,NotSet,NotSet,NotSet,NotSet,NotSet,NotSet,NotSet,NotSet,NotSet,NotSet,NotSet,NotSet,NotSet,NotSet,1,1,1,1,1,1,,1,1,1,1,1,1,1,1,1,1,1,1,1,1,0,1,,Conservative,Volatile,NotSet,NotSet,,,,
447790,5,Robert,Ramirez,46,7,SpecialTeamsCoach,0.4,4,None,60,1,1,1,NotSet,NotSet,NotSet,NotSet,NotSet,NotSet,NotSet,NotSet,NotSet,NotSet,NotSet,NotSet,NotSet,NotSet,NotSet,1,1,1,1,1,1,,1,1,1,1,1,1,1,1,1,1,1,1,1,1,0,1,,Aggressive,Volatile,Developer,NotSet,,,,
48597,5,Aaron,Golden,38,3,OLCoach,0.4,4,None,60,1,1,1,NotSet,NotSet,NotSet,NotSet,NotSet,NotSet,NotSet,NotSet,NotSet,NotSet,NotSet,NotSet,NotSet,NotSet,NotSet,1,1,1,1,1,1,,1,1,1,1,1,1,1,1,1,1,1,1,1,1,0,1,,Conservative,Stern,Developer,NotSet,a,91.png,18.png,
414942,5,Gerard,Barton,46,7,DLCoach,0.4,4,None,60,1,1,1,NotSet,NotSet,NotSet,NotSet,NotSet,NotSet,NotSet,NotSet,NotSet,NotSet,NotSet,NotSet,NotSet,NotSet,NotSet,1,1,1,1,1,1,,1,1,1,1,1,1,1,1,1,1,1,1,1,1,0,1,,Conservative,Stern,Tutor,NotSet,a,35.png,19.png,
111215,5,Tom,Luong,38,3,LBCoach,0.4,4,None,60,1,1,1,NotSet,NotSet,NotSet,NotSet,NotSet,NotSet,NotSet,NotSet,NotSet,NotSet,NotSet,NotSet,NotSet,NotSet,NotSet,1,1,1,1,1,1,,1,1,1,1,1,1,1,1,1,1,1,1,1,1,0,1,,Conservative,Stern,Networker,NotSet,a,32.png,7.png,
344244,5,Leroy,Spear,47,7,DBCoach,0.4,4,None,60,1,1,1,NotSet,NotSet,NotSet,NotSet,NotSet,NotSet,NotSet,NotSet,NotSet,NotSet,NotSet,NotSet,NotSet,NotSet,NotSet,1,1,1,1,1,1,,1,1,1,1,1,1,1,1,1,1,1,1,1,1,0,1,,Balanced,Enthusiastic,Tutor,NotSet,b,0293.png,28.png,lightbrown_3052.png
29522,2,Cullen,Moore,39,7,HeadCoach,10,7,None,82,6,6,6,Pass,D43Hybrid,Mixed,Mixed,Mixed,DL,VerticalHybrid,Balanced,Balanced,Balanced,Mixed,Mixed,Mixed,Mixed,Pocket,10,10,10,0,1,0,,5,6,6,5,5,5,4,5,5,6,6,10,6,6,0,10,,Balanced,Enthusiastic,Motivator,NotSet,a,93.png,1.png,
242045,2,David,Shula,32,7,OffensiveCoordinator,4,4,None,96,5,5,5,NotSet,NotSet,NotSet,NotSet,NotSet,NotSet,NotSet,NotSet,NotSet,NotSet,NotSet,NotSet,NotSet,NotSet,NotSet,5,5,5,5,6,5,,5,6,5,5,5,5,5,5,6,5,5,5,5,5,0,5,,Balanced,Relaxed,NotSet,NotSet,a,49.png,50.png,
163251,2,Chuck,Studley,62,7,DefensiveCoordinator,4,4,None,96,6,6,5,NotSet,NotSet,NotSet,NotSet,NotSet,NotSet,NotSet,NotSet,NotSet,NotSet,NotSet,NotSet,NotSet,NotSet,NotSet,5,6,6,5,5,5,,5,5,6,5,5,5,5,5,5,5,5,5,5,5,0,5,,Aggressive,Volatile,Motivator,NotSet,a,110.png,38.png,
497941,2,Steven,York,39,3,HeadTrainer,0.4,4,None,60,1,1,1,NotSet,NotSet,NotSet,NotSet,NotSet,NotSet,NotSet,NotSet,NotSet,NotSet,NotSet,NotSet,NotSet,NotSet,NotSet,1,1,1,1,1,1,,1,1,1,1,1,1,1,1,1,1,1,1,1,1,0,1,,Conservative,Volatile,Persuader,NotSet,,,,
117841,2,Gary,Powell,37,3,HeadScout,0.4,4,None,60,1,1,1,NotSet,NotSet,NotSet,NotSet,NotSet,NotSet,NotSet,NotSet,NotSet,NotSet,NotSet,NotSet,NotSet,NotSet,NotSet,1,1,1,1,1,1,,1,1,1,1,1,1,1,1,1,1,1,1,1,1,0,1,,Conservative,Professional,Persuader,NotSet,,,,
271598,2,Benito,Burns,46,9,QBCoach,0.4,4,None,60,1,1,1,NotSet,NotSet,NotSet,NotSet,NotSet,NotSet,NotSet,NotSet,NotSet,NotSet,NotSet,NotSet,NotSet,NotSet,NotSet,1,1,1,1,1,1,,1,1,1,1,1,1,1,1,1,1,1,1,1,1,0,1,,Conservative,Professional,Developer,NotSet,,,,
168996,2,Carroll,Justice,42,3,SkillPositionCoach,0.4,4,None,60,1,1,1,NotSet,NotSet,NotSet,NotSet,NotSet,NotSet,NotSet,NotSet,NotSet,NotSet,NotSet,NotSet,NotSet,NotSet,NotSet,1,1,1,1,1,1,,1,1,1,1,1,1,1,1,1,1,1,1,1,1,0,1,,Balanced,Stern,NotSet,NotSet,,,,
18749,2,Kerry,Boyd,38,3,SpecialTeamsCoach,0.4,4,None,60,1,1,1,NotSet,NotSet,NotSet,NotSet,NotSet,NotSet,NotSet,NotSet,NotSet,NotSet,NotSet,NotSet,NotSet,NotSet,NotSet,1,1,1,1,1,1,,1,1,1,1,1,1,1,1,1,1,1,1,1,1,0,1,,Balanced,Relaxed,Developer,NotSet,,,,
244230,2,Adam,Rogers,37,3,OLCoach,0.4,4,None,60,1,1,1,NotSet,NotSet,NotSet,NotSet,NotSet,NotSet,NotSet,NotSet,NotSet,NotSet,NotSet,NotSet,NotSet,NotSet,NotSet,1,1,1,1,1,1,,1,1,1,1,1,1,1,1,1,1,1,1,1,1,0,1,,Conservative,Enthusiastic,Networker,NotSet,,,,
132834,2,Gary,Christensen,41,3,DLCoach,0.4,4,None,60,1,1,1,NotSet,NotSet,NotSet,NotSet,NotSet,NotSet,NotSet,NotSet,NotSet,NotSet,NotSet,NotSet,NotSet,NotSet,NotSet,1,1,1,1,1,1,,1,1,1,1,1,1,1,1,1,1,1,1,1,1,0,1,,Conservative,Silent,Tactician,NotSet,,,,
361637,2,Peter,Burton,36,3,LBCoach,0.4,4,None,60,1,1,1,NotSet,NotSet,NotSet,NotSet,NotSet,NotSet,NotSet,NotSet,NotSet,NotSet,NotSet,NotSet,NotSet,NotSet,NotSet,1,1,1,1,1,1,,1,1,1,1,1,1,1,1,1,1,1,1,1,1,0,1,,Aggressive,Enthusiastic,NotSet,NotSet,,,,
3535,2,Kenneth,Bates,51,16,DBCoach,0.4,4,None,60,1,1,1,NotSet,NotSet,NotSet,NotSet,NotSet,NotSet,NotSet,NotSet,NotSet,NotSet,NotSet,NotSet,NotSet,NotSet,NotSet,1,1,1,1,1,1,,1,1,1,1,1,1,1,1,1,1,1,1,1,1,0,1,,Conservative,Enthusiastic,NotSet,NotSet,,,,
247570,9,Bill,Belichick,39,7,HeadCoach,10,6,ProCoach,79,7,7,8,Pass,D34,Coverage,RunSupport,Zone,LB,Vertical,Balanced,Outside,Inside,Catching,Catching,Fast,Catching,Pocket,10,10,10,0,1,1,,7,10,7,7,5,5,3,1,3,5,5,10,7,1,0,10,,Balanced,Professional,Tactician,NotSet,a,75.png,54.png,
249416,9,Mike,Shanahan,39,7,OffensiveCoordinator,4,4,None,88,6,5,6,NotSet,NotSet,NotSet,NotSet,NotSet,NotSet,NotSet,NotSet,NotSet,NotSet,NotSet,NotSet,NotSet,NotSet,NotSet,6,5,7,5,5,5,,6,5,5,6,5,5,5,6,5,5,5,5,5,5,0,5,,Conservative,Stern,Tutor,NotSet,a,90.png,40.png,
164940,9,Pete,Carroll,40,7,DefensiveCoordinator,4,4,None,88,5,5,5,NotSet,NotSet,NotSet,NotSet,NotSet,NotSet,NotSet,NotSet,NotSet,NotSet,NotSet,NotSet,NotSet,NotSet,NotSet,5,7,6,5,5,5,,5,5,6,5,5,5,5,5,5,5,5,5,5,5,0,5,,Aggressive,Volatile,Developer,NotSet,b,0288.png,47.png,darkbrown_3042.png
474370,9,Harris,Gable,36,3,HeadTrainer,0.4,4,None,60,1,1,1,NotSet,NotSet,NotSet,NotSet,NotSet,NotSet,NotSet,NotSet,NotSet,NotSet,NotSet,NotSet,NotSet,NotSet,NotSet,1,1,1,1,1,1,,1,1,1,1,1,1,1,1,1,1,1,1,1,1,0,1,,Conservative,Enthusiastic,NotSet,NotSet,b,0280.png,41.png,black_3028.png
439372,9,Paul,Van,36,3,HeadScout,0.4,4,None,60,1,1,1,NotSet,NotSet,NotSet,NotSet,NotSet,NotSet,NotSet,NotSet,NotSet,NotSet,NotSet,NotSet,NotSet,NotSet,NotSet,1,1,1,1,1,1,,1,1,1,1,1,1,1,1,1,1,1,1,1,1,0,1,,Aggressive,Enthusiastic,Motivator,NotSet,a,4.png,38.png,
381420,9,Augustus,Irvin,36,3,QBCoach,0.4,4,None,60,1,1,1,NotSet,NotSet,NotSet,NotSet,NotSet,NotSet,NotSet,NotSet,NotSet,NotSet,NotSet,NotSet,NotSet,NotSet,NotSet,1,1,1,1,1,1,,1,1,1,1,1,1,1,1,1,1,1,1,1,1,0,1,,Conservative,Relaxed,NotSet,NotSet,,,,
63254,9,Solomon,Epps,37,3,SkillPositionCoach,0.4,4,None,60,1,1,1,NotSet,NotSet,NotSet,NotSet,NotSet,NotSet,NotSet,NotSet,NotSet,NotSet,NotSet,NotSet,NotSet,NotSet,NotSet,1,1,1,1,1,1,,1,1,1,1,1,1,1,1,1,1,1,1,1,1,0,1,,Balanced,Enthusiastic,NotSet,NotSet,a,10.png,18.png,
131985,9,Miguel,Marshall,45,7,SpecialTeamsCoach,0.4,4,None,60,1,1,1,NotSet,NotSet,NotSet,NotSet,NotSet,NotSet,NotSet,NotSet,NotSet,NotSet,NotSet,NotSet,NotSet,NotSet,NotSet,1,1,1,1,1,1,,1,1,1,1,1,1,1,1,1,1,1,1,1,1,0,1,,Balanced,Volatile,Networker,NotSet,,,,
120357,9,Morgan,Beaver,49,11,OLCoach,0.4,4,None,60,1,1,1,NotSet,NotSet,NotSet,NotSet,NotSet,NotSet,NotSet,NotSet,NotSet,NotSet,NotSet,NotSet,NotSet,NotSet,NotSet,1,1,1,1,1,1,,1,1,1,1,1,1,1,1,1,1,1,1,1,1,0,1,,Conservative,Silent,Tactician,NotSet,a,68.png,8.png,
62351,9,Richard,Bender,41,4,DLCoach,0.4,4,None,60,1,1,1,NotSet,NotSet,NotSet,NotSet,NotSet,NotSet,NotSet,NotSet,NotSet,NotSet,NotSet,NotSet,NotSet,NotSet,NotSet,1,1,1,1,1,1,,1,1,1,1,1,1,1,1,1,1,1,1,1,1,0,1,,Aggressive,Enthusiastic,Developer,NotSet,b,0282.png,17.png,grey_3005.png
314578,9,Charles,Hernandez,41,6,LBCoach,0.4,4,None,60,1,1,1,NotSet,NotSet,NotSet,NotSet,NotSet,NotSet,NotSet,NotSet,NotSet,NotSet,NotSet,NotSet,NotSet,NotSet,NotSet,1,1,1,1,1,1,,1,1,1,1,1,1,1,1,1,1,1,1,1,1,0,1,,Aggressive,Enthusiastic,Networker,NotSet,a,32.png,31.png,
288554,9,Russell,Johnson,43,4,DBCoach,0.4,4,None,60,1,1,1,NotSet,NotSet,NotSet,NotSet,NotSet,NotSet,NotSet,NotSet,NotSet,NotSet,NotSet,NotSet,NotSet,NotSet,NotSet,1,1,1,1,1,1,,1,1,1,1,1,1,1,1,1,1,1,1,1,1,0,1,,Aggressive,Stern,NotSet,NotSet,b,0292.png,24.png,black_3019.png
248914,18,John,Harbaugh,58,7,HeadCoach,10,17,Player,89,5,6,7,Run,D43Hybrid,Mixed,Mixed,Mixed,S,WestCoast,Medium,Balanced,Balanced,Mixed,Mixed,Hands,Blocking,Mobile,10,10,10,1,1,0,,6,9,6,5,5,5,2,5,5,5,5,10,7,5,0,10,,Aggressive,Professional,Motivator,NotSet,a,14.png,50.png,
415068,18,Barry,Switzer,44,7,OffensiveCoordinator,4,4,None,84,5,5,5,NotSet,NotSet,NotSet,NotSet,NotSet,NotSet,NotSet,NotSet,NotSet,NotSet,NotSet,NotSet,NotSet,NotSet,NotSet,5,5,5,5,7,5,,6,5,5,7,5,5,5,5,5,5,5,5,5,5,0,5,,Balanced,Relaxed,Persuader,NotSet,c,0256.png,17.png,bald_3028.png
136373,18,Jimmy,Johnson,48,7,DefensiveCoordinator,4,4,None,84,6,5,6,NotSet,NotSet,NotSet,NotSet,NotSet,NotSet,NotSet,NotSet,NotSet,NotSet,NotSet,NotSet,NotSet,NotSet,NotSet,5,5,5,5,5,7,,5,5,5,5,5,5,5,5,5,5,5,5,5,5,0,5,,Balanced,Volatile,Persuader,NotSet,a,99.png,44.png,
207369,18,Larry,Dyer,39,3,HeadTrainer,0.4,4,None,60,1,1,1,NotSet,NotSet,NotSet,NotSet,NotSet,NotSet,NotSet,NotSet,NotSet,NotSet,NotSet,NotSet,NotSet,NotSet,NotSet,1,1,1,1,1,1,,1,1,1,1,1,1,1,1,1,1,1,1,1,1,0,1,,Conservative,Silent,Motivator,NotSet,,,,
451434,18,Donald,Miller,41,3,HeadScout,0.4,4,None,60,1,1,1,NotSet,NotSet,NotSet,NotSet,NotSet,NotSet,NotSet,NotSet,NotSet,NotSet,NotSet,NotSet,NotSet,NotSet,NotSet,1,1,1,1,1,1,,1,1,1,1,1,1,1,1,1,1,1,1,1,1,0,1,,Aggressive,Enthusiastic,Tactician,NotSet,,,,
318412,18,Mohammad,Parker,36,3,QBCoach,0.4,4,None,60,1,1,1,NotSet,NotSet,NotSet,NotSet,NotSet,NotSet,NotSet,NotSet,NotSet,NotSet,NotSet,NotSet,NotSet,NotSet,NotSet,1,1,1,1,1,1,,1,1,1,1,1,1,1,1,1,1,1,1,1,1,0,1,,Conservative,Relaxed,Persuader,NotSet,,,,
89455,18,James,Mireles,41,3,SkillPositionCoach,0.4,4,None,60,1,1,1,NotSet,NotSet,NotSet,NotSet,NotSet,NotSet,NotSet,NotSet,NotSet,NotSet,NotSet,NotSet,NotSet,NotSet,NotSet,1,1,1,1,1,1,,1,1,1,1,1,1,1,1,1,1,1,1,1,1,0,1,,Conservative,Relaxed,NotSet,NotSet,,,,
37272,18,Terry,Roper,38,3,SpecialTeamsCoach,0.4,4,None,60,1,1,1,NotSet,NotSet,NotSet,NotSet,NotSet,NotSet,NotSet,NotSet,NotSet,NotSet,NotSet,NotSet,NotSet,NotSet,NotSet,1,1,1,1,1,1,,1,1,1,1,1,1,1,1,1,1,1,1,1,1,0,1,,Balanced,Stern,Developer,NotSet,,,,
140718,18,Harry,Homan,45,3,OLCoach,0.4,4,None,60,1,1,1,NotSet,NotSet,NotSet,NotSet,NotSet,NotSet,NotSet,NotSet,NotSet,NotSet,NotSet,NotSet,NotSet,NotSet,NotSet,1,1,1,1,1,1,,1,1,1,1,1,1,1,1,1,1,1,1,1,1,0,1,,Conservative,Volatile,Persuader,NotSet,,,,
310714,18,Anthony,Schott,41,3,DLCoach,0.4,4,None,60,1,1,1,NotSet,NotSet,NotSet,NotSet,NotSet,NotSet,NotSet,NotSet,NotSet,NotSet,NotSet,NotSet,NotSet,NotSet,NotSet,1,1,1,1,1,1,,1,1,1,1,1,1,1,1,1,1,1,1,1,1,0,1,,Balanced,Stern,Networker,NotSet,,,,
306652,18,Jeffrey,Myrick,41,6,LBCoach,0.4,4,None,60,1,1,1,NotSet,NotSet,NotSet,NotSet,NotSet,NotSet,NotSet,NotSet,NotSet,NotSet,NotSet,NotSet,NotSet,NotSet,NotSet,1,1,1,1,1,1,,1,1,1,1,1,1,1,1,1,1,1,1,1,1,0,1,,Aggressive,Stern,Persuader,NotSet,,,,
58257,18,Micheal,Frye,42,7,DBCoach,0.4,4,None,60,1,1,1,NotSet,NotSet,NotSet,NotSet,NotSet,NotSet,NotSet,NotSet,NotSet,NotSet,NotSet,NotSet,NotSet,NotSet,NotSet,1,1,1,1,1,1,,1,1,1,1,1,1,1,1,1,1,1,1,1,1,0,1,,Conservative,Relaxed,Recruiter,NotSet,,,,
140305,3,Curly,Lambeau,28,7,HeadCoach,10,17,Player,77,5,7,7,Run,D43,Mixed,PassRush,Man,DL,WestCoast,Medium,Outside,Inside,Mixed,Running,Fast,Mixed,Pocket,10,10,10,0,1,0,,8,8,4,6,5,5,5,1,5,6,7,10,7,4,0,10,,Balanced,Professional,Motivator,NotSet,b,0279.png,2.png,blonde_3019.png
207599,3,Hugh,Campbell,50,7,OffensiveCoordinator,4,4,None,82,5,5,5,NotSet,NotSet,NotSet,NotSet,NotSet,NotSet,NotSet,NotSet,NotSet,NotSet,NotSet,NotSet,NotSet,NotSet,NotSet,5,5,5,6,7,6,,5,5,6,5,5,5,5,6,5,5,6,5,5,5,0,5,,Balanced,Enthusiastic,Networker,NotSet,b,0299.png,6.png,blonde_3034.png
196176,3,Tom,Bettis,58,7,DefensiveCoordinator,4,4,None,82,7,5,5,NotSet,NotSet,NotSet,NotSet,NotSet,NotSet,NotSet,NotSet,NotSet,NotSet,NotSet,NotSet,NotSet,NotSet,NotSet,5,6,7,5,5,6,,5,5,5,5,5,5,5,5,5,6,5,5,5,5,0,5,,Conservative,Stern,Networker,NotSet,a,38.png,36.png,
166614,3,Alexander,Powell,40,3,HeadTrainer,0.4,4,None,60,1,1,1,NotSet,NotSet,NotSet,NotSet,NotSet,NotSet,NotSet,NotSet,NotSet,NotSet,NotSet,NotSet,NotSet,NotSet,NotSet,1,1,1,1,1,1,,1,1,1,1,1,1,1,1,1,1,1,1,1,1,0,1,,Balanced,Relaxed,NotSet,NotSet,a,82.png,7.png,
324239,3,James,Dixon,36,3,HeadScout,0.4,4,None,60,1,1,1,NotSet,NotSet,NotSet,NotSet,NotSet,NotSet,NotSet,NotSet,NotSet,NotSet,NotSet,NotSet,NotSet,NotSet,NotSet,1,1,1,1,1,1,,1,1,1,1,1,1,1,1,1,1,1,1,1,1,0,1,,Aggressive,Volatile,NotSet,NotSet,b,0283.png,17.png,lightbrown_3079.png
46553,3,Casey,Torres,37,3,QBCoach,0.4,4,None,60,1,1,1,NotSet,NotSet,NotSet,NotSet,NotSet,NotSet,NotSet,NotSet,NotSet,NotSet,NotSet,NotSet,NotSet,NotSet,NotSet,1,1,1,1,1,1,,1,1,1,1,1,1,1,1,1,1,1,1,1,1,0,1,,Aggressive,Relaxed,NotSet,NotSet,a,14.png,1.png,
206137,3,Richard,Gonzalez,40,3,SkillPositionCoach,0.4,4,None,60,1,1,1,NotSet,NotSet,NotSet,NotSet,NotSet,NotSet,NotSet,NotSet,NotSet,NotSet,NotSet,NotSet,NotSet,NotSet,NotSet,1,1,1,1,1,1,,1,1,1,1,1,1,1,1,1,1,1,1,1,1,0,1,,Conservative,Professional,Motivator,NotSet,a,20.png,46.png,
466430,3,William,Riggins,36,3,SpecialTeamsCoach,0.4,4,None,60,1,1,1,NotSet,NotSet,NotSet,NotSet,NotSet,NotSet,NotSet,NotSet,NotSet,NotSet,NotSet,NotSet,NotSet,NotSet,NotSet,1,1,1,1,1,1,,1,1,1,1,1,1,1,1,1,1,1,1,1,1,0,1,,Aggressive,Enthusiastic,Motivator,NotSet,a,66.png,6.png,
287146,3,Vicente,Wells,40,3,OLCoach,0.4,4,None,60,1,1,1,NotSet,NotSet,NotSet,NotSet,NotSet,NotSet,NotSet,NotSet,NotSet,NotSet,NotSet,NotSet,NotSet,NotSet,NotSet,1,1,1,1,1,1,,1,1,1,1,1,1,1,1,1,1,1,1,1,1,0,1,,Aggressive,Professional,Motivator,NotSet,a,64.png,4.png,
236865,3,James,Carl,37,3,DLCoach,0.4,4,None,60,1,1,1,NotSet,NotSet,NotSet,NotSet,NotSet,NotSet,NotSet,NotSet,NotSet,NotSet,NotSet,NotSet,NotSet,NotSet,NotSet,1,1,1,1,1,1,,1,1,1,1,1,1,1,1,1,1,1,1,1,1,0,1,,Aggressive,Enthusiastic,Tutor,NotSet,a,99.png,39.png,
388140,3,Fred,Padilla,42,3,LBCoach,0.4,4,None,60,1,1,1,NotSet,NotSet,NotSet,NotSet,NotSet,NotSet,NotSet,NotSet,NotSet,NotSet,NotSet,NotSet,NotSet,NotSet,NotSet,1,1,1,1,1,1,,1,1,1,1,1,1,1,1,1,1,1,1,1,1,0,1,,Aggressive,Enthusiastic,Tutor,NotSet,a,42.png,33.png,
349242,3,James,Mayo,36,3,DBCoach,0.4,4,None,60,1,1,1,NotSet,NotSet,NotSet,NotSet,NotSet,NotSet,NotSet,NotSet,NotSet,NotSet,NotSet,NotSet,NotSet,NotSet,NotSet,1,1,1,1,1,1,,1,1,1,1,1,1,1,1,1,1,1,1,1,1,0,1,,Balanced,Stern,Motivator,NotSet,b,0275.png,28.png,blonde_3023.png
70157,11,Amos Alonzo,Stagg,31,7,HeadCoach,10,17,ProCoach,77,6,6,7,Pass,D43Hybrid,Mixed,Mixed,Man,DL,SpreadHybrid,Medium,Outside,Balanced,Mixed,Running,Fast,Mixed,None,10,10,10,0,0,1,,8,8,6,6,6,5,6,1,5,6,6,10,7,4,0,10,,Balanced,Professional,Developer,NotSet,a,73.png,15.png,
56262,11,Mike,Ditka,52,7,OffensiveCoordinator,4,4,None,82,5,5,5,NotSet,NotSet,NotSet,NotSet,NotSet,NotSet,NotSet,NotSet,NotSet,NotSet,NotSet,NotSet,NotSet,NotSet,NotSet,7,5,6,5,6,5,,5,5,6,5,6,5,5,5,5,6,5,5,5,5,0,5,,Conservative,Stern,Recruiter,NotSet,a,110.png,6.png,
379702,11,Buddy,Ryan,60,7,DefensiveCoordinator,4,4,None,82,5,5,5,NotSet,NotSet,NotSet,NotSet,NotSet,NotSet,NotSet,NotSet,NotSet,NotSet,NotSet,NotSet,NotSet,NotSet,NotSet,5,6,5,5,5,6,,7,5,6,6,5,5,5,5,5,5,6,5,5,5,0,5,,Balanced,Volatile,Motivator,NotSet,b,0291.png,45.png,bald_3012.png
169029,11,William,Buxton,41,3,HeadTrainer,0.4,4,None,60,1,1,1,NotSet,NotSet,NotSet,NotSet,NotSet,NotSet,NotSet,NotSet,NotSet,NotSet,NotSet,NotSet,NotSet,NotSet,NotSet,1,1,1,1,1,1,,1,1,1,1,1,1,1,1,1,1,1,1,1,1,0,1,,Balanced,Stern,NotSet,NotSet,a,105.png,35.png,
387639,11,Daniel,Mclean,40,3,HeadScout,0.4,4,None,60,1,1,1,NotSet,NotSet,NotSet,NotSet,NotSet,NotSet,NotSet,NotSet,NotSet,NotSet,NotSet,NotSet,NotSet,NotSet,NotSet,1,1,1,1,1,1,,1,1,1,1,1,1,1,1,1,1,1,1,1,1,0,1,,Aggressive,Silent,Motivator,NotSet,a,82.png,22.png,
200242,11,Raleigh,Seaton,50,5,QBCoach,0.4,4,None,60,1,1,1,NotSet,NotSet,NotSet,NotSet,NotSet,NotSet,NotSet,NotSet,NotSet,NotSet,NotSet,NotSet,NotSet,NotSet,NotSet,1,1,1,1,1,1,,1,1,1,1,1,1,1,1,1,1,1,1,1,1,0,1,,Balanced,Relaxed,Tutor,NotSet,,,,
367876,11,Russell,Barone,38,3,SkillPositionCoach,0.4,4,None,60,1,1,1,NotSet,NotSet,NotSet,NotSet,NotSet,NotSet,NotSet,NotSet,NotSet,NotSet,NotSet,NotSet,NotSet,NotSet,NotSet,1,1,1,1,1,1,,1,1,1,1,1,1,1,1,1,1,1,1,1,1,0,1,,Balanced,Stern,Motivator,NotSet,b,0294.png,45.png,red_3004.png
203211,11,Jeffrey,Muse,40,3,SpecialTeamsCoach,0.4,4,None,60,1,1,1,NotSet,NotSet,NotSet,NotSet,NotSet,NotSet,NotSet,NotSet,NotSet,NotSet,NotSet,NotSet,NotSet,NotSet,NotSet,1,1,1,1,1,1,,1,1,1,1,1,1,1,1,1,1,1,1,1,1,0,1,,Conservative,Volatile,Motivator,NotSet,,,,
262379,11,Jason,Moore,40,5,OLCoach,0.4,4,None,60,1,1,1,NotSet,NotSet,NotSet,NotSet,NotSet,NotSet,NotSet,NotSet,NotSet,NotSet,NotSet,NotSet,NotSet,NotSet,NotSet,1,1,1,1,1,1,,1,1,1,1,1,1,1,1,1,1,1,1,1,1,0,1,,Balanced,Stern,Networker,NotSet,a,16.png,26.png,
214465,11,Henry,Heaton,40,3,DLCoach,0.4,4,None,60,1,1,1,NotSet,NotSet,NotSet,NotSet,NotSet,NotSet,NotSet,NotSet,NotSet,NotSet,NotSet,NotSet,NotSet,NotSet,NotSet,1,1,1,1,1,1,,1,1,1,1,1,1,1,1,1,1,1,1,1,1,0,1,,Conservative,Enthusiastic,NotSet,NotSet,a,62.png,19.png,
61956,11,Juan,Robinson,37,3,LBCoach,0.4,4,None,60,1,1,1,NotSet,NotSet,NotSet,NotSet,NotSet,NotSet,NotSet,NotSet,NotSet,NotSet,NotSet,NotSet,NotSet,NotSet,NotSet,1,1,1,1,1,1,,1,1,1,1,1,1,1,1,1,1,1,1,1,1,0,1,,Conservative,Relaxed,Tactician,NotSet,a,12.png,37.png,
296794,11,Clyde,Miller,38,3,DBCoach,0.4,4,None,60,1,1,1,NotSet,NotSet,NotSet,NotSet,NotSet,NotSet,NotSet,NotSet,NotSet,NotSet,NotSet,NotSet,NotSet,NotSet,NotSet,1,1,1,1,1,1,,1,1,1,1,1,1,1,1,1,1,1,1,1,1,0,1,,Conservative,Silent,Persuader,NotSet,b,0277.png,29.png,black_3044.png
400360,13,Brock,Lesnar,52,7,HeadCoach,10,17,Player,80,4,2,7,Balanced,D34,Mixed,RunSupport,Zone,LB,SpreadHybrid,Medium,Balanced,Outside,Mixed,Mixed,Mixed,Blocking,Pocket,10,10,10,0,0,2,,6,9,4,4,4,2,1,2,4,4,8,10,6,5,0,10,,Conservative,Silent,Motivator,NotSet,a,83.png,10.png,
156310,13,Jerry,Burns,64,7,OffensiveCoordinator,4,4,None,85,6,6,5,NotSet,NotSet,NotSet,NotSet,NotSet,NotSet,NotSet,NotSet,NotSet,NotSet,NotSet,NotSet,NotSet,NotSet,NotSet,5,5,5,5,5,5,,5,5,5,7,5,5,5,5,5,6,5,5,5,5,0,5,,Conservative,Volatile,Persuader,NotSet,a,107.png,45.png,
481974,13,Bud,Grant,64,7,DefensiveCoordinator,4,4,None,85,5,5,5,NotSet,NotSet,NotSet,NotSet,NotSet,NotSet,NotSet,NotSet,NotSet,NotSet,NotSet,NotSet,NotSet,NotSet,NotSet,5,7,5,6,5,5,,5,6,5,5,5,6,5,5,5,5,6,5,5,5,0,5,,Conservative,Silent,Motivator,NotSet,b,0278.png,24.png,bald_3006.png
384316,13,Roberto,Gonzalez,36,3,HeadTrainer,0.4,4,None,60,1,1,1,NotSet,NotSet,NotSet,NotSet,NotSet,NotSet,NotSet,NotSet,NotSet,NotSet,NotSet,NotSet,NotSet,NotSet,NotSet,1,1,1,1,1,1,,1,1,1,1,1,1,1,1,1,1,1,1,1,1,0,1,,Conservative,Relaxed,Networker,NotSet,b,0299.png,48.png,black_3048.png
105736,13,Matthew,Ortiz,41,3,HeadScout,0.4,4,None,60,1,1,1,NotSet,NotSet,NotSet,NotSet,NotSet,NotSet,NotSet,NotSet,NotSet,NotSet,NotSet,NotSet,NotSet,NotSet,NotSet,1,1,1,1,1,1,,1,1,1,1,1,1,1,1,1,1,1,1,1,1,0,1,,Balanced,Stern,NotSet,NotSet,b,0299.png,34.png,darkbrown_3001.png
306036,13,Darius,Evans,36,3,QBCoach,0.4,4,None,60,1,1,1,NotSet,NotSet,NotSet,NotSet,NotSet,NotSet,NotSet,NotSet,NotSet,NotSet,NotSet,NotSet,NotSet,NotSet,NotSet,1,1,1,1,1,1,,1,1,1,1,1,1,1,1,1,1,1,1,1,1,0,1,,Aggressive,Relaxed,NotSet,NotSet,a,81.png,7.png,
129311,13,Richard,Snyder,37,3,SkillPositionCoach,0.4,4,None,60,1,1,1,NotSet,NotSet,NotSet,NotSet,NotSet,NotSet,NotSet,NotSet,NotSet,NotSet,NotSet,NotSet,NotSet,NotSet,NotSet,1,1,1,1,1,1,,1,1,1,1,1,1,1,1,1,1,1,1,1,1,0,1,,Conservative,Professional,NotSet,NotSet,b,0287.png,27.png,lightbrown_3103.png
434124,13,John,Camacho,36,3,SpecialTeamsCoach,0.4,4,None,60,1,1,1,NotSet,NotSet,NotSet,NotSet,NotSet,NotSet,NotSet,NotSet,NotSet,NotSet,NotSet,NotSet,NotSet,NotSet,NotSet,1,1,1,1,1,1,,1,1,1,1,1,1,1,1,1,1,1,1,1,1,0,1,,Balanced,Volatile,NotSet,NotSet,,,,
172402,13,Otis,Self,38,3,OLCoach,0.4,4,None,60,1,1,1,NotSet,NotSet,NotSet,NotSet,NotSet,NotSet,NotSet,NotSet,NotSet,NotSet,NotSet,NotSet,NotSet,NotSet,NotSet,1,1,1,1,1,1,,1,1,1,1,1,1,1,1,1,1,1,1,1,1,0,1,,Balanced,Professional,Motivator,NotSet,a,1.png,45.png,
232441,13,Thaddeus,Lavoie,41,3,DLCoach,0.4,4,None,60,1,1,1,NotSet,NotSet,NotSet,NotSet,NotSet,NotSet,NotSet,NotSet,NotSet,NotSet,NotSet,NotSet,NotSet,NotSet,NotSet,1,1,1,1,1,1,,1,1,1,1,1,1,1,1,1,1,1,1,1,1,0,1,,Aggressive,Volatile,Tactician,NotSet,b,0292.png,20.png,black_3008.png
155411,13,Micah,Huskey,40,5,LBCoach,0.4,4,None,60,1,1,1,NotSet,NotSet,NotSet,NotSet,NotSet,NotSet,NotSet,NotSet,NotSet,NotSet,NotSet,NotSet,NotSet,NotSet,NotSet,1,1,1,1,1,1,,1,1,1,1,1,1,1,1,1,1,1,1,1,1,0,1,,Balanced,Enthusiastic,NotSet,NotSet,a,65.png,2.png,
86574,13,Stephen,Osburn,41,3,DBCoach,0.4,4,None,60,1,1,1,NotSet,NotSet,NotSet,NotSet,NotSet,NotSet,NotSet,NotSet,NotSet,NotSet,NotSet,NotSet,NotSet,NotSet,NotSet,1,1,1,1,1,1,,1,1,1,1,1,1,1,1,1,1,1,1,1,1,0,1,,Balanced,Relaxed,NotSet,NotSet,a,35.png,26.png,
61172,12,Nick,Miller,45,7,HeadCoach,10,17,Player,79,10,5,5,Balanced,D43Hybrid,Mixed,Mixed,Zone,LB,SpreadHybrid,Balanced,Balanced,Balanced,Mixed,Mixed,Mixed,Blocking,Pocket,10,10,10,0,0,0,,5,7,5,5,5,2,1,3,5,5,5,10,7,3,0,10,,Aggressive,Professional,Developer,NotSet,a,70.png,30.png,
234798,12,Bob,Baker,64,7,OffensiveCoordinator,4,4,None,91,5,5,5,NotSet,NotSet,NotSet,NotSet,NotSet,NotSet,NotSet,NotSet,NotSet,NotSet,NotSet,NotSet,NotSet,NotSet,NotSet,7,5,5,6,5,7,,5,5,6,5,5,6,5,5,5,5,5,5,5,5,0,5,,Aggressive,Relaxed,NotSet,NotSet,c,0268.png,55.png,bald_3008.png
239949,12,Darryl,Rogers,57,7,DefensiveCoordinator,4,4,None,91,5,5,5,NotSet,NotSet,NotSet,NotSet,NotSet,NotSet,NotSet,NotSet,NotSet,NotSet,NotSet,NotSet,NotSet,NotSet,NotSet,5,5,5,6,5,7,,5,5,6,5,5,5,5,5,5,5,5,5,5,5,0,5,,Aggressive,Relaxed,Developer,NotSet,a,26.png,39.png,
428926,12,Adrian,Sigler,46,3,HeadTrainer,0.4,4,None,60,1,1,1,NotSet,NotSet,NotSet,NotSet,NotSet,NotSet,NotSet,NotSet,NotSet,NotSet,NotSet,NotSet,NotSet,NotSet,NotSet,1,1,1,1,1,1,,1,1,1,1,1,1,1,1,1,1,1,1,1,1,0,1,,Aggressive,Stern,Recruiter,NotSet,a,34.png,45.png,
203670,12,Jed,Williams,41,5,HeadScout,0.4,4,None,60,1,1,1,NotSet,NotSet,NotSet,NotSet,NotSet,NotSet,NotSet,NotSet,NotSet,NotSet,NotSet,NotSet,NotSet,NotSet,NotSet,1,1,1,1,1,1,,1,1,1,1,1,1,1,1,1,1,1,1,1,1,0,1,,Conservative,Stern,Networker,NotSet,a,108.png,47.png,
136285,12,Alton,Garnett,45,3,QBCoach,0.4,4,None,60,1,1,1,NotSet,NotSet,NotSet,NotSet,NotSet,NotSet,NotSet,NotSet,NotSet,NotSet,NotSet,NotSet,NotSet,NotSet,NotSet,1,1,1,1,1,1,,1,1,1,1,1,1,1,1,1,1,1,1,1,1,0,1,,Conservative,Enthusiastic,Developer,NotSet,,,,
413142,12,Gil,Mojica,36,3,SkillPositionCoach,0.4,4,None,60,1,1,1,NotSet,NotSet,NotSet,NotSet,NotSet,NotSet,NotSet,NotSet,NotSet,NotSet,NotSet,NotSet,NotSet,NotSet,NotSet,1,1,1,1,1,1,,1,1,1,1,1,1,1,1,1,1,1,1,1,1,0,1,,Conservative,Volatile,Developer,NotSet,,,,
54248,12,Johnny,Hutchison,36,3,SpecialTeamsCoach,0.4,4,None,60,1,1,1,NotSet,NotSet,NotSet,NotSet,NotSet,NotSet,NotSet,NotSet,NotSet,NotSet,NotSet,NotSet,NotSet,NotSet,NotSet,1,1,1,1,1,1,,1,1,1,1,1,1,1,1,1,1,1,1,1,1,0,1,,Aggressive,Relaxed,Tutor,NotSet,,,,
33487,12,Robert,Jackson,36,3,OLCoach,0.4,4,None,60,1,1,1,NotSet,NotSet,NotSet,NotSet,NotSet,NotSet,NotSet,NotSet,NotSet,NotSet,NotSet,NotSet,NotSet,NotSet,NotSet,1,1,1,1,1,1,,1,1,1,1,1,1,1,1,1,1,1,1,1,1,0,1,,Conservative,Enthusiastic,Motivator,NotSet,a,87.png,52.png,
304289,12,Ernie,Toth,41,3,DLCoach,0.4,4,None,60,1,1,1,NotSet,NotSet,NotSet,NotSet,NotSet,NotSet,NotSet,NotSet,NotSet,NotSet,NotSet,NotSet,NotSet,NotSet,NotSet,1,1,1,1,1,1,,1,1,1,1,1,1,1,1,1,1,1,1,1,1,0,1,,Aggressive,Professional,Tutor,NotSet,c,0271.png,42.png,bald_3009.png
53000,12,Carl,Horowitz,37,3,LBCoach,0.4,4,None,60,1,1,1,NotSet,NotSet,NotSet,NotSet,NotSet,NotSet,NotSet,NotSet,NotSet,NotSet,NotSet,NotSet,NotSet,NotSet,NotSet,1,1,1,1,1,1,,1,1,1,1,1,1,1,1,1,1,1,1,1,1,0,1,,Conservative,Silent,NotSet,NotSet,b,0294.png,7.png,bald_3025.png
25164,12,Charles,Cox,36,3,DBCoach,0.4,4,None,60,1,1,1,NotSet,NotSet,NotSet,NotSet,NotSet,NotSet,NotSet,NotSet,NotSet,NotSet,NotSet,NotSet,NotSet,NotSet,NotSet,1,1,1,1,1,1,,1,1,1,1,1,1,1,1,1,1,1,1,1,1,0,1,,Aggressive,Enthusiastic,Developer,NotSet,a,92.png,26.png,
269540,15,Grace,Savage,52,7,HeadCoach,10,17,ProCoach,79,9,5,6,Balanced,D34,Mixed,PassRush,Mixed,DL,ProStyleHybrid,Balanced,Balanced,Balanced,Catching,Running,Hands,Mixed,Pocket,10,10,10,0,1,0,,7,8,5,6,5,2,3,4,5,5,5,10,7,3,0,10,,Aggressive,Professional,Tactician,NotSet,a,89.png,21.png,
67835,15,Bill,Walsh,60,7,OffensiveCoordinator,4,4,None,86,5,5,5,NotSet,NotSet,NotSet,NotSet,NotSet,NotSet,NotSet,NotSet,NotSet,NotSet,NotSet,NotSet,NotSet,NotSet,NotSet,7,5,5,6,5,5,,5,5,6,6,6,5,5,5,6,5,5,5,5,5,0,5,,Aggressive,Silent,Networker,NotSet,a,95.png,5.png,
285007,15,Ray,Rhodes,41,7,DefensiveCoordinator,4,4,None,86,5,5,5,NotSet,NotSet,NotSet,NotSet,NotSet,NotSet,NotSet,NotSet,NotSet,NotSet,NotSet,NotSet,NotSet,NotSet,NotSet,5,6,5,5,6,6,,5,5,5,5,5,5,5,5,5,5,5,5,5,5,0,5,,Balanced,Enthusiastic,Motivator,NotSet,a,25.png,29.png,
127300,15,Eddie,Turner,42,4,HeadTrainer,0.4,4,None,60,1,1,1,NotSet,NotSet,NotSet,NotSet,NotSet,NotSet,NotSet,NotSet,NotSet,NotSet,NotSet,NotSet,NotSet,NotSet,NotSet,1,1,1,1,1,1,,1,1,1,1,1,1,1,1,1,1,1,1,1,1,0,1,,Conservative,Silent,Networker,NotSet,b,0295.png,3.png,darkbrown_3062.png
272824,15,Sidney,Redmond,41,3,HeadScout,0.4,4,None,60,1,1,1,NotSet,NotSet,NotSet,NotSet,NotSet,NotSet,NotSet,NotSet,NotSet,NotSet,NotSet,NotSet,NotSet,NotSet,NotSet,1,1,1,1,1,1,,1,1,1,1,1,1,1,1,1,1,1,1,1,1,0,1,,Conservative,Silent,Persuader,NotSet,a,22.png,16.png,
405657,15,Brandon,Adams,36,3,QBCoach,0.4,4,None,60,1,1,1,NotSet,NotSet,NotSet,NotSet,NotSet,NotSet,NotSet,NotSet,NotSet,NotSet,NotSet,NotSet,NotSet,NotSet,NotSet,1,1,1,1,1,1,,1,1,1,1,1,1,1,1,1,1,1,1,1,1,0,1,,Balanced,Stern,Tutor,NotSet,,,,
222647,15,Brian,Hemphill,42,3,SkillPositionCoach,0.4,4,None,60,1,1,1,NotSet,NotSet,NotSet,NotSet,NotSet,NotSet,NotSet,NotSet,NotSet,NotSet,NotSet,NotSet,NotSet,NotSet,NotSet,1,1,1,1,1,1,,1,1,1,1,1,1,1,1,1,1,1,1,1,1,0,1,,Aggressive,Relaxed,Recruiter,NotSet,,,,
383628,15,Alexander,Decker,41,6,SpecialTeamsCoach,0.4,4,None,60,1,1,1,NotSet,NotSet,NotSet,NotSet,NotSet,NotSet,NotSet,NotSet,NotSet,NotSet,NotSet,NotSet,NotSet,NotSet,NotSet,1,1,1,1,1,1,,1,1,1,1,1,1,1,1,1,1,1,1,1,1,0,1,,Balanced,Professional,Tutor,NotSet,,,,
303602,15,Mike,Washington,50,14,OLCoach,0.4,4,None,60,1,1,1,NotSet,NotSet,NotSet,NotSet,NotSet,NotSet,NotSet,NotSet,NotSet,NotSet,NotSet,NotSet,NotSet,NotSet,NotSet,1,1,1,1,1,1,,1,1,1,1,1,1,1,1,1,1,1,1,1,1,0,1,,Balanced,Volatile,Persuader,NotSet,c,0270.png,45.png,bald_3042.png
437338,15,Bryan,Hernandez,41,3,DLCoach,0.4,4,None,60,1,1,1,NotSet,NotSet,NotSet,NotSet,NotSet,NotSet,NotSet,NotSet,NotSet,NotSet,NotSet,NotSet,NotSet,NotSet,NotSet,1,1,1,1,1,1,,1,1,1,1,1,1,1,1,1,1,1,1,1,1,0,1,,Aggressive,Professional,Developer,NotSet,c,0269.png,4.png,black_3057.png
322886,15,Robert,Hawk,37,3,LBCoach,0.4,4,None,60,1,1,1,NotSet,NotSet,NotSet,NotSet,NotSet,NotSet,NotSet,NotSet,NotSet,NotSet,NotSet,NotSet,NotSet,NotSet,NotSet,1,1,1,1,1,1,,1,1,1,1,1,1,1,1,1,1,1,1,1,1,0,1,,Balanced,Professional,Networker,NotSet,,,,
377186,15,Lewis,Tisdale,37,3,DBCoach,0.4,4,None,60,1,1,1,NotSet,NotSet,NotSet,NotSet,NotSet,NotSet,NotSet,NotSet,NotSet,NotSet,NotSet,NotSet,NotSet,NotSet,NotSet,1,1,1,1,1,1,,1,1,1,1,1,1,1,1,1,1,1,1,1,1,0,1,,Balanced,Enthusiastic,Recruiter,NotSet,,,,
218827,19,Chick,Hicks,49,5,HeadCoach,10,4,CollegeCoach,77,7,5,6,Run,D43,Mixed,PassRush,Man,DL,PowerHybrid,Balanced,Outside,Power,Mixed,Running,Hands,Blocking,Pocket,10,10,10,1,1,2,,6,8,7,4,6,5,3,1,6,5,5,10,7,5,0,10,,Balanced,Stern,Motivator,NotSet,c,0261.png,27.png,black_3064.png
433636,19,Ruben,Lindsay,56,17,OffensiveCoordinator,4,4,None,82,5,5,6,NotSet,NotSet,NotSet,NotSet,NotSet,NotSet,NotSet,NotSet,NotSet,NotSet,NotSet,NotSet,NotSet,NotSet,NotSet,6,5,6,6,6,5,,5,5,5,5,5,5,5,6,5,5,5,5,5,5,0,5,,Balanced,Professional,Tutor,NotSet,a,28.png,46.png,
126604,19,Matthew,Lapointe,52,15,DefensiveCoordinator,4,4,None,82,5,5,6,NotSet,NotSet,NotSet,NotSet,NotSet,NotSet,NotSet,NotSet,NotSet,NotSet,NotSet,NotSet,NotSet,NotSet,NotSet,5,6,5,5,5,7,,5,6,5,6,5,6,5,5,6,6,5,5,5,5,0,5,,Conservative,Relaxed,Motivator,NotSet,a,79.png,53.png,
351548,19,Adrian,Lund,37,3,HeadTrainer,0.4,4,None,60,1,1,1,NotSet,NotSet,NotSet,NotSet,NotSet,NotSet,NotSet,NotSet,NotSet,NotSet,NotSet,NotSet,NotSet,NotSet,NotSet,1,1,1,1,1,1,,1,1,1,1,1,1,1,1,1,1,1,1,1,1,0,1,,Aggressive,Silent,Developer,NotSet,,,,
332100,19,Juan,Jones,36,3,HeadScout,0.4,4,None,60,1,1,1,NotSet,NotSet,NotSet,NotSet,NotSet,NotSet,NotSet,NotSet,NotSet,NotSet,NotSet,NotSet,NotSet,NotSet,NotSet,1,1,1,1,1,1,,1,1,1,1,1,1,1,1,1,1,1,1,1,1,0,1,,Conservative,Stern,Tactician,NotSet,,,,
340495,19,Ronald,Turner,42,3,QBCoach,0.4,4,None,60,1,1,1,NotSet,NotSet,NotSet,NotSet,NotSet,NotSet,NotSet,NotSet,NotSet,NotSet,NotSet,NotSet,NotSet,NotSet,NotSet,1,1,1,1,1,1,,1,1,1,1,1,1,1,1,1,1,1,1,1,1,0,1,,Balanced,Relaxed,Persuader,NotSet,,,,
158514,19,Carlos,Doss,37,3,SkillPositionCoach,0.4,4,None,60,1,1,1,NotSet,NotSet,NotSet,NotSet,NotSet,NotSet,NotSet,NotSet,NotSet,NotSet,NotSet,NotSet,NotSet,NotSet,NotSet,1,1,1,1,1,1,,1,1,1,1,1,1,1,1,1,1,1,1,1,1,0,1,,Aggressive,Relaxed,Networker,NotSet,,,,
289680,19,Robert,Victor,42,3,SpecialTeamsCoach,0.4,4,None,60,1,1,1,NotSet,NotSet,NotSet,NotSet,NotSet,NotSet,NotSet,NotSet,NotSet,NotSet,NotSet,NotSet,NotSet,NotSet,NotSet,1,1,1,1,1,1,,1,1,1,1,1,1,1,1,1,1,1,1,1,1,0,1,,Aggressive,Professional,NotSet,NotSet,,,,
11355,19,Michael,Macleod,38,3,OLCoach,0.4,4,None,60,1,1,1,NotSet,NotSet,NotSet,NotSet,NotSet,NotSet,NotSet,NotSet,NotSet,NotSet,NotSet,NotSet,NotSet,NotSet,NotSet,1,1,1,1,1,1,,1,1,1,1,1,1,1,1,1,1,1,1,1,1,0,1,,Balanced,Relaxed,Motivator,NotSet,,,,
254088,19,Porter,Scoggins,37,3,DLCoach,0.4,4,None,60,1,1,1,NotSet,NotSet,NotSet,NotSet,NotSet,NotSet,NotSet,NotSet,NotSet,NotSet,NotSet,NotSet,NotSet,NotSet,NotSet,1,1,1,1,1,1,,1,1,1,1,1,1,1,1,1,1,1,1,1,1,0,1,,Conservative,Silent,NotSet,NotSet,,,,
362095,19,Jeffrey,Hill,40,3,LBCoach,0.4,4,None,60,1,1,1,NotSet,NotSet,NotSet,NotSet,NotSet,NotSet,NotSet,NotSet,NotSet,NotSet,NotSet,NotSet,NotSet,NotSet,NotSet,1,1,1,1,1,1,,1,1,1,1,1,1,1,1,1,1,1,1,1,1,0,1,,Conservative,Silent,Persuader,NotSet,,,,
411475,19,Jack,Thompson,36,3,DBCoach,0.4,4,None,60,1,1,1,NotSet,NotSet,NotSet,NotSet,NotSet,NotSet,NotSet,NotSet,NotSet,NotSet,NotSet,NotSet,NotSet,NotSet,NotSet,1,1,1,1,1,1,,1,1,1,1,1,1,1,1,1,1,1,1,1,1,0,1,,Aggressive,Stern,NotSet,NotSet,,,,
468831,6,Clayton,Bigsby,73,7,HeadCoach,10,17,Player,77,8,6,6,Run,D34Hybrid,RunSupport,PassRush,Man,LB,WestCoast,Long,Outside,Outside,Blocking,Running,Big,Catching,Pocket,10,10,10,2,0,0,,3,7,7,9,3,4,3,2,6,7,9,10,7,3,0,10,,Aggressive,Stern,Tactician,NotSet,a,34.png,27.png,
374709,6,Cal,Murphy,59,7,OffensiveCoordinator,4,4,None,85,6,5,5,NotSet,NotSet,NotSet,NotSet,NotSet,NotSet,NotSet,NotSet,NotSet,NotSet,NotSet,NotSet,NotSet,NotSet,NotSet,7,5,5,5,5,7,,5,5,5,5,5,5,6,5,5,5,6,5,5,5,0,5,,Conservative,Enthusiastic,Developer,NotSet,a,64.png,6.png,
346494,6,Marty,Schottenheimer,48,7,DefensiveCoordinator,4,4,None,85,5,7,5,NotSet,NotSet,NotSet,NotSet,NotSet,NotSet,NotSet,NotSet,NotSet,NotSet,NotSet,NotSet,NotSet,NotSet,NotSet,5,6,5,5,6,5,,5,5,5,6,5,5,5,6,5,5,5,5,5,5,0,5,,Balanced,Relaxed,Persuader,NotSet,a,5.png,6.png,
461787,6,Chris,Hamlin,40,4,HeadTrainer,0.4,4,None,60,1,1,1,NotSet,NotSet,NotSet,NotSet,NotSet,NotSet,NotSet,NotSet,NotSet,NotSet,NotSet,NotSet,NotSet,NotSet,NotSet,1,1,1,1,1,1,,1,1,1,1,1,1,1,1,1,1,1,1,1,1,0,1,,Balanced,Silent,Motivator,NotSet,a,38.png,30.png,
483814,6,Dewayne,Mitchell,48,5,HeadScout,0.4,4,None,60,1,1,1,NotSet,NotSet,NotSet,NotSet,NotSet,NotSet,NotSet,NotSet,NotSet,NotSet,NotSet,NotSet,NotSet,NotSet,NotSet,1,1,1,1,1,1,,1,1,1,1,1,1,1,1,1,1,1,1,1,1,0,1,,Aggressive,Relaxed,Tutor,NotSet,b,0282.png,19.png,lightbrown_3044.png
68330,6,Solomon,Lucero,39,3,QBCoach,0.4,4,None,60,1,1,1,NotSet,NotSet,NotSet,NotSet,NotSet,NotSet,NotSet,NotSet,NotSet,NotSet,NotSet,NotSet,NotSet,NotSet,NotSet,1,1,1,1,1,1,,1,1,1,1,1,1,1,1,1,1,1,1,1,1,0,1,,Balanced,Stern,Developer,NotSet,,,,
470150,6,Felix,Hammons,39,3,SkillPositionCoach,0.4,4,None,60,1,1,1,NotSet,NotSet,NotSet,NotSet,NotSet,NotSet,NotSet,NotSet,NotSet,NotSet,NotSet,NotSet,NotSet,NotSet,NotSet,1,1,1,1,1,1,,1,1,1,1,1,1,1,1,1,1,1,1,1,1,0,1,,Balanced,Enthusiastic,Networker,NotSet,b,0288.png,15.png,blonde_3012.png
428297,6,Stephen,Schilling,38,3,SpecialTeamsCoach,0.4,4,None,60,1,1,1,NotSet,NotSet,NotSet,NotSet,NotSet,NotSet,NotSet,NotSet,NotSet,NotSet,NotSet,NotSet,NotSet,NotSet,NotSet,1,1,1,1,1,1,,1,1,1,1,1,1,1,1,1,1,1,1,1,1,0,1,,Balanced,Stern,Networker,NotSet,,,,
96970,6,Harry,Augustine,46,3,OLCoach,0.4,4,None,60,1,1,1,NotSet,NotSet,NotSet,NotSet,NotSet,NotSet,NotSet,NotSet,NotSet,NotSet,NotSet,NotSet,NotSet,NotSet,NotSet,1,1,1,1,1,1,,1,1,1,1,1,1,1,1,1,1,1,1,1,1,0,1,,Aggressive,Relaxed,Developer,NotSet,,,,
195505,6,James,Hemphill,42,7,DLCoach,0.4,4,None,60,1,1,1,NotSet,NotSet,NotSet,NotSet,NotSet,NotSet,NotSet,NotSet,NotSet,NotSet,NotSet,NotSet,NotSet,NotSet,NotSet,1,1,1,1,1,1,,1,1,1,1,1,1,1,1,1,1,1,1,1,1,0,1,,Balanced,Silent,NotSet,NotSet,a,34.png,46.png,
230675,6,David,Robinson,39,3,LBCoach,0.4,4,None,60,1,1,1,NotSet,NotSet,NotSet,NotSet,NotSet,NotSet,NotSet,NotSet,NotSet,NotSet,NotSet,NotSet,NotSet,NotSet,NotSet,1,1,1,1,1,1,,1,1,1,1,1,1,1,1,1,1,1,1,1,1,0,1,,Conservative,Professional,Recruiter,NotSet,a,53.png,40.png,
177139,6,Cory,Dominguez,37,3,DBCoach,0.4,4,None,60,1,1,1,NotSet,NotSet,NotSet,NotSet,NotSet,NotSet,NotSet,NotSet,NotSet,NotSet,NotSet,NotSet,NotSet,NotSet,NotSet,1,1,1,1,1,1,,1,1,1,1,1,1,1,1,1,1,1,1,1,1,0,1,,Aggressive,Enthusiastic,Persuader,NotSet,b,0292.png,16.png,lightbrown_3089.png
273724,10,Tony,Dungy,51,7,HeadCoach,10,17,None,84,7,5,7,Balanced,D43Hybrid,Mixed,Mixed,Man,DL,ProStyleHybrid,Medium,Outside,Power,Mixed,Running,Mixed,Blocking,Pocket,10,10,10,1,0,1,,5,10,5,5,5,5,5,4,5,6,6,10,7,4,0,10,,Balanced,Professional,Tactician,NotSet,a,54.png,10.png,
488885,10,Forrest,Gregg,58,7,OffensiveCoordinator,4,4,None,96,6,5,5,NotSet,NotSet,NotSet,NotSet,NotSet,NotSet,NotSet,NotSet,NotSet,NotSet,NotSet,NotSet,NotSet,NotSet,NotSet,7,6,5,5,5,6,,5,5,5,5,5,5,5,5,6,5,5,5,5,5,0,5,,Aggressive,Relaxed,NotSet,NotSet,a,86.png,23.png,
215070,10,Dick,Modzelewski,60,7,DefensiveCoordinator,4,4,None,96,6,5,6,NotSet,NotSet,NotSet,NotSet,NotSet,NotSet,NotSet,NotSet,NotSet,NotSet,NotSet,NotSet,NotSet,NotSet,NotSet,6,5,6,5,5,6,,5,6,5,5,6,5,6,5,5,6,5,5,5,5,0,5,,Conservative,Stern,Persuader,NotSet,c,0274.png,18.png,black_3082.png
99609,10,Jonathan,Young,47,11,HeadTrainer,0.4,4,None,60,1,1,1,NotSet,NotSet,NotSet,NotSet,NotSet,NotSet,NotSet,NotSet,NotSet,NotSet,NotSet,NotSet,NotSet,NotSet,NotSet,1,1,1,1,1,1,,1,1,1,1,1,1,1,1,1,1,1,1,1,1,0,1,,Aggressive,Silent,Tactician,NotSet,c,0271.png,28.png,bald_3038.png
433211,10,Robert,Moore,42,3,HeadScout,0.4,4,None,60,1,1,1,NotSet,NotSet,NotSet,NotSet,NotSet,NotSet,NotSet,NotSet,NotSet,NotSet,NotSet,NotSet,NotSet,NotSet,NotSet,1,1,1,1,1,1,,1,1,1,1,1,1,1,1,1,1,1,1,1,1,0,1,,Conservative,Enthusiastic,NotSet,NotSet,c,0268.png,5.png,black_3023.png
273368,10,Bennie,Rodriguez,38,3,QBCoach,0.4,4,None,60,1,1,1,NotSet,NotSet,NotSet,NotSet,NotSet,NotSet,NotSet,NotSet,NotSet,NotSet,NotSet,NotSet,NotSet,NotSet,NotSet,1,1,1,1,1,1,,1,1,1,1,1,1,1,1,1,1,1,1,1,1,0,1,,Balanced,Relaxed,Persuader,NotSet,,,,
481482,10,Carrol,Grove,37,3,SkillPositionCoach,0.4,4,None,60,1,1,1,NotSet,NotSet,NotSet,NotSet,NotSet,NotSet,NotSet,NotSet,NotSet,NotSet,NotSet,NotSet,NotSet,NotSet,NotSet,1,1,1,1,1,1,,1,1,1,1,1,1,1,1,1,1,1,1,1,1,0,1,,Conservative,Professional,NotSet,NotSet,a,31.png,19.png,
111374,10,Douglas,Scott,50,7,SpecialTeamsCoach,0.4,4,None,60,1,1,1,NotSet,NotSet,NotSet,NotSet,NotSet,NotSet,NotSet,NotSet,NotSet,NotSet,NotSet,NotSet,NotSet,NotSet,NotSet,1,1,1,1,1,1,,1,1,1,1,1,1,1,1,1,1,1,1,1,1,0,1,,Balanced,Relaxed,Networker,NotSet,a,99.png,38.png,
79858,10,Donald,Garcia,36,3,OLCoach,0.4,4,None,60,1,1,1,NotSet,NotSet,NotSet,NotSet,NotSet,NotSet,NotSet,NotSet,NotSet,NotSet,NotSet,NotSet,NotSet,NotSet,NotSet,1,1,1,1,1,1,,1,1,1,1,1,1,1,1,1,1,1,1,1,1,0,1,,Aggressive,Relaxed,Networker,NotSet,,,,
442841,10,Peter,Lavoie,42,3,DLCoach,0.4,4,None,60,1,1,1,NotSet,NotSet,NotSet,NotSet,NotSet,NotSet,NotSet,NotSet,NotSet,NotSet,NotSet,NotSet,NotSet,NotSet,NotSet,1,1,1,1,1,1,,1,1,1,1,1,1,1,1,1,1,1,1,1,1,0,1,,Aggressive,Relaxed,NotSet,NotSet,a,46.png,9.png,
2248,10,Jonathan,Keeler,36,3,LBCoach,0.4,4,None,60,1,1,1,NotSet,NotSet,NotSet,NotSet,NotSet,NotSet,NotSet,NotSet,NotSet,NotSet,NotSet,NotSet,NotSet,NotSet,NotSet,1,1,1,1,1,1,,1,1,1,1,1,1,1,1,1,1,1,1,1,1,0,1,,Aggressive,Professional,Motivator,NotSet,a,35.png,2.png,
46248,10,George,Yarbrough,51,15,DBCoach,0.4,4,None,60,1,1,1,NotSet,NotSet,NotSet,NotSet,NotSet,NotSet,NotSet,NotSet,NotSet,NotSet,NotSet,NotSet,NotSet,NotSet,NotSet,1,1,1,1,1,1,,1,1,1,1,1,1,1,1,1,1,1,1,1,1,0,1,,Balanced,Silent,NotSet,NotSet,a,98.png,9.png,
339519,14,Arne,Slot,46,7,HeadCoach,10,17,Player,77,7,4,7,Run,D34,RunSupport,PassRush,Mixed,LB,Vertical,Balanced,Balanced,Balanced,Blocking,Running,Fast,Blocking,Pocket,10,10,10,0,1,0,,5,6,5,6,5,5,3,3,5,8,6,10,5,7,0,10,,Aggressive,Professional,Tactician,NotSet,a,38.png,37.png,
166911,14,Dan,Henning,49,7,OffensiveCoordinator,4,4,None,87,5,5,5,NotSet,NotSet,NotSet,NotSet,NotSet,NotSet,NotSet,NotSet,NotSet,NotSet,NotSet,NotSet,NotSet,NotSet,NotSet,6,5,5,5,5,5,,7,5,5,6,5,5,5,5,5,5,5,5,5,5,0,5,,Balanced,Volatile,Motivator,NotSet,a,89.png,6.png,
23772,14,John,Marshall,46,7,DefensiveCoordinator,4,4,None,87,6,5,6,NotSet,NotSet,NotSet,NotSet,NotSet,NotSet,NotSet,NotSet,NotSet,NotSet,NotSet,NotSet,NotSet,NotSet,NotSet,5,7,6,5,5,5,,5,5,6,5,5,5,5,5,6,5,5,5,5,5,0,5,,Conservative,Professional,Networker,NotSet,c,0250.png,44.png,bald_3027.png
98011,14,Daniel,Chamberlin,36,3,HeadTrainer,0.4,4,None,60,1,1,1,NotSet,NotSet,NotSet,NotSet,NotSet,NotSet,NotSet,NotSet,NotSet,NotSet,NotSet,NotSet,NotSet,NotSet,NotSet,1,1,1,1,1,1,,1,1,1,1,1,1,1,1,1,1,1,1,1,1,0,1,,Conservative,Silent,Networker,NotSet,c,0259.png,25.png,bald_3027.png
408669,14,Carl,Houser,42,3,HeadScout,0.4,4,None,60,1,1,1,NotSet,NotSet,NotSet,NotSet,NotSet,NotSet,NotSet,NotSet,NotSet,NotSet,NotSet,NotSet,NotSet,NotSet,NotSet,1,1,1,1,1,1,,1,1,1,1,1,1,1,1,1,1,1,1,1,1,0,1,,Conservative,Relaxed,NotSet,NotSet,,,,
278233,14,Jose,Pederson,42,3,QBCoach,0.4,4,None,60,1,1,1,NotSet,NotSet,NotSet,NotSet,NotSet,NotSet,NotSet,NotSet,NotSet,NotSet,NotSet,NotSet,NotSet,NotSet,NotSet,1,1,1,1,1,1,,1,1,1,1,1,1,1,1,1,1,1,1,1,1,0,1,,Aggressive,Stern,Recruiter,NotSet,,,,
353782,14,Andrew,Johns,40,3,SkillPositionCoach,0.4,4,None,60,1,1,1,NotSet,NotSet,NotSet,NotSet,NotSet,NotSet,NotSet,NotSet,NotSet,NotSet,NotSet,NotSet,NotSet,NotSet,NotSet,1,1,1,1,1,1,,1,1,1,1,1,1,1,1,1,1,1,1,1,1,0,1,,Aggressive,Professional,Persuader,NotSet,,,,
405422,14,Robert,Yang,48,10,SpecialTeamsCoach,0.4,4,None,60,1,1,1,NotSet,NotSet,NotSet,NotSet,NotSet,NotSet,NotSet,NotSet,NotSet,NotSet,NotSet,NotSet,NotSet,NotSet,NotSet,1,1,1,1,1,1,,1,1,1,1,1,1,1,1,1,1,1,1,1,1,0,1,,Conservative,Silent,Persuader,NotSet,c,0252.png,1.png,bald_3022.png
9559,14,Juan,Epperson,42,7,OLCoach,0.4,4,None,60,1,1,1,NotSet,NotSet,NotSet,NotSet,NotSet,NotSet,NotSet,NotSet,NotSet,NotSet,NotSet,NotSet,NotSet,NotSet,NotSet,1,1,1,1,1,1,,1,1,1,1,1,1,1,1,1,1,1,1,1,1,0,1,,Balanced,Silent,Developer,NotSet,,,,
378890,14,Richard,Morgan,41,3,DLCoach,0.4,4,None,60,1,1,1,NotSet,NotSet,NotSet,NotSet,NotSet,NotSet,NotSet,NotSet,NotSet,NotSet,NotSet,NotSet,NotSet,NotSet,NotSet,1,1,1,1,1,1,,1,1,1,1,1,1,1,1,1,1,1,1,1,1,0,1,,Conservative,Stern,Motivator,NotSet,,,,
491478,14,Darryl,Saucedo,42,3,LBCoach,0.4,4,None,60,1,1,1,NotSet,NotSet,NotSet,NotSet,NotSet,NotSet,NotSet,NotSet,NotSet,NotSet,NotSet,NotSet,NotSet,NotSet,NotSet,1,1,1,1,1,1,,1,1,1,1,1,1,1,1,1,1,1,1,1,1,0,1,,Conservative,Volatile,Recruiter,NotSet,,,,
202647,14,David,Corbett,49,13,DBCoach,0.4,4,None,60,1,1,1,NotSet,NotSet,NotSet,NotSet,NotSet,NotSet,NotSet,NotSet,NotSet,NotSet,NotSet,NotSet,NotSet,NotSet,NotSet,1,1,1,1,1,1,,1,1,1,1,1,1,1,1,1,1,1,1,1,1,0,1,,Balanced,Silent,Networker,NotSet,,,,
95660,16,Chip,Biggock,63,7,HeadCoach,10,17,CollegeCoach,79,6,2,10,Run,D34Hybrid,Mixed,PassRush,Man,LB,WestCoast,Balanced,Balanced,Outside,Mixed,Running,Fast,Blocking,Pocket,10,10,10,0,0,2,,10,10,9,6,5,5,3,1,4,5,1,10,7,5,0,10,,Balanced,Enthusiastic,Motivator,NotSet,b,0285.png,24.png,blonde_3041.png
353048,16,Ted,Marchibroda,60,7,OffensiveCoordinator,4,4,None,84,5,5,5,NotSet,NotSet,NotSet,NotSet,NotSet,NotSet,NotSet,NotSet,NotSet,NotSet,NotSet,NotSet,NotSet,NotSet,NotSet,8,5,5,5,5,5,,6,5,5,6,5,5,6,5,6,5,5,5,5,5,0,5,,Balanced,Enthusiastic,Tactician,NotSet,a,67.png,37.png,
186804,16,Fred,Bruney,60,7,DefensiveCoordinator,4,4,None,84,5,5,6,NotSet,NotSet,NotSet,NotSet,NotSet,NotSet,NotSet,NotSet,NotSet,NotSet,NotSet,NotSet,NotSet,NotSet,NotSet,5,6,5,5,5,5,,6,6,6,5,5,5,5,5,5,5,5,5,5,5,0,5,,Balanced,Enthusiastic,Networker,NotSet,a,41.png,26.png,
472152,16,George,Lankford,41,3,HeadTrainer,0.4,4,None,60,1,1,1,NotSet,NotSet,NotSet,NotSet,NotSet,NotSet,NotSet,NotSet,NotSet,NotSet,NotSet,NotSet,NotSet,NotSet,NotSet,1,1,1,1,1,1,,1,1,1,1,1,1,1,1,1,1,1,1,1,1,0,1,,Aggressive,Silent,Motivator,NotSet,a,25.png,9.png,
21668,16,Terry,Reeves,39,3,HeadScout,0.4,4,None,60,1,1,1,NotSet,NotSet,NotSet,NotSet,NotSet,NotSet,NotSet,NotSet,NotSet,NotSet,NotSet,NotSet,NotSet,NotSet,NotSet,1,1,1,1,1,1,,1,1,1,1,1,1,1,1,1,1,1,1,1,1,0,1,,Conservative,Stern,Developer,NotSet,a,12.png,18.png,
164035,16,Andrew,Spriggs,41,3,QBCoach,0.4,4,None,60,1,1,1,NotSet,NotSet,NotSet,NotSet,NotSet,NotSet,NotSet,NotSet,NotSet,NotSet,NotSet,NotSet,NotSet,NotSet,NotSet,1,1,1,1,1,1,,1,1,1,1,1,1,1,1,1,1,1,1,1,1,0,1,,Balanced,Professional,Recruiter,NotSet,,,,
369052,16,David,Coon,41,3,SkillPositionCoach,0.4,4,None,60,1,1,1,NotSet,NotSet,NotSet,NotSet,NotSet,NotSet,NotSet,NotSet,NotSet,NotSet,NotSet,NotSet,NotSet,NotSet,NotSet,1,1,1,1,1,1,,1,1,1,1,1,1,1,1,1,1,1,1,1,1,0,1,,Conservative,Professional,Motivator,NotSet,b,0299.png,52.png,red_3020.png
507,16,Richard,Keeling,51,8,SpecialTeamsCoach,0.4,4,None,60,1,1,1,NotSet,NotSet,NotSet,NotSet,NotSet,NotSet,NotSet,NotSet,NotSet,NotSet,NotSet,NotSet,NotSet,NotSet,NotSet,1,1,1,1,1,1,,1,1,1,1,1,1,1,1,1,1,1,1,1,1,0,1,,Aggressive,Enthusiastic,Persuader,NotSet,,,,
173385,16,William,Pridgen,42,3,OLCoach,0.4,4,None,60,1,1,1,NotSet,NotSet,NotSet,NotSet,NotSet,NotSet,NotSet,NotSet,NotSet,NotSet,NotSet,NotSet,NotSet,NotSet,NotSet,1,1,1,1,1,1,,1,1,1,1,1,1,1,1,1,1,1,1,1,1,0,1,,Conservative,Silent,Persuader,NotSet,c,0250.png,1.png,bald_3027.png
420911,16,Frank,Eason,38,3,DLCoach,0.4,4,None,60,1,1,1,NotSet,NotSet,NotSet,NotSet,NotSet,NotSet,NotSet,NotSet,NotSet,NotSet,NotSet,NotSet,NotSet,NotSet,NotSet,1,1,1,1,1,1,,1,1,1,1,1,1,1,1,1,1,1,1,1,1,0,1,,Balanced,Enthusiastic,NotSet,NotSet,b,0291.png,42.png,lightbrown_3025.png
285223,16,Troy,Goff,37,3,LBCoach,0.4,4,None,60,1,1,1,NotSet,NotSet,NotSet,NotSet,NotSet,NotSet,NotSet,NotSet,NotSet,NotSet,NotSet,NotSet,NotSet,NotSet,NotSet,1,1,1,1,1,1,,1,1,1,1,1,1,1,1,1,1,1,1,1,1,0,1,,Aggressive,Silent,Recruiter,NotSet,a,8.png,51.png,
498496,16,Richard,Russell,46,4,DBCoach,0.3,1,PositionCoach,65,3,2,2,Balanced,D43,Coverage,RunSupport,Mixed,CB,Power,Balanced,NotSet,Balanced,Blocking,Catching,Mixed,DontUse,None,8,2,3,4,4,3,,2,1,1,3,1,2,1,2,1,1,1,4,5,6,0,6,,Aggressive,Volatile,NotSet,Often,b,0292.png,21.png,bald_3027.png
274082,0,Justin,Coates,57,17,OffensiveCoordinator,0,0,None,76,5,6,5,NotSet,NotSet,NotSet,NotSet,NotSet,NotSet,NotSet,NotSet,NotSet,NotSet,NotSet,NotSet,NotSet,NotSet,NotSet,6,5,6,5,5,6,,5,5,5,7,5,5,6,5,5,5,5,5,5,5,0,5,,Aggressive,Stern,Motivator,NotSet,,,,
497942,0,Larry,Tennant,53,16,HeadCoach,0,0,Player,72,3,3,5,Pass,D34Hybrid,Mixed,Mixed,Mixed,S,SmashMouthHybrid,Long,Outside,Balanced,Mixed,Mixed,Mixed,Mixed,None,5,3,3,5,4,4,,1,3,2,1,1,2,1,1,1,2,1,5,7,6,0,2,,Balanced,Professional,NotSet,NotSet,,,,
497943,0,Jarvis,Cooksey,46,10,HeadCoach,0,0,CollegeCoach,70,2,2,4,Balanced,D52Hybrid,Mixed,Mixed,Zone,LB,Power,Balanced,OverMiddle,Balanced,Blocking,Mixed,Big,Mixed,None,6,4,4,4,5,6,,1,3,4,1,1,1,1,1,1,1,1,4,4,7,0,2,,Conservative,Volatile,Recruiter,NotSet,,,,
497945,0,Michael,Jarrett,54,14,HeadCoach,0,0,ProCoach,72,2,2,4,Pass,D335,Mixed,Mixed,Zone,DL,WestCoastHybrid,Balanced,NotSet,From3WRSets,Blocking,Mixed,Big,Blocking,None,6,5,2,2,7,5,,1,4,2,2,1,1,1,1,1,1,1,2,8,2,0,9,,Aggressive,Professional,NotSet,NotSet,,,,
498212,0,Nathanial,Moniz,50,11,HeadCoach,0,0,ProCoach,70,3,2,2,Balanced,D43Hybrid,Mixed,Mixed,Mixed,CB,WestCoastHybrid,Balanced,NotSet,Power,Mixed,Running,Hands,Catching,Pocket,4,4,2,7,7,3,,1,1,2,1,1,1,1,1,1,1,1,1,4,6,0,2,,Aggressive,Enthusiastic,Developer,NotSet,,,,
498217,0,Arthur,Sharp,50,8,HeadCoach,0,0,Player,73,5,3,2,Pass,D335Hybrid,Mixed,Mixed,Mixed,S,PowerHybrid,Balanced,RunningBacks,Balanced,Catching,Catching,Mixed,DontUse,None,3,5,4,3,1,4,,2,5,1,1,1,1,1,1,1,1,1,7,8,5,0,3,,Conservative,Enthusiastic,Networker,NotSet,,,,
498480,0,Michael,Elmore,51,7,DBCoach,0,0,CollegeCoach,61,1,1,3,Run,D52,Mixed,PassRush,Man,S,VerticalHybrid,Long,TightEnds,Balanced,Catching,Mixed,Fast,Blocking,None,1,3,2,2,1,1,,4,2,1,1,1,1,5,1,1,1,1,6,4,5,0,9,,Aggressive,Volatile,NotSet,NotSet,a,22.png,32.png,
498261,0,James,Thompson,49,13,DBCoach,0,0,PositionCoach,65,4,5,3,Balanced,D335Hybrid,Mixed,PassRush,Mixed,DL,Spread,Short,Balanced,Draws,Mixed,Mixed,Fast,Mixed,None,2,6,1,3,1,4,,1,2,1,3,1,1,1,1,2,2,1,5,7,7,0,8,,Conservative,Relaxed,Tactician,NotSet,a,16.png,14.png,
345942,0,Alfonso,Gonzalez,36,2,DBCoach,0,0,Player,56,2,2,1,Balanced,D52,Mixed,RunSupport,Mixed,DL,SpreadHybrid,Balanced,OverMiddle,Balanced,Mixed,Mixed,Flexible,Blocking,Mobile,1,1,1,1,3,1,,3,1,1,3,1,1,3,1,1,1,1,6,8,2,0,7,,Conservative,Volatile,Tactician,NotSet,,,,
465033,0,Donald,Hoffman,41,5,DBCoach,0,0,Player,58,1,2,2,Balanced,D34Hybrid,Coverage,Mixed,Zone,CB,WestCoast,Balanced,TightEnds,Inside,Mixed,Mixed,Mixed,Blocking,None,1,1,1,2,3,1,,5,1,1,2,1,1,7,1,1,1,1,6,3,2,0,5,,Conservative,Volatile,Recruiter,NotSet,,,,
498206,0,Steve,Janes,52,7,DBCoach,0,0,ProCoach,60,2,2,1,Pass,D43Hybrid,Mixed,RunSupport,Mixed,DL,SpreadHybrid,Balanced,RunningBacks,Draws,Blocking,Mixed,Mixed,Mixed,None,1,2,2,1,2,1,,2,1,1,3,1,1,8,1,1,1,1,6,4,8,0,9,,Aggressive,Enthusiastic,Developer,NotSet,,,,
498207,0,Paul,Hager,45,10,DBCoach,0,0,CollegeCoach,58,2,2,3,Balanced,D43,Mixed,Mixed,Mixed,S,SpreadHybrid,Balanced,NotSet,Outside,Catching,Blocking,Fast,Mixed,None,1,2,2,1,3,1,,5,1,1,1,1,1,8,1,1,1,1,9,5,2,0,6,,Aggressive,Enthusiastic,Motivator,NotSet,,,,
