WeekNumber,GameID,Season,TeamID,Team,PlayerID,G,GS,Championships,ChampionshipYears,MadeBowlGame,MadePlayoffs,Wins,Losses,Ties,WinPct,BowlGame,RegularBowlWins,RegularBowlLosses,RegularBowlWinPct,RoundOf16BowlWins,RoundOf16BowlLosses,RoundOf16BowlWinPct,QuarterFinalBowlWins,QuarterFinalBowlLosses,QuarterFinalBowlWinPct,SemiFinalBowlWins,SemiFinalBowlLosses,SemiFinalBowlWinPct,ChampionshipWins,ChampionshipLosses,ChampionshipWinPct,ConfChampionshipWins,ConfChampionshipLosses,ConfChampionshipWinPct,Prestige,Job,CtA,Tar,RecruitingClassRank,TeamRanking,ELORating,Plays,RushAtt,Catches,PassAtt,PassCmp,PassInt,PassYds,PassYdsAgainst,TotalYdsAgainst,TotalYds,RushYdsAgainst,PassTD,PassRating,PassingAttemptsPerGame,PassingYardsPerAttempt,PassingYardsPerCompletion,SackPct,PassingYdsPerGame,RushYds,RecYds,RushTD,RecTD,RunLong,PassLong,RecLong,PuntLong,KRLong,PRLong,FGLong,Int,IntReturnYds,Fumbles,FumblesLost,FumReturnYds,Pancakes,MissedTackles,DroppedPasses,PassesDefensed,SacksAllowed,MissedBlocks,TeamOwner,Conference,WasSacked,SackedYards,Tackles,TFL,Sacks,Hurries,Knockdowns,Safeties,ForcedFumbles,FumblesRecovered,DefensiveTD,BlockedFG,BlockedPAT,BlockedPunt,Penalties,PenaltyYds,Punts,PuntYds,PuntsInside20,PuntReturns,PuntReturnYds,PuntReturnTD,KickoffReturns,KickoffReturnYds,KickoffReturnTD,FGA_U20,FGA_2029,FGA_3039,FGA_4049,FGA_50,FGM_U20,FGM_2029,FGM_3039,FGM_4049,FGM_50,FGA,FGM,XPA,XPM,POG,POW,RushAvg,PassAvg,PassPct,RecAvg,FGPct,XPPct,PuntAvg,PuntReturnAvg,KickReturnAvg,RushingAttPerGame,RushingYdsPerGame,RushFDPct,CatchesPerGame,ReceivingYdsPerGame,RecFDPct,KickingPoints,Points,PointsFor,PointsAgainst,Rush20,Rush40,RushFD,Pass20,Pass40,PassFD,Rec20,Rec40,RecFD
,0,1985,1,NAVY,,12,0,0,,0,0,9,3,0,0.75,,0,0,0,0,0,0,0,0,0,0,0,0,0,0,0,1,0,1,0,,241,949,0,8,1555,895,485,252,410,252,9,2803,1896,3888,5371,1992,22,132.2,34.2,6.8,11.1,3.8,233.6,2568,2803,25,22,78,76,76,62,95,77,48,3,30,14,5,0,279,53,35,76,2,38,,Atlantic Coast Conference,16,86,514,45,19,77,71,0,11,11,0,0,0,0,87,737,65,2850,23,44,548,1,38,853,1,1,7,8,15,0,1,5,7,9,0,31,22,40,33,16,0,5.3,11.1,61.5,11.1,71,82.5,43.8,12.5,22.4,40.4,214,22.7,21,233.6,48,99,393,403,267,20,8,110,28,8,121,28,8,121
,0,1984,1,NAVY,,13,0,0,,1,0,8,5,0,0.615,Orange Bowl,0,1,0,0,0,0,0,0,0,0,0,0,0,0,0,1,0,1,54,,357,998,27,13,1537,924,503,214,421,214,10,2274,2696,4369,4426,1673,19,106.3,32.4,5.4,10.6,4.1,174.9,2152,2274,18,19,61,49,49,63,102,47,52,6,167,19,9,32,317,55,26,57,7,33,,Atlantic Coast Conference,18,125,699,57,38,53,56,0,20,20,1,0,0,3,79,666,95,4267,36,40,335,0,43,1152,2,3,3,6,12,2,3,3,4,5,2,26,17,40,38,13,0,4.3,10.6,50.8,10.6,65.4,95,44.9,8.4,26.8,38.7,165.5,21.1,16.5,174.9,41.1,89,329,329,284,11,4,106,26,6,88,26,6,88
,0,1985,2,CLEM,,12,0,0,,0,0,3,9,0,0.25,,0,0,0,0,0,0,0,0,0,0,0,0,0,0,0,0,0,0,0,,309,1039,0,34,1442,917,490,164,427,164,7,1487,2681,4451,3533,1770,9,71.3,35.6,3.5,9.1,3.4,123.9,2046,1487,11,9,75,67,67,52,96,51,52,10,172,16,6,15,283,82,50,73,4,85,,Southeastern Conference,15,77,628,52,27,71,74,0,12,18,1,0,0,3,109,857,121,4472,28,31,334,0,56,1310,1,0,5,11,10,2,0,4,6,7,2,28,19,19,16,9,0,4.2,9.1,38.4,9.1,67.9,84.2,37,10.8,23.4,40.8,170.5,20.4,13.7,123.9,40.2,73,205,209,342,22,7,100,11,2,66,11,2,66
,0,1984,2,CLEM,,12,0,0,,0,0,3,9,0,0.25,,0,0,0,0,0,0,0,0,0,0,0,0,0,0,0,0,0,0,61,,400,1061,35,30,1454,871,454,203,417,203,11,2056,2371,4172,3468,1801,6,89.6,34.8,4.9,10.1,5.2,171.3,1412,2056,11,6,69,51,51,51,38,66,51,9,101,10,8,18,324,50,33,70,5,64,,Southeastern Conference,23,164,664,48,26,55,49,1,15,13,1,0,0,0,82,637,103,3855,22,38,442,0,41,954,0,0,9,9,8,2,0,9,8,5,1,28,23,18,16,10,0,3.1,10.1,48.7,10.1,82.1,88.9,37.4,11.6,23.3,37.8,117.7,17.4,16.9,171.3,42.9,85,193,195,325,11,1,79,21,2,87,21,2,87
,0,1985,3,STAN,,12,0,0,,0,0,5,7,0,0.417,,0,0,0,0,0,0,0,0,0,0,0,0,0,0,0,0,0,0,0,,300,915,0,19,1486,776,439,150,337,150,9,1998,2325,4546,3687,2221,20,108.6,28.1,5.9,13.3,2.6,166.5,1689,1998,9,20,68,87,87,58,94,61,57,7,102,3,1,9,239,91,36,70,2,58,,Pacific 10 Conference,9,47,636,52,12,70,42,0,12,8,0,0,0,2,83,808,94,3874,33,39,549,1,43,1022,1,0,4,7,9,6,0,2,6,6,3,26,17,29,29,11,0,3.8,13.3,44.5,13.3,65.4,100,41.2,14.1,23.8,36.6,140.8,19.1,12.5,166.5,38,80,266,266,286,10,2,84,22,12,57,22,12,57
,0,1984,3,STAN,,13,0,0,,1,0,5,8,0,0.385,Independence Bowl,0,1,0,0,0,0,0,0,0,0,0,0,0,0,0,0,0,0,65,,412,1084,24,29,1494,918,528,205,390,205,6,2077,2681,4429,3707,1748,15,106.9,30,5.3,10.1,3.2,159.8,1630,2077,8,15,40,66,66,58,29,78,57,17,403,11,5,30,266,60,27,87,3,62,,Pacific 10 Conference,13,98,714,71,19,73,43,1,17,13,4,0,0,1,83,767,104,4288,32,48,851,1,25,522,0,0,11,6,13,2,0,11,5,11,2,32,29,26,26,13,0,3.1,10.1,52.6,10.1,90.6,100,41.2,17.7,20.9,40.6,125.4,15.9,15.8,159.8,43.4,113,281,285,267,4,0,84,26,1,89,26,1,89
,0,1985,4,OK,,12,0,0,,0,0,3,9,0,0.25,,0,0,0,0,0,0,0,0,0,0,0,0,0,0,0,0,0,0,0,,314,985,0,37,1454,842,437,184,405,184,3,2043,2763,4594,3876,1831,13,96.9,33.8,5,11.1,3.1,170.2,1833,2043,13,13,56,50,50,56,100,77,52,4,45,6,2,2,262,78,44,57,7,57,,Pacific 10 Conference,13,116,594,43,16,64,58,1,6,6,1,0,0,1,114,974,90,3726,25,33,407,0,40,1161,2,2,6,12,7,3,2,5,10,3,2,30,22,28,25,11,0,4.2,11.1,45.4,11.1,73.3,89.3,41.4,12.3,29,36.4,152.8,19.9,15.3,170.2,51.1,91,265,269,307,12,5,87,24,4,94,24,4,94
,0,1984,4,OK,,13,0,0,,1,0,8,5,0,0.615,Citrus Bowl,1,0,1,0,0,0,0,0,0,0,0,0,0,0,0,0,0,0,71,,409,1084,8,14,1533,890,486,280,404,280,6,2767,2614,4318,4686,1704,24,143.5,31.1,6.8,9.9,5.2,212.8,1919,2767,18,24,48,54,54,55,104,61,54,16,240,9,6,7,339,56,19,74,2,19,,Pacific 10 Conference,22,166,660,53,24,50,39,0,10,8,2,0,1,0,99,832,74,3099,26,29,278,0,47,1218,2,1,10,3,11,1,1,7,2,8,1,26,19,46,41,15,0,3.9,9.9,69.3,9.9,73.1,89.1,41.9,9.6,25.9,37.4,147.6,20,21.5,212.8,44.6,98,374,374,278,16,3,97,22,8,125,22,8,125
,0,1985,5,NTDM,,12,0,0,,0,0,10,2,0,0.833,,0,0,0,0,0,0,0,0,0,0,0,0,0,0,0,1,0,1,0,,256,1009,0,3,1580,842,381,280,461,280,11,3243,1866,3718,5187,1852,19,128.7,38.4,7,11.6,1.7,270.2,1944,3243,22,19,75,74,74,50,35,23,42,5,82,14,7,1,338,48,27,68,1,32,,Big Ten Conference,8,57,553,51,15,75,41,0,11,11,1,0,0,2,78,726,69,2585,20,25,183,0,33,593,0,4,7,8,10,2,3,5,7,1,0,31,16,41,38,14,0,5.1,11.6,60.7,11.6,51.6,92.7,37.5,7.3,18,31.8,162,16.8,23.3,270.2,50.7,86,338,340,260,16,9,64,39,7,142,39,7,142
,0,1984,5,NTDM,,13,0,0,,1,0,11,2,0,0.846,Fiesta Bowl,1,0,1,0,0,0,0,0,0,0,0,0,0,0,0,0,0,0,72,,307,1046,38,4,1578,902,445,295,457,295,4,2843,2279,4024,4628,1745,23,131.7,35.2,6.2,9.6,4,218.7,1785,2843,12,23,84,49,49,50,97,36,56,11,169,24,9,2,350,58,31,76,7,27,,Big Ten Conference,19,129,642,47,22,48,59,2,8,18,0,0,0,2,85,710,87,3238,30,34,297,0,44,1085,0,2,7,10,9,3,1,5,8,5,3,31,22,32,31,17,0,4,9.6,64.6,9.6,71,96.9,37.2,8.7,24.7,34.2,137.3,20.9,22.7,218.7,45.1,97,307,315,221,10,2,93,23,1,133,23,1,133
,0,1985,6,RUT,,12,0,0,,0,0,6,6,0,0.5,,0,0,0,0,0,0,0,0,0,0,0,0,0,0,0,0,0,0,0,,268,974,0,18,1497,851,436,234,415,234,15,2905,2363,3939,4791,1576,19,123.1,34.6,7,12.4,3,242.1,1886,2905,14,19,76,80,80,55,100,72,51,7,68,16,6,33,237,46,42,70,3,57,,Atlantic Coast Conference,13,104,553,47,21,65,70,1,17,19,2,1,0,3,81,690,82,3266,19,40,410,0,41,960,1,1,11,12,8,3,1,9,9,5,1,35,25,35,35,11,0,4.3,12.4,56.4,12.4,71.4,100,39.8,10.2,23.4,36.3,157.2,19.3,19.5,242.1,43.2,110,326,328,299,13,8,84,35,12,101,35,12,101
,0,1984,6,RUT,,13,0,0,,1,0,6,7,0,0.462,Independence Bowl,1,0,1,0,0,0,0,0,0,0,0,0,0,0,0,0,0,0,52,,333,1011,6,19,1476,939,472,271,467,271,14,2901,2218,4103,4616,1885,17,116.2,35.9,6.2,10.7,4.7,223.2,1715,2901,14,17,51,75,75,56,106,61,52,9,137,7,2,10,318,98,33,55,9,46,,Atlantic Coast Conference,23,156,687,66,25,46,56,0,14,8,1,0,0,0,104,931,85,3435,26,32,339,1,49,1196,1,4,6,8,6,1,4,3,8,4,1,25,20,33,31,16,0,3.6,10.7,58,10.7,80,93.9,40.4,10.6,24.4,36.3,131.9,16.1,20.8,223.2,47.2,91,295,295,332,10,4,76,32,6,128,32,6,128
,0,1985,7,KCL,,12,0,0,,0,0,2,10,0,0.167,,0,0,0,0,0,0,0,0,0,0,0,0,0,0,0,0,0,0,0,,274,817,0,38,1423,653,337,29,316,29,4,849,1671,3908,2105,2237,5,34.4,26.3,2.7,29.3,20.2,70.8,1256,849,8,5,65,97,97,58,100,73,48,6,48,15,8,12,329,74,47,81,26,130,,Atlantic Coast Conference,80,559,650,53,23,70,73,0,11,10,0,0,0,1,84,712,131,5458,37,40,524,1,38,868,1,1,3,8,4,2,0,3,7,2,0,18,12,14,13,5,0,3.7,29.3,9.2,29.3,66.7,92.9,41.7,13.1,22.8,28.1,104.7,15.1,2.4,70.8,58.6,49,139,139,305,12,3,51,16,5,17,16,5,17
,0,1984,7,KCL,,13,0,0,,1,0,5,8,0,0.385,Frozen Tundra Bowl,0,1,0,0,0,0,0,0,0,0,0,0,0,0,0,0,0,0,60,,395,970,28,35,1486,734,379,131,355,131,5,2447,2572,4493,3807,1921,14,105,27.3,6.9,18.7,22.1,188.2,1360,2447,8,14,21,75,75,57,74,71,46,15,193,19,8,14,464,76,29,70,33,55,,Atlantic Coast Conference,101,796,711,55,31,58,60,1,11,17,3,0,0,2,98,813,112,4596,34,40,521,3,45,1074,0,0,11,9,7,0,0,8,8,6,0,27,22,28,28,8,0,3.6,18.7,36.9,18.7,81.5,100,41,13,23.9,29.2,104.6,17.9,10.1,188.2,59.5,94,262,264,332,1,0,68,46,13,78,46,13,78
,0,1985,8,IOWA,,12,0,0,,0,0,5,7,0,0.417,,0,0,0,0,0,0,0,0,0,0,0,0,0,0,0,0,0,0,0,,347,961,0,25,1476,761,351,170,410,170,12,2358,2860,4777,3927,1917,19,99.2,34.2,5.8,13.9,4.7,196.5,1569,2358,11,19,64,86,86,57,94,49,53,5,172,12,8,18,237,51,38,51,10,75,,Big Ten Conference,20,133,684,65,22,63,38,0,14,11,2,0,0,0,86,799,86,3580,28,27,285,0,54,1339,0,0,3,7,13,2,0,2,4,6,1,25,13,31,27,10,0,4.5,13.9,41.5,13.9,52,87.1,41.6,10.6,24.8,29.2,130.8,21.7,14.2,196.5,44.1,66,258,260,354,11,5,76,28,13,75,28,13,75
,0,1984,8,IOWA,,12,0,0,,0,0,3,9,0,0.25,,0,0,0,0,0,0,0,0,0,0,0,0,0,0,0,0,0,0,60,,495,1010,17,38,1454,844,503,190,341,190,7,2013,2818,4428,4165,1610,16,116.7,28.4,5.9,10.6,0.9,167.8,2152,2013,21,16,67,54,54,56,100,54,44,5,115,8,3,13,296,66,13,44,0,29,,Big Ten Conference,3,24,631,42,21,33,29,0,12,12,1,0,0,1,89,768,74,3087,19,31,354,0,44,952,1,0,1,8,4,0,0,1,6,4,0,13,11,37,37,13,0,4.3,10.6,55.7,10.6,84.6,100,41.7,11.4,21.6,41.9,179.3,22.3,15.8,167.8,51.1,70,304,306,324,13,3,112,18,7,97,18,7,97
,0,1985,9,NWST,,12,0,0,,0,0,4,8,0,0.333,,0,0,0,0,0,0,0,0,0,0,0,0,0,0,0,0,0,0,0,,275,1071,0,31,1463,846,373,147,473,147,5,1560,2186,4322,2914,2136,12,65,39.4,3.3,10.6,3.3,130,1354,1560,5,12,54,86,86,56,40,64,46,8,80,5,4,20,254,71,63,90,8,78,,Big Ten Conference,16,128,632,51,17,70,68,0,14,6,1,0,1,4,83,722,129,5405,40,53,595,1,43,791,0,0,5,9,6,2,0,5,7,2,0,22,14,17,16,9,0,3.6,10.6,31.1,10.6,63.6,94.1,41.9,11.2,18.4,31.1,112.8,19,12.2,130,46.3,58,172,174,289,7,2,71,9,4,68,9,4,68
,0,1984,9,NWST,,13,0,0,,1,0,8,5,0,0.615,Orange Bowl,1,0,1,0,0,0,0,0,0,0,0,0,0,0,0,0,0,0,55,,355,1158,16,9,1516,905,410,298,495,298,9,3618,2209,4078,4881,1869,27,136,38.1,7.3,12.1,5.4,278.3,1263,3618,10,27,66,85,85,54,75,69,50,7,82,15,10,10,324,59,35,99,3,30,,Big Ten Conference,28,201,670,61,21,50,61,0,13,13,0,0,0,1,103,826,93,3821,35,45,518,0,49,1172,0,1,6,6,11,6,1,6,6,8,2,30,23,34,34,14,0,3.1,12.1,60.2,12.1,76.7,100,41.1,11.5,23.9,31.5,97.2,12.2,22.9,278.3,48.3,103,325,329,252,5,2,50,45,12,144,45,12,144
,0,1985,10,PENNST,,12,0,0,,0,0,6,6,0,0.5,,0,0,0,0,0,0,0,0,0,0,0,0,0,0,0,0,0,0,0,,320,1015,0,29,1502,863,502,171,361,171,11,1539,2168,4110,3365,1942,10,86.2,30.1,4.3,9,4.7,128.2,1826,1539,11,10,50,46,46,61,60,57,50,8,211,13,4,16,228,82,33,71,8,64,,Atlantic Coast Conference,18,124,601,39,21,66,78,0,19,21,2,0,0,6,100,889,104,4608,48,45,471,2,30,677,0,0,11,7,14,2,0,7,7,11,1,34,26,25,23,8,0,3.6,9,47.4,9,76.5,92,44.3,10.5,22.6,41.8,152.2,17.1,14.2,128.2,39.8,101,251,251,263,9,3,86,11,2,68,11,2,68
,0,1984,10,PENNST,,13,0,0,,1,0,9,4,0,0.692,Peach Bowl,1,0,1,0,0,0,0,0,0,0,0,0,0,0,0,0,0,0,66,,419,1039,32,8,1539,932,573,179,359,179,8,1610,2754,4645,3925,1891,12,94.1,27.6,4.5,9,5.3,123.8,2315,1610,14,12,57,42,42,62,34,61,51,10,102,7,4,23,290,70,19,71,6,56,,Atlantic Coast Conference,20,119,696,56,38,59,70,0,20,9,0,1,0,3,72,591,107,4799,49,38,487,0,36,752,0,0,7,13,8,2,0,4,10,4,1,30,19,25,25,14,0,4,9,49.9,9,63.3,100,44.9,12.8,20.9,44.1,178.1,19,13.8,123.8,47.5,82,238,238,258,14,5,109,9,1,85,9,1,85
,0,1985,11,MD,,12,0,0,,0,0,4,8,0,0.333,,0,0,0,0,0,0,0,0,0,0,0,0,0,0,0,0,0,0,0,,284,1036,0,32,1460,775,331,80,444,80,5,1491,2134,3956,2653,1822,13,53.6,37,3.4,18.6,8.3,124.2,1162,1491,4,13,48,85,85,47,93,56,52,9,137,6,1,55,276,55,64,91,18,137,,Atlantic Coast Conference,40,287,661,69,42,72,66,0,25,19,1,0,0,1,93,790,148,5461,21,34,265,1,43,1095,0,2,6,7,5,4,1,4,3,1,1,24,10,18,18,10,0,3.5,18.6,18,18.6,41.7,100,36.9,7.8,25.5,27.6,96.8,15.4,6.7,124.2,47.5,48,162,162,290,6,2,51,21,11,38,21,11,38
,0,1984,11,MD,,13,0,0,,1,0,5,8,0,0.385,Holiday Bowl,0,1,0,0,0,0,0,0,0,0,0,0,0,0,0,0,0,0,56,,391,1015,1,32,1486,925,548,240,377,240,12,2421,2402,4109,4576,1707,16,125.2,29,6.4,10.1,3.8,186.2,2155,2421,12,16,92,69,69,61,85,59,51,9,131,29,16,9,325,51,25,56,4,35,,Atlantic Coast Conference,15,86,626,47,29,27,47,0,11,17,2,1,0,0,89,701,77,3384,29,36,309,0,44,1084,0,1,7,11,6,7,1,7,10,2,4,32,24,30,30,12,0,3.9,10.1,63.7,10.1,75,100,43.9,8.6,24.6,42.2,165.8,19.5,18.5,186.2,41.7,102,282,282,333,11,4,107,22,9,100,22,9,100
,0,1985,12,KY,,12,0,0,,0,0,4,8,0,0.333,,0,0,0,0,0,0,0,0,0,0,0,0,0,0,0,0,0,0,0,,266,958,0,30,1466,863,398,244,465,244,13,2228,2225,3524,3479,1299,9,93.5,38.8,4.8,9.1,2.5,185.7,1251,2228,6,9,51,57,57,53,96,57,56,7,99,8,4,15,211,60,54,65,7,63,,Southeastern Conference,12,65,541,49,34,50,51,0,14,9,0,0,0,1,86,730,95,3570,26,37,415,0,42,975,1,0,9,12,8,4,0,7,8,3,1,33,19,15,15,11,0,3.1,9.1,52.5,9.1,57.6,100,37.6,11.2,23.2,33.2,104.2,17.6,20.3,185.7,45.1,72,168,170,257,5,2,70,14,3,110,14,3,110
,0,1984,12,KY,,13,0,0,,1,0,5,8,0,0.385,Cherry Bowl,0,1,0,0,0,0,0,0,0,0,0,0,0,0,0,0,0,0,60,,278,1039,37,28,1486,943,403,324,540,324,15,2631,2234,4063,3626,1829,13,103.3,41.5,4.9,8.1,2.7,202.4,995,2631,14,13,29,76,76,53,103,90,54,6,50,16,10,13,229,42,29,67,3,43,,Southeastern Conference,15,78,629,54,34,56,63,1,11,13,0,0,0,2,87,668,86,3404,28,36,534,0,50,1153,1,3,7,4,7,3,2,6,4,5,2,24,19,25,25,8,0,2.5,8.1,60,8.1,79.2,100,39.6,14.8,23.1,31,76.5,15.1,24.9,202.4,41.7,82,250,256,333,3,0,61,9,2,135,9,2,135
,0,1985,13,NEB,,12,0,0,,0,0,3,9,0,0.25,,0,0,0,0,0,0,0,0,0,0,0,0,0,0,0,0,0,0,0,,236,940,0,36,1449,893,423,245,470,245,10,2571,2030,3656,3973,1626,19,107.2,39.2,5.5,10.5,3.1,214.2,1402,2571,3,19,70,93,93,52,30,45,40,6,74,14,4,25,237,52,34,69,6,46,,Big Ten Conference,15,75,587,50,19,51,49,0,12,15,2,0,0,3,98,776,100,3820,21,38,203,0,35,642,0,1,6,10,5,1,0,2,6,1,0,23,9,23,22,12,0,3.3,10.5,52.1,10.5,39.1,95.7,38.2,5.3,18.3,35.2,116.8,16.3,20.4,214.2,48.6,49,193,193,266,7,2,69,18,5,119,18,5,119
,0,1984,13,NEB,,12,0,0,,0,0,3,9,0,0.25,,0,0,0,0,0,0,0,0,0,0,0,0,0,0,0,0,0,0,69,,326,1105,20,39,1465,912,372,351,540,351,11,3083,2343,3778,4216,1435,18,119.9,45,5.7,8.8,3.4,256.9,1133,3083,8,18,70,70,70,52,36,75,52,11,123,14,7,9,329,47,35,57,3,23,,Big Ten Conference,19,115,572,41,19,43,37,1,8,9,0,0,0,2,89,774,86,3432,28,32,302,1,39,821,0,4,4,12,5,1,1,3,8,3,1,26,16,24,22,13,0,3,8.8,65,8.8,61.5,91.7,39.9,9.4,21.1,31,94.4,18.8,29.2,256.9,39.3,70,232,238,298,4,1,70,16,7,138,16,7,138
,0,1985,14,BST,,12,0,0,,0,0,2,10,0,0.167,,0,0,0,0,0,0,0,0,0,0,0,0,0,0,0,0,0,0,0,,287,983,0,40,1423,760,348,63,412,63,4,674,1989,3795,2225,1806,1,27.9,34.3,1.6,10.7,7.8,56.2,1551,674,4,1,72,52,52,57,103,65,54,7,90,11,5,1,238,57,67,84,15,75,,Atlantic Coast Conference,35,269,606,54,36,74,67,4,6,7,1,0,0,1,92,806,140,5880,41,58,607,2,43,1001,1,1,3,5,13,3,1,3,5,10,2,25,21,9,9,7,0,4.5,10.7,15.3,10.7,84,100,42,10.5,23.3,29,129.2,18.1,5.2,56.2,54,72,126,134,256,10,7,63,7,1,34,7,1,34
,0,1984,14,BST,,13,0,0,,1,0,5,8,0,0.385,Aloha Bowl,1,0,1,0,0,0,0,0,0,0,0,0,0,0,0,0,0,0,62,,288,972,25,31,1471,851,358,336,493,336,9,3072,2430,4098,4254,1668,19,129.6,37.9,6.2,9.1,3.5,236.3,1182,3072,10,19,37,56,56,57,97,66,54,9,168,16,7,4,307,71,27,66,2,23,,Atlantic Coast Conference,18,123,628,61,25,40,54,2,11,16,4,0,0,1,74,612,77,3197,22,28,282,0,39,1008,1,0,8,7,9,5,0,5,4,6,3,29,18,33,33,14,0,3.3,9.1,68.2,9.1,62.1,100,41.5,10.1,25.8,27.5,90.9,18.7,25.8,236.3,37.8,87,291,297,264,2,0,67,26,6,127,26,6,127
,0,1985,15,BAMA,,12,0,0,,0,0,6,6,0,0.5,,0,0,0,0,0,0,0,0,0,0,0,0,0,0,0,0,0,0,0,,276,953,0,21,1496,783,401,175,382,175,12,2115,2464,3924,3259,1460,19,102.5,31.8,5.5,12.1,7.5,176.2,1144,2115,6,19,55,77,77,57,102,82,53,9,193,10,8,1,238,52,40,87,18,90,,Southeastern Conference,31,230,620,62,25,82,68,0,7,4,2,0,0,1,95,852,99,4264,34,49,487,0,44,1105,1,1,7,8,10,4,1,6,8,3,3,30,21,26,25,13,0,2.9,12.1,45.8,12.1,70,96.2,43.1,9.9,25.1,33.4,95.3,16,14.6,176.2,42.3,88,256,258,263,4,2,64,22,11,74,22,11,74
,0,1984,15,BAMA,,13,0,0,,1,0,4,9,0,0.308,Hall of Fame Bowl,0,1,0,0,0,0,0,0,0,0,0,0,0,0,0,0,0,0,65,,426,1064,26,37,1481,858,463,174,395,174,9,1801,2949,4640,3304,1691,10,86.1,30.4,4.6,10.4,4.4,138.5,1503,1801,10,10,39,59,59,57,101,77,49,13,271,16,11,3,276,67,26,69,6,71,,Southeastern Conference,18,120,671,45,31,51,56,0,9,10,2,0,0,0,64,617,98,3919,31,25,373,0,56,1477,3,0,3,6,15,0,0,1,4,10,0,24,15,23,22,15,0,3.2,10.4,44.1,10.4,62.5,95.7,40,14.9,26.4,35.6,115.6,20.5,13.4,138.5,46.6,67,217,219,340,4,0,95,16,4,81,16,4,81
,0,1985,16,OHST,,12,0,0,,0,0,7,5,0,0.583,,0,0,0,0,0,0,0,0,0,0,0,0,0,0,0,0,0,0,0,,270,1024,0,17,1516,870,461,177,409,177,10,1875,1948,3151,3372,1203,11,85.8,34.1,4.6,10.6,3.5,156.2,1497,1875,7,11,66,69,69,56,32,62,50,5,85,12,5,21,285,41,43,100,5,53,,Big Ten Conference,15,87,535,65,15,79,62,0,15,13,1,0,0,3,70,584,105,4265,32,46,341,0,30,608,0,2,5,9,14,4,2,3,6,10,1,34,22,19,18,11,0,3.2,10.6,43.3,10.6,64.7,94.7,40.6,7.4,20.3,38.4,124.8,16.1,14.8,156.2,49.7,84,198,198,169,5,3,74,19,2,88,19,2,88
,0,1984,16,OHST,,13,0,0,,1,0,5,8,0,0.385,Hall of Fame Bowl,1,0,1,0,0,0,0,0,0,0,0,0,0,0,0,0,0,0,71,,385,998,18,34,1482,838,476,170,362,170,3,2061,2616,4339,3239,1723,12,104.1,27.8,5.7,12.1,5.5,158.5,1178,2061,3,12,46,93,93,56,74,83,55,9,74,6,4,23,277,71,24,82,5,36,,Big Ten Conference,21,142,726,55,11,54,46,0,14,8,1,0,0,1,85,735,127,5115,39,38,528,1,41,1173,0,3,3,10,6,3,3,2,8,5,2,25,20,17,17,15,0,2.5,12.1,47,12.1,80,100,40.3,13.9,28.6,36.6,90.6,11.1,13.1,158.5,43.5,77,179,179,244,4,3,53,22,9,74,22,9,74
,0,1985,17,CAL,,12,0,0,,0,0,4,8,0,0.333,,0,0,0,0,0,0,0,0,0,0,0,0,0,0,0,0,0,0,0,,250,971,0,33,1469,974,503,204,471,204,5,2185,1806,3710,4284,1904,9,86.5,39.2,4.6,10.7,2.9,182.1,2099,2185,12,9,63,76,76,50,33,69,50,7,67,8,6,7,304,63,41,96,5,56,,Pacific 10 Conference,14,100,597,44,28,72,78,2,10,5,0,1,1,0,115,990,118,4485,36,47,444,0,38,876,0,2,10,5,14,1,2,8,5,2,1,32,18,20,17,10,0,4.2,10.7,43.3,10.7,56.2,85,38,9.4,23.1,41.9,174.9,19.1,17,182.1,47.5,71,197,203,260,10,4,96,19,6,97,19,6,97
,0,1984,17,CAL,,13,0,0,,1,0,6,7,0,0.462,Gator Bowl,1,0,1,0,0,0,0,0,0,0,0,0,0,0,0,0,0,0,67,,410,1280,5,20,1494,994,420,326,574,326,11,2991,2819,4528,4425,1709,20,108.2,44.2,5.2,9.2,3.5,230.1,1434,2991,8,20,78,66,66,50,102,69,56,4,16,11,8,35,320,82,48,87,5,63,,Pacific 10 Conference,21,156,760,78,35,72,54,0,19,15,1,0,0,2,87,753,117,4452,39,51,551,0,42,1028,1,1,9,14,10,2,1,7,8,9,2,36,27,27,24,7,0,3.4,9.2,56.8,9.2,75,88.9,38.1,10.8,24.5,32.3,110.3,16,25.1,230.1,41.7,105,285,291,322,9,2,67,23,5,136,23,5,136
,0,1985,18,MINN,,12,0,0,,0,0,7,5,0,0.583,,0,0,0,0,0,0,0,0,0,0,0,0,0,0,0,0,0,0,0,,284,1037,0,15,1512,821,387,215,434,215,18,2205,2229,3788,4216,1559,12,93,36.2,5.1,10.3,5.7,183.8,2011,2205,14,12,74,40,40,62,100,51,50,8,129,15,9,33,233,66,32,94,11,45,,Big Ten Conference,26,202,522,40,23,73,66,0,17,16,3,0,0,2,90,832,82,3622,33,39,431,0,43,924,1,2,10,12,8,3,2,7,12,4,1,35,26,30,30,9,0,5.2,10.3,49.5,10.3,74.3,100,44.2,11.1,21.5,32.2,167.6,22.7,17.9,183.8,46.5,108,288,288,260,16,8,88,21,0,100,21,0,100
,0,1984,18,MINN,,13,0,0,,1,0,6,7,0,0.462,Cherry Bowl,1,0,1,0,0,0,0,0,0,0,0,0,0,0,0,0,0,0,61,,396,1132,34,22,1486,856,370,275,486,275,7,3131,2336,3750,4355,1414,21,122.1,37.4,6.4,11.4,6,240.8,1224,3131,12,21,50,72,72,63,36,58,53,10,97,8,4,27,336,40,25,70,6,34,,Big Ten Conference,31,262,648,51,26,39,35,0,12,8,1,0,0,2,77,707,86,3811,32,40,500,0,47,1011,0,0,9,7,10,2,0,7,5,6,2,28,20,33,31,12,0,3.3,11.4,56.6,11.4,71.4,93.9,44.3,12.5,21.5,28.5,94.2,15.4,21.2,240.8,50.5,91,295,295,277,5,2,57,32,9,139,32,9,139
,0,1985,19,CU,,12,0,0,,0,0,5,7,0,0.417,,0,0,0,0,0,0,0,0,0,0,0,0,0,0,0,0,0,0,0,,220,941,0,20,1488,912,468,235,444,235,14,2152,1938,3291,4071,1353,10,94.8,37,4.8,9.2,3.9,179.3,1919,2152,13,10,47,72,72,56,104,60,52,8,83,11,3,12,226,43,35,61,4,39,,Atlantic Coast Conference,18,151,499,53,40,74,58,0,12,13,0,0,0,0,112,904,102,3996,23,39,320,1,35,719,1,3,7,6,11,3,3,6,4,6,2,30,21,24,23,10,0,4.1,9.2,52.9,9.2,70,95.8,39.2,8.2,20.5,39,159.9,18.4,19.6,179.3,43.8,86,236,238,243,11,5,86,15,2,103,15,2,103
,0,1984,19,CU,,13,0,0,,1,0,7,6,0,0.538,Sun Bowl,1,0,1,0,0,0,0,0,0,0,0,0,0,0,0,0,0,0,57,,381,996,39,10,1500,912,508,201,404,201,7,2189,2931,4466,3767,1535,17,105.7,31.1,5.4,10.9,4.7,168.4,1578,2189,9,17,62,67,67,56,36,91,47,10,135,16,8,32,333,52,24,51,4,48,,Atlantic Coast Conference,20,168,695,60,42,39,54,0,13,18,1,0,0,2,84,759,98,3873,29,38,504,1,41,863,0,1,6,6,9,2,1,6,5,6,0,24,18,28,27,10,0,3.1,10.9,49.8,10.9,75,96.4,39.5,13.3,21,39.1,121.4,19.3,15.5,168.4,41.8,81,249,249,316,3,2,98,22,6,84,22,6,84
,0,1985,20,LSU,,12,0,0,,0,0,5,7,0,0.417,,0,0,0,0,0,0,0,0,0,0,0,0,0,0,0,0,0,0,0,,270,1006,0,26,1483,862,404,206,458,206,13,2142,2359,3789,3778,1430,14,88.7,38.2,4.7,10.4,3.6,178.5,1636,2142,9,14,51,80,80,52,101,61,49,10,145,10,5,10,223,59,39,76,7,66,,Southeastern Conference,17,122,568,54,20,60,53,2,8,8,2,0,0,0,66,620,99,3816,31,40,472,0,35,813,1,2,6,2,11,0,2,4,1,6,0,21,13,24,24,9,0,4,10.4,45,10.4,61.9,100,38.5,11.8,23.2,33.7,136.3,20.8,17.2,178.5,47.6,63,219,225,279,12,3,84,21,6,98,21,6,98
,0,1984,20,LSU,,13,0,0,,1,0,7,6,0,0.538,Bluebonnet Bowl,1,0,1,0,0,0,0,0,0,0,0,0,0,0,0,0,0,0,67,,369,1014,13,15,1513,856,430,249,426,249,11,2802,2314,3899,4403,1585,22,125.6,32.8,6.6,11.3,4.9,215.5,1601,2802,6,22,52,75,75,63,61,80,49,10,153,15,8,10,287,63,33,62,8,53,,Southeastern Conference,22,154,671,64,22,48,41,0,9,13,1,0,0,1,84,735,79,3498,30,33,369,0,43,820,0,0,7,12,9,1,0,6,10,5,0,29,21,27,25,11,0,3.7,11.3,58.5,11.3,72.4,92.6,44.3,11.2,19.1,33.1,123.2,19.1,19.2,215.5,40.2,88,262,262,229,11,3,82,27,8,100,27,8,100
,0,1985,21,MIAFL,,12,0,0,,0,0,9,3,0,0.75,,0,0,0,0,0,0,0,0,0,0,0,0,0,0,0,0,0,0,0,,228,881,0,5,1562,849,436,184,413,184,13,2017,2006,3516,3991,1510,17,92.9,34.4,4.9,11,3.5,168.1,1974,2017,18,17,48,85,85,53,31,66,47,12,149,11,4,5,267,54,39,85,8,63,,Southeastern Conference,15,110,545,59,38,59,73,0,9,10,3,0,0,2,97,799,86,3393,24,44,624,0,44,752,0,2,5,10,10,0,1,5,8,9,0,27,23,38,36,13,0,4.5,11,44.6,11,85.2,94.7,39.5,14.2,17.1,36.3,164.5,20.4,15.3,168.1,46.7,105,333,333,251,13,2,89,18,5,86,18,5,86
,0,1984,21,MIAFL,,13,0,0,,1,0,9,4,0,0.692,Cotton Bowl,1,0,1,0,0,0,0,0,0,0,0,0,0,0,0,0,0,0,70,,336,1007,36,7,1550,885,418,279,467,279,12,2773,2302,3494,4554,1192,21,119.3,35.9,5.9,9.9,3.1,213.3,1781,2773,16,21,65,57,57,62,101,82,51,11,124,14,7,16,295,60,31,71,4,33,,Southeastern Conference,15,117,618,62,42,48,51,0,12,17,1,1,0,1,99,856,74,3183,31,41,624,1,37,1002,2,1,9,8,9,2,1,8,8,6,1,29,24,39,39,15,0,4.3,9.9,59.7,9.9,82.8,100,43,15.2,27.1,32.2,137,20.6,21.5,213.3,42.7,111,357,359,233,14,5,86,17,7,119,17,7,119
,0,1985,22,TEXAM,,12,0,0,,0,0,8,4,0,0.667,,0,0,0,0,0,0,0,0,0,0,0,0,0,0,0,0,0,0,0,,293,855,0,10,1552,781,468,138,313,138,6,2542,2040,3571,4499,1531,22,131.7,26.1,8.1,18.4,14.9,211.8,1957,2542,20,22,79,79,79,61,31,63,48,9,95,18,8,19,388,77,31,73,33,80,,Pacific 10 Conference,55,463,609,39,11,75,41,1,7,15,2,0,0,1,91,770,84,3612,37,43,584,1,36,625,0,1,4,9,8,2,0,3,6,5,0,24,14,44,39,14,0,4.2,18.4,44.1,18.4,58.3,88.6,43,13.6,17.4,39,163.1,17.7,11.5,211.8,65.2,81,351,355,251,7,4,83,41,10,90,41,10,90
,0,1984,22,TEXAM,,13,0,0,,1,0,10,3,0,0.769,Sugar Bowl,0,1,0,0,0,0,0,0,0,0,0,0,0,0,0,0,0,0,65,,406,980,10,6,1577,782,475,156,307,156,6,3517,2798,4374,5409,1576,37,182.9,23.6,11.5,22.5,16.1,270.5,1892,3517,14,37,67,89,89,59,34,68,50,15,250,18,9,5,453,62,19,67,37,65,,Pacific 10 Conference,59,502,689,70,22,71,40,1,9,14,2,0,0,1,71,693,85,3464,35,50,740,0,43,882,0,1,10,9,4,2,1,9,7,2,2,26,21,53,52,19,0,4,22.5,50.8,22.5,80.8,98.1,40.8,14.8,20.5,36.5,145.5,17.7,12,270.5,57.7,115,433,435,287,8,1,84,63,28,90,63,28,90
,0,1985,23,ARMY,,12,0,0,,0,0,5,7,0,0.417,,0,0,0,0,0,0,0,0,0,0,0,0,0,0,0,0,0,0,0,,275,758,0,28,1491,746,471,86,275,86,3,1754,1840,3655,3853,1815,12,97.1,22.9,6.4,20.4,18.4,146.2,2099,1754,13,12,65,68,68,54,103,41,47,6,47,24,13,16,340,50,24,68,21,54,,Atlantic Coast Conference,62,494,616,56,35,62,51,0,9,13,1,0,0,0,78,743,97,3804,23,35,253,0,39,936,2,1,4,5,9,1,1,3,3,5,0,20,12,28,26,8,0,4.5,20.4,31.3,20.4,60,92.9,39.2,7.2,24,39.2,174.9,22.3,7.2,146.2,64,62,230,230,276,12,4,105,33,8,55,33,8,55
,0,1984,23,ARMY,,13,0,0,,1,0,8,5,0,0.615,Cotton Bowl,0,1,0,0,0,0,0,0,0,0,0,0,0,0,0,0,0,0,60,,378,786,40,11,1541,674,459,98,215,98,2,3335,3030,4990,5385,1960,37,230.8,16.5,15.5,34,31.1,256.5,2050,3335,16,37,60,93,93,55,101,90,49,7,47,15,7,58,362,38,6,63,31,30,,Atlantic Coast Conference,97,675,733,71,36,42,55,0,28,21,1,0,0,3,77,662,89,3576,20,30,645,0,51,1228,1,2,3,8,12,0,1,3,5,6,0,25,15,52,50,14,0,4.5,34,45.6,34,60,96.2,40.2,21.5,24.1,35.3,157.7,17.2,7.5,256.5,46.9,95,425,429,347,19,7,79,59,33,46,59,33,46
,0,1985,24,MIST,,12,0,0,,0,0,7,5,0,0.583,,0,0,0,0,0,0,0,0,0,0,0,0,0,0,0,0,0,0,0,,281,916,0,13,1537,798,455,176,343,176,10,3006,2325,4041,4132,1716,20,138.3,28.6,8.8,17.1,5.2,250.5,1126,3006,8,20,58,96,96,59,41,66,52,14,194,10,3,33,240,63,26,94,6,52,,Big Ten Conference,19,123,609,40,18,72,55,0,11,16,3,0,0,2,76,666,85,3470,30,32,509,2,37,823,0,1,6,8,13,3,1,4,5,9,1,31,20,31,28,17,0,2.5,17.1,51.3,17.1,64.5,90.3,40.8,15.9,22.2,37.9,93.8,13.2,14.7,250.5,47.7,88,286,288,238,3,2,60,39,24,84,39,24,84
,0,1984,24,MIST,,13,0,0,,1,0,11,2,0,0.846,Rose Bowl Game,0,1,0,0,0,0,0,0,0,0,0,0,0,0,0,1,0,1,60,,387,1002,22,3,1594,882,514,236,368,236,11,3092,2634,3993,4706,1359,32,157.4,28.3,8.4,13.1,4.7,237.8,1614,3092,10,32,55,94,94,58,81,75,48,6,54,14,9,27,298,77,16,76,5,24,,Big Ten Conference,18,162,673,67,25,58,51,0,9,12,1,0,0,3,84,761,82,3517,29,45,608,1,46,1221,0,3,6,10,10,1,3,6,6,8,0,30,23,42,42,16,0,3.1,13.1,64.1,13.1,76.7,100,42.9,13.5,26.5,39.5,124.2,16.3,18.2,237.8,43.6,111,375,375,281,8,3,84,32,19,103,32,19,103
,0,1985,25,OR,,12,0,0,,0,0,5,7,0,0.417,,0,0,0,0,0,0,0,0,0,0,0,0,0,0,0,0,0,0,0,,349,1052,0,22,1476,873,460,145,413,145,8,1550,2678,4128,3766,1450,9,70,34.4,3.8,10.7,2.6,129.2,2216,1550,17,9,70,57,57,57,37,69,55,17,291,13,10,0,228,72,47,80,2,57,,Pacific 10 Conference,11,80,676,70,23,74,47,0,13,7,3,0,0,1,118,1166,118,4907,43,42,420,0,30,708,0,0,3,9,14,2,0,2,6,8,2,28,18,29,27,14,0,4.8,10.7,35.1,10.7,64.3,93.1,41.6,10,23.6,38.3,184.7,18.3,12.1,129.2,46.2,81,255,255,265,22,8,84,13,4,67,13,4,67
,0,1984,25,OR,,13,0,0,,1,0,5,8,0,0.385,Frozen Tundra Bowl,1,0,1,0,0,0,0,0,0,0,0,0,0,0,0,0,0,0,67,,410,1105,14,23,1477,995,505,309,490,309,11,3048,3100,4354,4884,1254,18,122.9,37.7,6.2,9.9,4.5,234.5,1836,3048,12,18,55,79,79,57,99,49,51,10,146,15,6,3,291,64,24,58,5,47,,Pacific 10 Conference,23,169,700,61,25,37,52,0,14,14,1,0,0,1,110,896,98,3989,38,32,281,0,50,1181,0,1,10,9,8,2,1,5,6,3,1,30,16,31,30,13,0,3.6,9.9,63.1,9.9,53.3,96.8,40.7,8.8,23.6,38.8,141.2,19,23.8,234.5,44,78,264,264,329,6,2,96,24,8,136,24,8,136
,0,1985,26,FL,,12,0,0,,0,0,6,6,0,0.5,,0,0,0,0,0,0,0,0,0,0,0,0,0,0,0,0,0,0,0,,235,781,0,16,1510,736,446,90,290,90,5,2325,1945,3857,3824,1912,25,123.4,24.2,8,25.8,21.8,193.8,1499,2325,4,25,58,90,90,61,84,44,48,15,223,12,8,36,320,53,26,93,22,42,,Southeastern Conference,81,559,558,43,19,76,54,0,13,13,3,0,0,1,94,779,116,5168,37,42,373,0,45,1113,0,1,6,8,9,1,1,6,6,4,0,25,17,31,31,11,0,3.4,25.8,31,25.8,68,100,44.6,8.9,24.7,37.2,124.9,14.6,7.5,193.8,51.1,82,274,276,267,7,4,65,35,21,46,35,21,46
,0,1984,26,FL,,13,0,0,,1,0,7,6,0,0.538,Peach Bowl,0,1,0,0,0,0,0,0,0,0,0,0,0,0,0,0,0,0,65,,406,861,2,16,1528,721,473,85,248,85,7,1678,2777,4083,3357,1306,16,106.8,19.1,6.8,19.7,24.4,129.1,1679,1678,7,16,78,75,75,60,103,65,55,14,197,18,9,23,357,48,13,74,24,52,,Southeastern Conference,80,600,658,45,27,65,54,1,21,22,3,0,0,2,84,772,116,4954,38,41,597,2,49,1248,2,0,6,4,10,3,0,5,4,6,2,23,17,29,28,12,0,3.5,19.7,34.3,19.7,73.9,96.6,42.7,14.6,25.5,36.4,129.2,16.3,6.5,129.1,49.4,79,259,263,273,5,2,77,31,12,42,31,12,42
,0,1985,27,WASH,,12,0,0,,0,0,8,4,0,0.667,,0,0,0,0,0,0,0,0,0,0,0,0,0,0,0,0,0,0,0,,265,1049,0,9,1536,990,487,261,503,261,9,2548,1921,3566,4431,1645,25,107.3,41.9,5.1,9.8,2.9,212.3,1883,2548,8,25,75,67,67,56,34,75,53,10,147,17,8,11,255,56,40,81,10,62,,Pacific 10 Conference,15,99,591,64,35,71,67,0,11,14,0,0,0,1,112,961,94,4041,32,42,531,2,39,782,0,1,8,9,7,5,0,5,5,4,1,30,15,33,30,13,0,3.9,9.8,51.9,9.8,50,90.9,43,12.6,20.1,40.6,156.9,22.6,21.8,212.3,42.1,75,285,287,234,4,2,110,20,5,110,20,5,110
,0,1984,27,WASH,,13,0,0,,1,0,5,8,0,0.385,Holiday Bowl,1,0,1,0,0,0,0,0,0,0,0,0,0,0,0,0,0,0,63,,444,1096,11,18,1476,894,476,220,418,220,11,2501,2767,4726,3830,1959,18,111.8,32.2,6,11.4,6.1,192.4,1329,2501,5,18,73,95,95,56,41,90,52,6,155,18,8,15,290,78,21,63,8,46,,Pacific 10 Conference,27,183,792,61,37,60,48,0,13,18,0,0,0,1,116,1016,113,4782,26,35,821,2,58,1210,0,4,5,9,5,4,4,5,7,4,2,27,22,23,21,12,0,2.8,11.4,52.6,11.4,81.5,91.3,42.3,23.5,20.9,36.6,102.2,13.7,16.9,192.4,36.8,87,237,237,365,4,2,65,25,11,81,25,11,81
,0,1985,28,WIS,,12,0,0,,0,0,9,3,0,0.75,,0,0,0,0,0,0,0,0,0,0,0,0,0,0,0,0,0,0,0,,241,897,0,7,1546,839,507,189,332,189,7,2299,2194,3745,4567,1551,17,127.8,27.7,6.9,12.2,5.1,191.6,2268,2299,20,17,82,77,77,59,91,76,52,10,143,19,11,13,246,53,19,88,4,21,,Big Ten Conference,18,110,533,45,21,89,72,0,16,16,1,0,0,2,70,640,80,3382,28,49,686,3,26,553,0,1,10,11,8,2,1,5,7,2,1,32,16,39,37,18,0,4.5,12.2,56.9,12.2,50,94.9,42.3,14,21.3,42.2,189,19.5,15.8,191.6,47.1,85,331,333,170,14,5,99,28,6,89,28,6,89
,0,1984,28,WIS,,13,0,0,,1,0,4,9,0,0.308,Freedom Bowl,0,1,0,0,0,0,0,0,0,0,0,0,0,0,0,0,0,0,60,,481,1124,9,33,1475,907,504,195,403,195,8,1817,3191,4615,3696,1424,9,89.7,31,4.5,9.3,4,139.8,1879,1817,13,9,88,70,70,58,108,46,47,8,67,14,7,53,245,54,17,60,1,34,,Big Ten Conference,17,138,730,67,24,54,48,0,21,16,0,0,0,0,91,775,104,4508,48,38,369,0,47,1183,3,0,9,7,10,0,0,9,4,6,0,26,19,24,24,10,0,3.7,9.3,48.4,9.3,73.1,100,43.3,9.7,25.2,38.8,144.5,17.9,15,139.8,44.6,81,231,231,290,11,3,90,15,4,87,15,4,87
,0,1985,29,GEO,,12,0,0,,0,0,10,2,0,0.833,,0,0,0,0,0,0,0,0,0,0,0,0,0,0,0,1,0,1,0,,290,978,0,2,1578,878,492,227,386,227,12,3677,2468,3842,5554,1374,37,164.2,32.2,9.5,16.2,1.5,306.4,1877,3677,18,37,76,86,86,55,43,55,53,10,68,9,6,10,289,49,34,85,4,34,,Southeastern Conference,6,39,523,51,22,75,62,0,6,6,1,0,0,4,96,760,71,2908,29,41,487,0,41,872,0,1,9,10,13,3,1,7,8,11,2,36,29,54,52,18,0,3.8,16.2,58.8,16.2,80.6,96.3,41,11.9,21.3,41,156.4,17.1,18.9,306.4,48.9,139,475,475,295,8,5,84,51,27,111,51,27,111
,0,1984,29,GEO,,13,0,0,,1,0,6,7,0,0.462,Citrus Bowl,0,1,0,0,0,0,0,0,0,0,0,0,0,0,0,0,0,0,70,,434,1071,33,17,1522,905,504,228,401,228,9,2625,2669,4004,4529,1335,18,122.2,30.8,6.5,11.5,6.3,201.9,1904,2625,13,18,48,85,85,56,39,71,51,10,192,16,10,12,309,55,24,65,12,49,,Southeastern Conference,27,230,698,66,25,57,57,2,13,14,2,0,0,2,105,905,85,3499,22,41,533,1,48,1115,0,1,7,11,11,5,1,5,7,6,2,35,21,33,32,14,0,3.8,11.5,56.9,11.5,60,97,41.2,13,23.2,38.8,146.5,18.7,17.5,201.9,46.5,95,299,305,281,6,2,94,23,6,106,23,6,106
,0,1985,30,MICH,,12,0,0,,0,0,1,11,0,0.083,,0,0,0,0,0,0,0,0,0,0,0,0,0,0,0,0,0,0,0,,372,1014,0,39,1410,865,432,163,433,163,7,1569,2714,4432,2923,1718,7,70.2,36.1,3.6,9.6,5.3,130.8,1354,1569,2,7,49,43,43,56,32,65,49,18,208,16,8,5,189,61,35,59,11,81,,Big Ten Conference,24,178,618,48,20,45,44,0,9,12,0,0,0,1,103,948,110,4359,35,21,409,1,45,873,0,0,6,9,7,1,0,5,5,2,0,23,12,10,9,8,0,3.1,9.6,37.6,9.6,52.2,90,39.6,19.5,19.4,36,112.8,17.8,13.6,130.8,47.9,45,105,105,320,5,1,77,16,2,78,16,2,78
,0,1984,30,MICH,,12,0,0,,0,0,3,9,0,0.25,,0,0,0,0,0,0,0,0,0,0,0,0,0,0,0,0,0,0,69,,429,1013,15,40,1463,778,372,182,406,182,7,2114,3118,4731,3413,1613,15,97.3,33.8,5.2,11.6,4.2,176.2,1299,2114,7,15,57,82,82,56,104,72,54,13,312,10,3,24,230,69,28,50,10,66,,Big Ten Conference,18,121,661,60,17,38,26,0,15,16,2,0,0,1,72,643,100,3944,39,30,321,0,51,1228,2,1,6,9,6,2,1,5,6,5,2,24,19,25,25,8,0,3.5,11.6,44.8,11.6,79.2,100,39.4,10.7,24.1,31,108.2,16.9,15.2,176.2,44.5,82,238,238,333,4,1,63,23,7,81,23,7,81
,0,1985,31,FLST,,12,0,0,,0,0,9,3,0,0.75,,0,0,0,0,0,0,0,0,0,0,0,0,0,0,0,0,0,0,0,,250,962,0,6,1545,874,483,171,391,171,7,2282,1946,3626,4480,1680,17,103.5,32.6,5.8,13.3,2.7,190.2,2198,2282,16,17,64,80,80,55,53,78,49,11,157,6,3,7,221,53,29,87,6,63,,Southeastern Conference,11,82,602,54,31,81,66,0,11,8,1,2,0,3,106,858,93,3803,27,43,423,2,38,816,0,2,7,13,12,0,2,7,10,10,0,34,29,35,33,18,0,4.6,13.3,43.7,13.3,85.3,94.3,40.9,9.8,21.5,40.2,183.2,24.4,14.2,190.2,49.1,120,336,336,216,10,1,118,28,11,84,28,11,84
,0,1984,31,FLST,,13,0,0,,1,0,4,9,0,0.308,Aloha Bowl,0,1,0,0,0,0,0,0,0,0,0,0,0,0,0,0,0,0,65,,367,1129,31,36,1474,957,426,304,531,304,23,3130,2885,4515,4883,1630,17,108.7,40.8,5.9,10.3,5.7,240.8,1753,3130,14,17,71,88,88,54,89,38,50,9,60,11,9,25,375,71,34,70,8,82,,Southeastern Conference,32,230,642,60,26,49,56,0,15,11,1,0,0,2,105,936,88,3562,25,35,258,0,58,1303,0,2,6,10,10,3,2,4,7,4,2,31,19,32,32,12,0,4.1,10.3,57.3,10.3,61.3,100,40.5,7.4,22.5,32.8,134.8,18.1,23.4,240.8,46.1,89,281,281,363,7,3,77,21,10,140,21,10,140
,0,1985,32,UCLA,,12,0,0,,0,0,12,0,0,1,,0,0,0,0,0,0,0,0,0,0,0,0,0,0,0,1,0,1,0,,292,1056,0,1,1622,853,400,272,453,272,7,3560,2370,4120,5345,1750,39,151.4,37.8,7.9,13.1,3,296.7,1785,3560,22,39,57,86,86,60,37,73,49,12,73,7,4,29,272,56,27,98,3,59,,Pacific 10 Conference,14,63,613,66,19,79,53,0,12,8,0,1,0,2,89,715,72,3136,31,49,656,1,32,645,0,1,6,5,9,1,1,4,3,5,0,22,13,61,56,19,0,4.5,13.1,60,13.1,59.1,91.8,43.6,13.4,20.2,33.3,148.8,21.2,22.7,296.7,43.4,95,467,467,216,7,2,85,35,23,118,35,23,118
,0,1984,32,UCLA,,13,0,1,,1,0,12,1,0,0.923,Rose Bowl Game,1,0,1,0,0,0,0,0,0,0,0,0,0,0,0,1,0,1,70,,357,1151,29,1,1600,978,466,324,512,324,12,3368,2428,4054,4644,1626,33,135.1,39.4,6.6,10.4,4.7,259.1,1276,3368,12,33,36,78,78,60,101,64,57,11,169,12,4,40,297,72,30,91,6,48,,Pacific 10 Conference,25,153,678,59,35,72,59,0,19,20,2,0,0,3,67,587,100,4328,33,46,419,1,40,1037,1,0,6,11,12,3,0,5,8,9,2,32,24,48,45,18,0,2.7,10.4,63.3,10.4,75,93.8,43.3,9.1,25.9,35.8,98.2,15.9,24.9,259.1,40.1,117,411,411,234,3,0,74,31,12,130,31,12,130
,0,1985,33,VA,,12,0,0,,0,0,9,3,0,0.75,,0,0,0,0,0,0,0,0,0,0,0,0,0,0,0,0,0,0,0,,215,1096,0,4,1570,911,421,258,490,258,10,2931,1509,3481,4313,1972,19,111.6,40.8,6,11.4,3.2,244.2,1382,2931,12,19,70,84,84,57,96,77,53,10,200,9,3,36,269,80,37,113,5,59,,Southeastern Conference,16,100,602,62,15,97,62,0,11,11,4,0,0,2,103,828,104,4178,33,50,683,2,32,738,1,1,3,14,13,4,1,3,12,9,2,35,27,37,37,12,0,3.3,11.4,52.7,11.4,77.1,100,40.2,13.7,23.1,35.1,115.2,15,21.5,244.2,43.4,118,346,348,226,9,5,63,25,10,112,25,10,112
,0,1984,33,VA,,13,0,0,,1,0,10,3,0,0.769,Fiesta Bowl,0,1,0,0,0,0,0,0,0,0,0,0,0,0,0,0,0,0,65,,409,1235,4,5,1582,931,427,294,504,294,14,3404,2489,4100,4911,1611,31,129.8,38.8,6.8,11.6,3.4,261.8,1507,3404,10,31,48,76,76,58,34,77,50,8,45,12,8,2,335,50,35,95,8,60,,Southeastern Conference,18,125,705,70,22,87,62,0,14,10,0,0,0,4,85,671,95,3995,35,42,635,0,36,738,0,2,8,12,7,2,2,7,10,2,1,31,22,40,38,15,0,3.5,11.6,58.3,11.6,71,95,42.1,15.1,20.5,32.8,115.9,17.8,22.6,261.8,42.2,104,350,352,233,4,1,76,30,13,124,30,13,124
,0,1985,34,MIZZOU,,12,0,0,,0,0,4,8,0,0.333,,0,0,0,0,0,0,0,0,0,0,0,0,0,0,0,0,0,0,0,,244,1001,0,27,1464,876,446,166,430,166,16,1997,2089,3719,3659,1630,14,80.9,35.8,4.6,12,3.4,166.4,1662,1997,8,14,75,95,95,47,35,43,46,9,246,11,4,7,277,53,44,88,3,55,,Pacific 10 Conference,15,114,582,47,22,67,67,0,7,11,2,0,0,3,107,877,114,4327,29,40,309,0,41,798,0,3,6,9,9,1,1,3,5,3,0,28,12,22,20,11,0,3.7,12,38.6,12,42.9,90.9,38,7.7,19.5,37.2,138.5,16.6,13.8,166.4,44.6,56,200,202,289,9,2,74,23,6,74,23,6,74
,0,1984,34,MIZZOU,,13,0,0,,1,0,5,8,0,0.385,Freedom Bowl,1,0,1,0,0,0,0,0,0,0,0,0,0,0,0,0,0,0,62,,396,1104,21,25,1471,992,521,281,471,281,14,2715,2973,4584,4552,1611,16,113.3,36.2,5.8,9.7,3.9,208.8,1837,2715,13,16,45,62,62,58,80,49,52,6,130,14,5,17,335,64,20,62,2,24,,Pacific 10 Conference,19,165,631,58,22,59,45,0,6,12,0,0,0,0,102,838,92,3810,28,39,444,0,47,1281,0,1,5,9,13,2,1,4,6,9,2,30,22,27,27,5,0,3.5,9.7,59.7,9.7,73.3,100,41.4,11.4,27.3,40.1,141.3,20.7,21.6,208.8,44.1,93,267,271,349,11,1,108,20,6,124,20,6,124
,0,1985,35,WVA,,12,0,0,,0,0,6,6,0,0.5,,0,0,0,0,0,0,0,0,0,0,0,0,0,0,0,0,0,0,0,,314,1045,0,23,1491,892,466,194,426,194,6,2062,2075,3549,4182,1474,12,92.7,35.5,4.8,10.6,3.2,171.8,2120,2062,18,12,83,65,65,56,77,77,49,8,64,8,4,0,276,48,34,75,7,49,,Atlantic Coast Conference,14,81,571,53,21,76,67,0,3,4,1,0,0,1,93,854,100,3706,32,42,535,0,36,817,0,1,9,5,8,1,1,6,3,6,0,24,16,31,29,16,0,4.5,10.6,45.5,10.6,66.7,93.5,37.1,12.7,22.7,38.8,176.7,20.2,16.2,171.8,47.9,77,263,263,245,13,6,94,19,3,93,19,3,93
,0,1984,35,WVA,,13,0,0,,1,0,5,8,0,0.385,Bluebonnet Bowl,0,1,0,0,0,0,0,0,0,0,0,0,0,0,0,0,0,0,60,,377,1053,23,26,1489,974,502,291,472,291,13,2872,2776,4429,4540,1653,18,119.8,36.3,6.1,9.9,3.5,220.9,1668,2872,10,18,49,76,76,55,99,62,56,5,138,15,8,12,326,71,31,47,5,32,,Atlantic Coast Conference,17,139,633,40,21,47,60,0,11,9,1,0,0,2,84,693,82,3185,29,36,362,0,52,1104,1,1,5,8,10,3,1,5,8,9,1,27,24,29,28,13,0,3.3,9.9,61.7,9.9,88.9,96.6,38.8,10.1,21.2,38.6,128.3,19.5,22.4,220.9,46,100,280,280,343,8,2,98,21,6,134,21,6,134
,0,1985,36,ILL,,12,0,0,,0,0,7,5,0,0.583,,0,0,0,0,0,0,0,0,0,0,0,0,0,0,0,0,0,0,0,,300,988,0,14,1520,843,429,202,414,202,10,2029,2338,3782,3621,1444,10,93.1,34.5,4.9,10,3.9,169.1,1592,2029,10,10,52,74,74,52,104,71,53,13,336,14,4,1,251,62,34,76,3,45,,Big Ten Conference,17,130,639,61,18,80,58,0,8,13,3,0,0,3,89,718,96,3752,26,41,505,0,35,785,1,3,9,9,11,4,3,6,5,7,4,36,25,24,22,11,0,3.7,10,48.8,10,69.4,91.7,39.1,12.3,22.4,35.8,132.7,18.6,16.8,169.1,45,97,241,241,210,9,7,80,19,3,91,19,3,91
,0,1984,36,ILL,,13,0,0,,1,0,7,6,0,0.538,Liberty Bowl,1,0,1,0,0,0,0,0,0,0,0,0,0,0,0,0,0,0,62,,375,1073,30,12,1507,919,488,199,431,199,11,2246,2802,4460,4249,1658,14,95.6,33.2,5.2,11.3,5.1,172.8,2003,2246,18,14,64,59,59,52,46,67,57,7,25,17,8,7,336,63,27,65,4,46,,Big Ten Conference,23,183,671,53,22,51,50,0,14,14,0,2,0,3,75,645,104,4225,46,39,439,0,44,1180,0,2,4,10,9,1,2,4,9,8,1,26,24,30,29,13,0,4.1,11.3,46.2,11.3,92.3,96.7,40.6,11.3,26.8,37.5,154.1,15.8,15.3,172.8,57.3,101,293,293,311,14,2,77,24,6,114,24,6,114
,0,1985,37,SYR,,12,0,0,,0,0,6,6,0,0.5,,0,0,0,0,0,0,0,0,0,0,0,0,0,0,0,0,0,0,0,,288,1030,0,24,1495,835,438,172,397,172,9,2178,2301,4315,3742,2014,20,101.5,33.1,5.5,12.7,5,181.5,1564,2178,9,20,67,71,71,61,71,75,56,8,109,9,4,7,254,49,40,65,8,59,,Atlantic Coast Conference,21,85,603,52,20,74,68,0,9,11,3,0,0,2,110,994,112,4863,40,52,739,0,48,1015,0,1,11,9,5,3,0,10,7,3,1,29,21,32,29,15,0,3.6,12.7,43.3,12.7,72.4,90.6,43.4,14.2,21.1,36.5,130.3,14.8,14.3,181.5,45.9,92,284,284,324,10,5,65,22,10,79,22,10,79
,0,1984,37,SYR,,13,0,0,,1,0,5,8,0,0.385,Gator Bowl,0,1,0,0,0,0,0,0,0,0,0,0,0,0,0,0,0,0,59,,373,1057,7,27,1485,922,471,237,451,237,11,2512,2782,4752,3962,1970,13,104,34.7,5.6,10.6,3.8,193.2,1450,2512,14,13,41,52,52,61,103,43,48,6,25,9,3,25,327,53,36,46,7,63,,Atlantic Coast Conference,18,137,683,45,28,58,46,0,10,13,0,0,0,0,97,889,93,4121,36,42,502,1,44,1071,1,0,6,11,16,1,0,4,7,12,0,34,23,26,23,7,0,3.1,10.6,52.5,10.6,67.6,88.5,44.3,12,24.3,36.2,111.5,17.4,18.2,193.2,46.4,92,266,268,346,5,1,82,27,4,110,27,4,110
,0,1985,38,AUB,,12,0,0,,0,0,3,9,0,0.25,,0,0,0,0,0,0,0,0,0,0,0,0,0,0,0,0,0,0,0,,273,1071,0,35,1468,780,326,140,454,140,3,2060,2422,4629,3212,2207,19,81.4,37.8,4.5,14.7,8.1,171.7,1152,2060,9,19,85,77,77,47,46,85,50,13,263,12,8,48,286,64,57,92,11,72,,Southeastern Conference,40,248,638,57,16,84,53,0,21,21,5,1,0,0,88,741,134,5050,30,35,550,0,41,1001,0,0,5,7,8,1,0,2,6,4,1,21,13,31,29,11,0,3.5,14.7,30.8,14.7,61.9,93.5,37.7,15.7,24.4,27.2,96,14.1,11.7,171.7,34.3,68,266,268,360,6,4,46,23,14,48,23,14,48
,0,1984,38,AUB,,13,0,0,,1,0,11,2,0,0.846,Sugar Bowl,1,0,1,0,0,0,0,0,0,0,0,0,0,0,0,1,0,1,71,,355,1018,19,2,1591,846,413,286,433,286,5,3666,2391,3802,4932,1411,34,160.8,33.3,8.5,12.8,4.4,282,1266,3666,9,34,51,87,87,57,104,81,48,16,391,11,5,84,315,64,26,72,5,33,,Southeastern Conference,20,143,618,44,28,60,53,1,21,18,5,0,0,1,88,777,77,3161,26,41,606,1,32,872,1,1,11,11,11,3,1,5,8,7,0,37,21,50,50,18,0,3.1,12.8,66.1,12.8,56.8,100,41.1,14.8,27.2,31.8,97.4,17.4,22,282,44.8,113,413,415,180,6,1,72,39,17,128,39,17,128
,0,1985,39,USC,,12,0,0,,0,0,8,4,0,0.667,,0,0,0,0,0,0,0,0,0,0,0,0,0,0,0,0,0,0,0,,289,1003,0,12,1538,803,458,195,345,195,5,1909,2132,3922,3110,1790,17,116.4,28.8,5.5,9.8,1.7,159.1,1201,1909,13,17,75,73,73,55,30,78,47,5,51,6,3,56,166,70,25,107,2,27,,Pacific 10 Conference,6,24,601,44,17,84,68,0,10,10,0,0,1,4,97,861,105,4334,43,49,850,0,31,624,0,1,7,7,12,1,0,5,7,8,0,28,20,28,27,13,0,2.6,9.8,56.5,9.8,71.4,96.4,41.3,17.3,20.1,38.2,100.1,12.7,16.2,159.1,46.2,87,267,269,190,5,4,58,11,5,90,11,5,90
,0,1984,39,USC,,13,0,0,,1,0,6,7,0,0.462,Sun Bowl,0,1,0,0,0,0,0,0,0,0,0,0,0,0,0,0,0,0,72,,453,1154,12,24,1519,866,453,202,413,202,14,2238,2758,4492,4251,1734,22,105.2,31.8,5.4,11.1,2.8,172.2,2013,2238,13,22,57,79,79,57,35,69,60,11,245,6,5,36,279,66,20,81,2,39,,Pacific 10 Conference,12,92,728,51,17,60,48,1,12,8,3,0,0,3,78,735,90,3751,39,32,607,0,43,974,0,2,7,6,13,4,2,5,6,10,1,32,24,37,36,17,0,4.4,11.1,48.9,11.1,75,97.3,41.7,19,22.7,34.8,154.8,21.2,15.5,172.2,45,108,336,338,288,13,7,96,21,7,91,21,7,91
,0,1985,40,TX,,12,0,0,,0,0,8,4,0,0.667,,0,0,0,0,0,0,0,0,0,0,0,0,0,0,0,0,0,0,0,,305,1036,0,11,1537,933,500,225,433,225,14,3130,2634,4543,5606,1909,24,124.5,36.1,7.2,13.9,3.8,260.8,2476,3130,18,24,86,75,75,61,33,79,50,8,108,9,4,16,357,60,46,65,9,33,,Pacific 10 Conference,17,111,572,35,12,50,59,0,10,10,2,0,0,1,86,721,69,2905,29,38,593,1,33,652,0,4,8,7,6,3,2,4,5,3,1,28,15,44,42,14,0,5,13.9,52,13.9,53.6,95.5,42.1,15.6,19.8,41.7,206.3,25.2,18.8,260.8,49.8,87,357,359,324,15,5,126,40,12,112,40,12,112
,0,1984,40,TX,,13,0,0,,1,0,6,7,0,0.462,Liberty Bowl,0,1,0,0,0,0,0,0,0,0,0,0,0,0,0,0,0,0,68,,436,1155,3,21,1513,998,528,207,470,207,10,2592,2775,4534,4654,1759,19,99.5,36.2,5.5,12.5,4.3,199.4,2062,2592,8,19,53,91,91,62,101,80,52,11,196,9,4,4,355,60,37,62,6,82,,Pacific 10 Conference,21,173,723,48,16,46,61,0,10,7,0,0,0,0,93,828,98,4226,33,44,604,2,46,1220,1,4,5,12,13,2,4,5,6,8,1,36,24,26,26,15,0,3.9,12.5,44,12.5,66.7,100,43.1,13.7,26.5,40.6,158.6,21.6,15.9,199.4,49.8,98,278,282,330,12,3,114,30,7,103,30,7,103
