Season,GameID,BowlName,ConferenceChampionship,Conference,OPOGPlayerID,DPOGPlayerID,Simmed,Weather,HomeTeamID,AwayTeamID,Week,HomeScore1Q,HomeScore2Q,HomeScore3Q,HomeScore4Q,HomeScoreOT,AwayScore1Q,AwayScore2Q,AwayScore3Q,AwayScore4Q,AwayScoreOT,AwayScore,HomeScore,Overtime,HomePlaysRun,AwayPlaysRun,PlaysRun,HomeTOP,AwayTOP,Home1stDowns,Away1stDowns,Home3rdDownAtt,Away3rdDownAtt,Home3rdDownComp,Away3rdDownComp,Home4thDownAtt,Away4thDownAtt,Home4thDownComp,Away4thDownComp,HomeTotalYds,AwayTotalYds,HomePassYds,HomePassAtt,HomePassCmp,HomeRushYds,HomeRushAtt,AwayPassYds,AwayPassAtt,AwayPassCmp,AwayRushYds,AwayRushAtt,HomePenalties,HomePenaltyYds,AwayPenalties,AwayPenaltyYds,HomeFumbles,HomeFumblesLost,HomeInt,AwayFumbles,AwayFumblesLost,AwayInt,HomeSacked,AwaySacked,HomeSackedYds,AwaySackedYds,GameType,BowlGameType
1985,543,,,,6,73,True,"32° F, Wind 11 mph",1,1,0,14,27,10,14,0,0,14,14,0,0,28,65,False,131,131,262,3600,0,38,0,28,0,17,0,1,0,1,0,788,788,245,52,30,543,79,245,52,30,543,79,19,168,19,168,1,0,3,1,0,3,2,2,17,17,Exhibition,Championship
1985,544,,,,432,506,True,"23° F, Wind 6 mph",6,6,0,17,17,14,3,0,3,7,0,0,0,10,51,False,128,128,256,3600,0,27,0,26,0,8,0,2,0,1,0,594,594,316,50,30,278,78,316,50,30,278,78,10,86,10,86,4,2,1,4,2,1,4,4,26,26,Exhibition,Championship
1985,545,,,,528,563,True,"35° F, Wind 4 mph",7,7,0,7,7,14,3,0,3,6,10,6,0,25,31,False,119,119,238,3600,0,19,0,32,0,6,0,0,0,0,0,444,444,218,54,11,226,65,218,54,11,226,65,13,121,13,121,4,3,0,4,3,0,13,13,93,93,Exhibition,Championship
1985,546,,,,772,837,True,"27° F, Wind 8 mph, Snow",10,10,0,0,14,7,0,0,0,0,0,7,0,7,21,False,144,144,288,3600,0,26,0,36,0,9,0,1,0,0,0,429,429,140,45,17,289,99,140,45,17,289,99,18,170,18,170,2,0,1,2,0,1,0,0,0,0,Exhibition,Championship
1985,547,,,,857,903,True,"31° F, Wind 5 mph",11,11,0,14,13,7,6,0,0,0,0,7,0,7,40,False,144,144,288,3600,0,18,0,37,0,4,0,0,0,0,0,561,561,186,62,9,375,82,186,62,9,375,82,21,192,21,192,4,2,0,4,2,0,6,6,38,38,Exhibition,Championship
1985,548,,,,1111,1159,True,"49° F, Wind 6 mph, Rain",14,14,0,10,3,6,0,0,14,0,0,0,0,14,19,False,135,135,270,3600,0,11,0,38,0,3,0,1,0,0,0,265,265,33,67,4,232,68,33,67,4,232,68,11,90,11,90,0,0,2,0,0,2,2,2,20,20,Exhibition,Championship
1985,549,,,,1537,1592,True,"42° F, Wind 3 mph",19,19,0,10,17,14,7,0,3,0,3,6,0,12,48,False,133,133,266,3600,0,19,0,30,0,5,0,1,0,0,0,609,609,269,49,15,340,84,269,49,15,340,84,11,111,11,111,2,2,2,2,2,2,2,2,16,16,Exhibition,Championship
1985,550,,,,1878,1923,True,"27° F, Wind 6 mph",23,23,0,0,21,14,0,0,0,3,0,0,0,3,35,False,128,128,256,3600,0,19,0,34,0,8,0,0,0,0,0,514,514,242,46,8,272,82,242,46,8,272,82,13,113,13,113,3,2,1,3,2,1,9,9,59,59,Exhibition,Championship
1985,551,,,,2896,2966,True,"31° F, Wind 36 mph",35,35,0,7,17,10,10,0,3,0,0,6,0,9,44,False,133,133,266,3600,0,18,0,31,0,5,0,0,0,0,0,674,674,252,50,20,422,83,252,50,20,422,83,13,125,13,125,5,3,2,5,3,2,1,1,8,8,Exhibition,Championship
1985,552,,,,3066,3114,True,"21° F, Wind 3 mph",37,37,0,21,21,21,17,0,0,6,0,0,0,6,80,False,133,133,266,3600,0,21,0,29,0,8,0,0,0,0,0,968,968,348,45,13,620,88,348,45,13,620,88,13,91,13,91,1,1,0,1,1,0,1,1,9,9,Exhibition,Championship
1985,553,,,,2983,3038,True,"25° F, Wind 3 mph",36,36,0,19,3,9,7,0,0,7,0,0,0,7,38,False,143,143,286,3600,0,22,0,37,0,7,0,1,0,0,0,570,570,235,56,21,335,87,235,56,21,335,87,13,104,13,104,3,2,0,3,2,0,2,2,16,16,Exhibition,Championship
1985,554,,,,613,649,True,"17° F, Wind 29 mph, Snow",8,8,0,17,3,14,21,0,3,0,0,3,0,6,55,False,138,138,276,3600,0,21,0,34,0,6,0,1,0,0,0,620,620,257,61,18,363,77,257,61,18,363,77,18,133,18,133,3,3,1,3,3,1,4,4,32,32,Exhibition,Championship
1985,555,,,,2485,2517,True,"19° F, Wind 2 mph",30,30,0,7,0,14,10,0,7,3,8,7,0,25,31,False,143,143,286,3600,0,27,0,34,0,10,0,0,0,0,0,653,653,445,66,31,208,77,445,66,31,208,77,21,188,21,188,0,0,2,0,0,2,1,1,7,7,Exhibition,Championship
1985,556,,,,1973,2010,True,"17° F, Wind 2 mph",24,24,0,10,3,3,14,0,0,0,0,0,0,0,30,False,136,136,272,3600,0,20,0,36,0,6,0,1,0,1,0,531,531,272,53,14,259,83,272,53,14,259,83,18,145,18,145,2,0,0,2,0,0,4,4,20,20,Exhibition,Championship
1985,557,,,,1451,1516,True,"6° F, Wind 3 mph",18,18,0,3,3,0,10,0,0,3,7,3,0,13,16,False,137,137,274,3600,0,30,0,31,0,10,0,2,0,1,0,618,618,261,69,28,357,68,261,69,28,357,68,17,149,17,149,2,1,1,2,1,1,1,1,7,7,Exhibition,Championship
1985,558,,,,688,735,True,"27° F, Wind 8 mph",9,9,0,7,3,14,17,0,0,0,0,0,0,0,41,False,159,159,318,3600,0,23,0,42,0,12,0,0,0,0,0,589,589,247,75,21,342,84,247,75,21,342,84,17,150,17,150,1,1,0,1,1,0,3,3,19,19,Exhibition,Championship
1985,559,,,,1294,1326,True,"21° F, Wind 7 mph, Snow",16,16,0,3,3,10,3,0,0,3,0,0,0,3,19,False,138,138,276,3600,0,24,0,38,0,8,0,0,0,0,0,447,447,254,68,26,193,70,254,68,26,193,70,17,164,17,164,2,0,0,2,0,0,3,3,14,14,Exhibition,Championship
1985,560,,,,2304,2355,True,"21° F, Wind 14 mph",28,28,0,17,3,7,14,0,0,0,0,0,0,0,41,False,129,129,258,3600,0,30,0,28,0,9,0,1,0,0,0,544,544,135,36,13,409,93,135,36,13,409,93,16,116,16,116,4,2,0,4,2,0,3,3,20,20,Exhibition,Championship
1985,561,,,,1041,1094,True,"29° F, Wind 10 mph",13,13,0,7,10,7,13,3,7,6,8,16,0,37,40,True,150,150,300,3600,0,36,0,32,0,16,0,3,0,3,0,727,727,463,78,49,264,72,463,78,49,264,72,22,206,22,206,2,2,1,2,2,1,2,2,21,21,Exhibition,Championship
1985,562,,,,361,411,True,"44° F, Wind 6 mph",5,5,0,0,20,6,7,0,0,0,7,0,0,7,33,False,133,133,266,3600,0,31,0,27,0,10,0,0,0,0,0,696,696,310,67,32,386,66,310,67,32,386,66,15,130,15,130,2,2,3,2,2,3,2,2,16,16,Exhibition,Championship
1985,563,,,,1366,1429,True,"50° F, Wind 11 mph",17,17,0,7,20,7,17,0,3,0,10,0,0,13,51,False,155,155,310,3600,0,34,0,34,0,13,0,0,0,0,0,905,905,361,57,24,544,98,361,57,24,544,98,23,211,23,211,2,1,1,2,1,1,1,1,0,0,Exhibition,Championship
1985,564,,,,2046,2099,True,"30° F, Wind 10 mph, Snow",25,25,0,10,3,7,7,0,0,0,0,0,0,0,27,False,186,186,372,3600,0,28,0,48,0,10,0,0,0,0,0,550,550,174,89,19,376,97,174,89,19,376,97,26,214,26,214,2,1,3,2,1,3,2,2,0,0,Exhibition,Championship
1985,565,,,,180,215,True,"44° F, Wind 13 mph",3,3,0,0,6,3,9,0,7,3,6,0,0,16,18,False,134,134,268,3600,0,31,0,31,0,13,0,1,0,1,0,565,565,198,53,19,367,81,198,53,19,367,81,12,109,12,109,0,0,0,0,0,0,0,0,0,0,Exhibition,Championship
1985,566,,,,2643,2711,True,"23° F, Wind 4 mph, Snow",32,32,0,24,7,14,3,0,7,0,0,0,0,7,48,False,127,127,254,3600,0,31,0,28,0,12,0,0,0,0,0,778,778,463,51,30,315,76,463,51,30,315,76,18,117,18,117,3,2,0,3,2,0,5,5,25,25,Exhibition,Championship
1985,567,,,,3253,3293,True,"59° F, Wind 1 mph",39,39,0,7,0,21,10,0,0,0,6,0,0,6,38,False,130,130,260,3600,0,26,0,27,0,6,0,0,0,0,0,657,657,394,64,30,263,66,394,64,30,263,66,19,179,19,179,4,2,1,4,2,1,3,3,20,20,Exhibition,Championship
1985,568,,,,2233,2261,True,"33° F, Wind 9 mph",27,27,0,3,23,13,13,0,10,0,0,0,0,10,52,False,146,146,292,3600,0,23,0,37,0,10,0,0,0,0,0,754,754,489,56,29,265,90,489,56,29,265,90,22,152,22,152,2,1,2,2,1,2,5,5,47,47,Exhibition,Championship
1985,569,,,,277,336,True,"34° F, Wind 11 mph",4,4,0,7,17,17,14,0,0,6,0,0,0,6,55,False,135,135,270,3600,0,29,0,28,0,5,0,0,0,0,0,702,702,431,61,27,271,74,431,61,27,271,74,10,90,10,90,2,0,1,2,0,1,2,2,13,13,Exhibition,Championship
1985,570,,,,2811,2860,True,"30° F, Wind 5 mph",34,34,0,14,7,7,13,0,0,7,0,0,0,7,41,False,138,138,276,3600,0,26,0,31,0,7,0,0,0,0,0,668,668,352,57,20,316,81,352,57,20,316,81,14,120,14,120,5,2,1,5,2,1,3,3,32,32,Exhibition,Championship
1985,571,,,,3321,3387,True,"42° F, Wind 13 mph",40,40,0,10,17,7,15,0,0,7,14,20,0,41,49,False,140,140,280,3600,0,35,0,27,0,11,0,1,0,1,0,1118,1118,615,60,34,503,80,615,60,34,503,80,13,96,13,96,1,1,1,1,1,1,1,1,0,0,Exhibition,Championship
1985,572,,,,1788,1837,True,"28° F, Wind 6 mph, Snow",22,22,0,4,0,7,23,0,0,7,0,0,0,7,34,False,118,118,236,3600,0,13,0,32,0,7,0,0,0,0,0,513,513,338,55,17,175,63,338,55,17,175,63,17,100,17,100,3,0,0,3,0,0,10,10,99,99,Exhibition,Championship
1985,573,,,,94,160,True,"41° F, Wind 6 mph",2,2,0,14,10,0,17,0,0,7,14,0,0,21,41,False,152,152,304,3600,0,33,0,33,0,11,0,1,0,1,0,659,659,294,58,26,365,94,294,58,26,365,94,18,144,18,144,2,1,2,2,1,2,4,4,31,31,Exhibition,Championship
1985,574,,,,958,1011,True,"34° F, Wind 15 mph, Snow",12,12,0,7,13,3,0,0,0,0,0,0,0,0,23,False,126,126,252,3600,0,21,0,31,0,9,0,0,0,0,0,511,511,337,57,31,174,69,337,57,31,174,69,11,80,11,80,4,2,3,4,2,3,3,3,20,20,Exhibition,Championship
1985,575,,,,1198,1250,True,"48° F, Wind 8 mph",15,15,0,3,3,10,0,0,0,3,3,14,0,20,16,False,135,135,270,3600,0,29,0,30,0,6,0,3,0,0,0,548,548,256,62,22,292,73,256,62,22,292,73,19,177,19,177,1,0,1,1,0,1,1,1,7,7,Exhibition,Championship
1985,576,,,,1633,1674,True,"38° F, Wind 4 mph",20,20,0,10,3,14,7,0,3,7,0,10,0,20,34,False,139,139,278,3600,0,19,0,34,0,6,0,1,0,1,0,661,661,401,59,21,260,80,401,59,21,260,80,12,97,12,97,4,1,2,4,1,2,2,2,12,12,Exhibition,Championship
1985,577,,,,1721,1756,True,"57° F, Wind 6 mph",21,21,0,10,0,0,7,3,7,0,0,10,0,17,20,True,127,127,254,3600,0,21,0,33,0,10,0,1,0,0,0,499,499,267,63,22,232,64,267,63,22,232,64,15,148,15,148,4,1,1,4,1,1,4,4,26,26,Exhibition,Championship
1985,578,,,,2143,2182,True,"59° F, Wind 8 mph",26,26,0,0,3,14,0,0,7,0,6,6,0,19,17,False,102,102,204,3600,0,21,0,26,0,7,0,0,0,0,0,635,635,390,38,17,245,64,390,38,17,245,64,8,70,8,70,1,0,0,1,0,0,9,9,64,64,Exhibition,Championship
1985,579,,,,2398,2459,True,"34° F, Wind 4 mph",29,29,0,14,10,10,6,0,0,10,3,7,0,20,40,False,126,126,252,3600,0,37,0,26,0,12,0,0,0,0,0,864,864,374,41,26,490,85,374,41,26,490,85,6,57,6,57,1,0,2,1,0,2,2,2,19,19,Exhibition,Championship
1985,580,,,,2568,2628,True,"58° F, Wind 3 mph",31,31,0,3,14,7,10,0,0,7,0,10,0,17,34,False,164,164,328,3600,0,24,0,37,0,4,0,0,0,0,0,450,450,136,73,11,314,91,136,73,11,314,91,17,185,17,185,0,0,4,0,0,4,2,2,10,10,Exhibition,Championship
1985,581,,,,2727,2792,True,"36° F, Wind 4 mph",33,33,0,16,10,13,20,0,3,7,0,0,0,10,59,False,144,144,288,3600,0,33,0,32,0,15,0,0,0,0,0,903,903,449,72,35,454,72,449,72,35,454,72,13,138,13,138,2,1,2,2,1,2,3,3,20,20,Exhibition,Championship
1985,582,,,,3151,3218,True,"35° F, Wind 1 mph",38,38,0,14,0,7,10,0,0,10,0,7,0,17,31,False,147,147,294,3600,0,26,0,35,0,6,0,0,0,0,0,732,732,307,74,28,425,73,307,74,28,425,73,16,140,16,140,2,2,1,2,2,1,2,2,16,16,Exhibition,Championship
1985,303,,,,344,413,True,"74° F, Wind 6 mph, Rain",1,5,1,0,13,12,7,0,7,0,21,20,0,48,32,False,70,59,129,1717,1883,18,18,12,10,5,6,3,0,2,0,528,566,164,33,18,364,37,310,31,24,256,28,5,34,7,65,2,0,2,1,0,0,2,1,14,5,RegularSeason,Championship
1985,304,,,,613,646,True,"63° F, Wind 14 mph",6,8,1,0,7,7,7,0,7,17,16,7,0,47,21,False,55,70,125,1460,2140,11,17,12,16,2,9,1,1,0,1,345,590,232,26,16,113,29,329,32,17,261,38,4,42,4,53,1,1,0,0,0,0,2,0,18,0,RegularSeason,Championship
1985,305,,,,2304,2350,True,"64° F, Wind 12 mph",23,28,1,3,0,0,7,0,7,7,7,7,0,28,10,False,64,59,123,1723,1877,15,17,16,14,6,6,2,1,1,1,269,387,103,22,6,166,42,173,22,17,214,37,5,50,7,53,2,0,0,3,1,0,6,5,48,28,RegularSeason,Championship
1985,306,,,,3066,3133,True,"72° F, Wind 3 mph, Rain",37,36,1,14,3,10,6,0,3,0,0,3,0,6,33,False,66,72,138,2104,1496,11,12,18,17,6,2,0,2,0,1,277,242,122,21,10,155,45,136,39,16,106,33,11,115,11,61,0,0,1,1,0,2,2,1,2,11,RegularSeason,Championship
1985,307,,,,1042,1072,True,"67° F, Wind 10 mph",10,13,1,0,0,14,3,0,0,0,0,14,0,14,17,False,59,97,156,1417,2183,6,22,18,18,1,3,1,3,1,2,158,418,71,25,12,87,34,252,55,32,166,42,6,79,8,70,1,0,0,2,2,0,1,0,11,0,RegularSeason,Championship
1985,308,,,,1284,1320,True,"76° F, Wind 5 mph",11,16,1,7,0,0,0,0,3,0,7,10,0,20,7,False,67,76,143,1738,1862,8,14,19,18,2,2,2,3,0,2,197,254,112,41,9,85,26,129,36,17,125,40,7,65,9,80,0,0,0,3,1,0,4,0,29,0,RegularSeason,Championship
1985,309,,,,1111,1500,True,"77° F, Wind 12 mph",14,18,1,0,2,0,14,0,7,6,0,14,0,27,16,False,135,138,273,1256,2344,5,15,17,15,2,5,2,1,1,0,265,620,33,67,4,232,68,261,69,28,359,69,11,90,17,149,0,0,2,2,1,1,2,1,20,7,RegularSeason,Championship
1985,310,,,,530,732,True,"74° F, Wind 6 mph",7,9,1,14,3,0,13,0,0,0,0,0,0,0,30,False,59,72,131,1959,1641,11,13,15,18,4,4,0,3,0,0,339,244,209,25,6,130,34,100,38,15,144,34,3,28,6,45,1,0,0,0,0,1,5,0,27,0,RegularSeason,Championship
1985,311,,,,2924,2545,True,"73° F, Wind 14 mph",35,30,1,0,7,9,7,0,0,0,0,0,0,0,23,False,76,66,142,2020,1580,15,11,18,15,10,2,0,2,0,1,352,189,185,39,17,167,37,139,36,17,50,30,9,90,13,130,0,0,2,0,0,2,1,1,11,7,RegularSeason,Championship
1985,312,,,,1973,2025,True,"70° F, Wind 5 mph, Rain",19,24,1,0,7,0,3,0,7,10,0,0,0,17,10,False,86,53,139,1960,1640,19,13,19,14,7,4,2,0,1,0,274,314,99,35,16,175,51,260,23,14,54,30,7,60,11,96,0,0,2,1,1,0,1,4,12,26,RegularSeason,Championship
1985,313,,,,188,6142,True,"75° F, Wind 8 mph, Rain",3,2,1,0,7,7,6,0,3,6,10,6,0,25,20,False,69,73,142,1919,1681,13,14,17,18,6,5,3,2,2,1,377,268,223,30,12,154,39,102,31,14,166,42,8,74,3,30,1,1,1,1,0,0,2,1,17,11,RegularSeason,Championship
1985,314,,,,944,307,True,"82° F, Wind 15 mph",4,12,1,0,3,2,8,0,7,6,3,0,0,16,13,False,58,70,128,1388,2212,10,17,17,13,5,3,2,2,2,1,242,319,141,30,16,101,28,183,33,23,136,37,13,120,3,35,1,0,0,0,0,0,2,1,23,7,RegularSeason,Championship
1985,315,,,,1210,1253,True,"71° F, Wind 15 mph",17,15,1,7,0,10,0,0,3,10,3,3,0,19,17,False,80,69,149,1709,1891,18,12,19,21,8,5,1,1,0,1,335,281,138,39,14,197,41,173,31,14,108,38,7,75,9,84,1,0,2,0,0,0,3,4,24,30,RegularSeason,Championship
1985,316,,,,2811,2622,True,"65° F, Wind 15 mph",34,31,1,14,3,0,8,0,7,7,14,0,0,28,25,False,87,69,156,2089,1511,14,11,19,17,3,3,2,1,1,0,385,280,139,42,9,246,45,180,34,14,100,35,7,65,12,107,0,0,1,0,0,1,0,2,0,17,RegularSeason,Championship
1985,317,,,,1804,1661,True,"56° F, Wind 1 mph",22,20,1,2,14,0,9,0,3,7,7,13,0,30,25,False,50,74,124,1301,2299,12,19,12,17,4,9,1,1,0,1,286,378,201,26,10,85,24,162,30,17,216,44,5,45,8,95,1,1,0,0,0,0,4,2,30,22,RegularSeason,Championship
1985,318,,,,2046,2109,True,"68° F, Wind 5 mph",25,21,1,0,19,17,0,0,0,0,0,3,0,3,36,False,71,63,134,1852,1748,15,11,18,15,8,2,0,5,0,2,308,273,93,26,12,215,45,176,33,18,97,30,6,45,12,90,0,0,0,1,1,2,0,3,0,19,RegularSeason,Championship
1985,319,,,,3163,3368,True,"85° F, Wind 13 mph, Rain",40,38,1,7,7,3,21,0,14,0,7,7,0,28,38,False,81,63,144,1877,1723,23,11,14,12,6,2,1,0,1,0,491,468,285,35,17,206,46,397,34,21,71,29,4,36,15,135,2,2,1,1,1,1,1,1,11,9,RegularSeason,Championship
1985,320,,,,2398,2711,True,"63° F, Wind 10 mph",32,29,1,7,7,14,7,0,0,10,13,0,0,23,35,False,73,80,153,1970,1630,24,18,13,19,7,10,0,2,0,1,492,420,288,42,28,204,31,339,52,27,81,28,4,30,9,67,0,0,0,0,0,1,1,0,0,0,RegularSeason,Championship
1985,321,,,,2216,2262,True,"81° F, Wind 9 mph, Rain",27,26,1,0,6,9,3,0,7,0,0,0,0,7,18,False,69,65,134,1581,2019,13,11,18,17,4,6,1,1,0,0,324,270,194,29,15,130,40,167,27,9,103,38,9,80,12,85,1,0,0,1,1,0,1,7,7,58,RegularSeason,Championship
1985,322,,,,3253,3302,True,"84° F, Wind 14 mph",39,33,1,3,14,0,7,0,0,3,0,0,0,3,24,False,57,82,139,1781,1819,10,16,14,15,4,2,0,4,0,1,205,337,110,23,14,95,34,225,46,24,112,36,11,75,14,100,0,0,0,0,0,1,0,0,0,0,RegularSeason,Championship
1985,323,,,,346,241,True,"77° F, Wind 11 mph",5,3,2,0,21,0,13,0,10,7,6,0,0,23,34,False,73,63,136,2082,1518,13,8,18,14,8,1,1,2,1,0,361,245,154,37,17,207,36,97,30,8,148,33,7,44,7,82,1,1,1,0,0,1,1,0,11,0,RegularSeason,Championship
1985,324,,,,262,327,True,"76° F, Wind 1 mph",8,4,2,0,7,0,7,0,13,13,10,3,0,39,14,False,53,64,117,1457,2143,14,21,11,11,3,5,1,1,1,1,257,496,167,29,18,90,24,280,23,20,216,41,6,44,10,125,1,1,0,0,0,0,2,0,9,0,RegularSeason,Championship
1985,325,,,,2653,2689,True,"62° F, Wind 15 mph",24,32,2,0,0,0,7,0,10,10,17,7,0,44,7,False,64,74,138,1213,2387,9,18,15,12,2,5,1,2,1,1,133,513,68,25,8,65,39,310,25,19,203,49,5,45,8,78,1,0,1,3,2,0,0,2,0,11,RegularSeason,Championship
1985,326,,,,1793,1862,True,"76° F, Wind 3 mph",13,22,2,0,0,0,7,0,0,21,0,6,0,27,7,False,76,60,136,1778,1822,15,14,19,14,6,6,5,0,2,0,251,321,178,40,21,73,36,130,18,9,191,42,10,81,8,50,0,0,1,1,0,0,1,1,6,11,RegularSeason,Championship
1985,327,,,,2046,1329,True,"61° F, Wind 2 mph, Rain",16,25,2,0,0,3,3,0,3,3,3,0,0,9,6,False,73,74,147,1931,1669,7,7,20,24,2,5,1,0,0,0,165,226,137,33,17,28,40,94,35,10,132,39,3,25,10,101,1,0,0,2,0,0,1,0,7,0,RegularSeason,Championship
1985,328,,,,2214,2281,True,"63° F, Wind 11 mph",18,27,2,0,10,14,7,0,10,14,0,0,0,24,31,False,66,95,161,1693,1907,11,22,14,21,2,5,0,4,0,2,317,394,171,39,22,146,27,233,51,23,161,44,11,129,14,141,2,0,2,1,1,0,4,3,23,22,RegularSeason,Championship
1985,329,,,,3252,3284,True,"72° F, Wind 7 mph",30,39,2,0,7,0,0,0,0,14,10,7,0,31,7,False,72,69,141,1487,2113,13,14,18,13,3,4,4,2,2,1,186,327,85,38,12,101,34,196,31,25,131,38,6,65,10,93,0,0,0,1,1,0,4,1,30,4,RegularSeason,Championship
1985,330,,,,1369,732,True,"66° F, Wind 2 mph",9,17,2,3,0,7,3,6,3,7,0,3,0,13,19,True,79,96,175,1641,1959,19,25,21,24,10,13,1,0,0,0,376,396,207,39,19,169,40,166,44,18,230,52,14,135,11,115,0,0,0,1,0,1,0,1,0,5,RegularSeason,Championship
1985,331,,,,2302,2865,True,"68° F, Wind 6 mph",28,34,2,7,0,0,13,0,0,0,3,6,0,9,20,False,66,65,131,1990,1610,14,8,13,17,3,4,0,3,0,1,342,227,148,26,15,194,40,113,29,12,114,36,8,64,7,50,2,2,1,1,1,2,1,3,6,24,RegularSeason,Championship
1985,332,,,,2998,3051,True,"75° F, Wind 15 mph",36,40,2,13,9,3,14,0,0,3,3,7,0,13,39,False,68,76,144,1973,1627,19,19,15,17,8,8,0,2,0,2,367,371,207,36,22,160,32,248,43,20,123,33,5,45,5,30,0,0,1,1,0,3,1,1,4,11,RegularSeason,Championship
1985,333,,,,87,164,True,"77° F, Wind 2 mph",2,1,2,3,7,6,8,0,6,0,14,7,0,27,24,False,69,74,143,1458,2142,17,22,16,13,6,4,1,0,0,0,347,481,119,31,17,228,38,228,27,17,253,47,7,50,13,139,0,0,0,1,0,1,2,1,17,0,RegularSeason,Championship
1985,334,,,,432,998,True,"64° F, Wind 3 mph",12,6,2,10,14,0,0,0,10,7,7,3,0,27,24,False,90,55,145,2235,1365,22,12,21,11,10,2,1,1,1,0,389,340,276,50,32,113,40,201,21,12,139,34,5,45,14,130,2,0,0,0,0,1,0,0,0,0,RegularSeason,Championship
1985,335,,,,2398,2431,True,"71° F, Wind 13 mph",29,19,2,21,0,14,17,0,0,7,7,7,0,21,52,False,65,64,129,2119,1481,13,10,14,16,6,4,0,1,0,1,461,287,283,22,15,178,43,147,35,18,140,29,3,29,10,61,2,0,2,1,1,1,1,2,9,22,RegularSeason,Championship
1985,336,,,,2896,2789,True,"71° F, Wind 24 mph",33,35,2,10,10,13,13,0,7,6,7,3,0,23,46,False,78,84,162,1822,1778,16,16,16,19,3,4,1,2,0,1,395,298,271,41,20,124,37,146,36,16,152,48,10,95,14,135,0,0,0,1,1,1,1,1,5,0,RegularSeason,Championship
1985,337,,,,520,1243,True,"78° F, Wind 8 mph, Rain",15,7,2,0,10,3,3,0,0,0,0,0,0,0,16,False,70,59,129,2160,1440,11,6,21,18,6,2,2,2,1,0,194,120,98,29,9,96,41,16,25,1,104,34,6,50,11,84,1,0,0,0,0,0,3,7,17,50,RegularSeason,Championship
1985,338,,,,1623,1685,True,"83° F, Wind 2 mph",20,10,2,3,0,7,2,0,0,0,0,7,0,7,12,False,81,67,148,2324,1276,16,9,20,17,6,1,0,3,0,2,336,230,167,38,16,169,43,140,34,13,90,33,4,55,15,140,2,1,0,0,0,1,1,2,6,6,RegularSeason,Championship
1985,339,,,,3148,3219,True,"83° F, Wind 2 mph, Rain",38,37,2,7,14,22,3,0,13,6,7,3,0,29,46,False,69,79,148,1808,1792,10,15,18,17,5,3,1,3,1,1,407,408,337,35,18,70,34,136,34,14,272,45,6,64,12,118,0,0,0,3,2,1,2,2,16,9,RegularSeason,Championship
1985,340,,,,2558,2603,True,"96° F, Wind 7 mph",31,23,2,7,13,10,7,0,0,0,0,7,0,7,37,False,68,62,130,1803,1797,15,11,15,15,4,1,0,5,0,2,333,314,162,25,10,171,43,115,19,4,199,43,5,35,10,79,0,0,0,2,1,0,2,8,15,63,RegularSeason,Championship
1985,341,,,,868,1752,True,"82° F, Wind 9 mph",21,11,2,10,3,3,21,0,7,10,3,0,0,20,37,False,74,54,128,2224,1376,15,5,17,15,3,1,1,3,1,0,326,212,103,28,13,223,46,122,28,4,90,26,7,60,8,78,0,0,1,1,1,1,3,7,19,52,RegularSeason,Championship
1985,342,,,,2143,1159,True,"78° F, Wind 11 mph, Rain",26,14,2,14,0,0,3,0,3,3,3,6,0,15,17,False,51,75,126,1746,1854,3,10,16,21,1,4,0,2,0,0,236,297,198,24,5,38,27,123,37,4,174,38,6,50,9,75,0,0,0,1,0,0,6,2,53,13,RegularSeason,Championship
1985,343,,,,374,164,True,"78° F, Wind 12 mph",5,2,3,10,7,0,0,0,3,0,3,3,0,9,17,False,67,81,148,2069,1531,13,16,17,18,6,4,0,2,0,0,290,314,201,37,20,89,30,104,36,11,210,45,10,85,15,97,1,1,2,1,1,0,1,2,4,7,RegularSeason,Championship
1985,344,,,,613,1014,True,"71° F, Wind 5 mph",8,12,3,7,7,0,7,0,0,0,10,8,0,18,21,False,62,68,130,1883,1717,14,13,14,15,4,3,0,1,0,1,323,290,237,29,18,86,33,221,39,22,69,29,4,30,7,55,1,0,1,1,1,1,2,1,17,7,RegularSeason,Championship
1985,345,,,,2383,2020,True,"65° F, Wind 5 mph",24,29,3,21,7,3,0,0,14,16,7,13,0,50,31,False,62,69,131,1535,2065,10,21,14,13,5,7,2,0,0,0,328,624,256,23,13,72,39,422,29,21,202,40,2,20,9,56,2,0,1,0,0,1,1,1,11,6,RegularSeason,Championship
1985,346,,,,1633,1091,True,"62° F, Wind 2 mph, Rain",13,20,3,0,0,7,0,0,10,9,0,7,0,26,7,False,74,75,149,1445,2155,12,15,18,19,3,7,4,0,1,0,247,308,166,47,19,81,27,140,35,15,168,40,17,138,7,90,1,0,1,0,0,1,0,1,0,7,RegularSeason,Championship
1985,347,,,,1297,1773,True,"65° F, Wind 14 mph",16,21,3,0,0,10,7,0,0,17,0,10,0,27,17,False,81,59,140,1854,1746,15,10,18,12,6,1,3,1,1,0,405,365,219,39,15,186,42,214,32,16,151,27,9,67,13,104,1,0,3,2,1,0,3,1,19,7,RegularSeason,Championship
1985,348,,,,2143,2205,True,"72° F, Wind 1 mph",18,26,3,7,0,3,7,0,28,6,17,0,0,51,17,False,58,64,122,1511,2089,11,12,9,13,0,2,1,0,1,0,235,372,109,32,14,126,26,207,27,10,165,37,6,42,8,76,3,3,4,1,0,1,3,3,31,22,RegularSeason,Championship
1985,349,,,,2727,2775,True,"61° F, Wind 3 mph",30,33,3,0,0,0,0,0,17,7,3,3,0,30,0,False,61,72,133,1406,2194,8,18,17,17,2,6,0,0,0,0,154,416,41,34,4,113,27,268,31,23,148,41,6,60,7,50,2,0,0,2,1,0,1,1,7,8,RegularSeason,Championship
1985,350,,,,699,732,True,"74° F, Wind 4 mph",9,15,3,9,0,7,6,0,0,7,0,0,0,7,22,False,76,66,142,2003,1597,15,9,18,18,5,4,0,1,0,1,281,143,181,45,21,100,31,86,37,15,57,29,5,60,13,129,0,0,1,1,1,0,2,2,17,18,RegularSeason,Championship
1985,351,,,,2568,2622,True,"63° F, Wind 13 mph",28,31,3,0,10,0,13,0,17,0,7,9,0,33,23,False,81,73,154,1819,1781,18,17,17,17,6,6,1,0,1,0,399,434,195,36,17,204,45,217,32,12,217,41,10,106,10,79,2,2,2,1,1,1,2,1,15,6,RegularSeason,Championship
1985,352,,,,3163,3045,True,"62° F, Wind 14 mph",36,38,3,7,10,6,14,0,3,14,0,0,0,17,37,False,77,61,138,2144,1456,16,5,16,17,3,3,0,2,0,0,360,254,153,30,15,207,47,186,37,16,68,24,7,50,13,118,0,0,0,1,1,1,0,3,0,25,RegularSeason,Championship
1985,353,,,,6,52,True,"63° F, Wind 10 mph",3,1,3,14,0,7,10,0,0,17,6,6,0,29,31,False,78,81,159,1729,1871,18,18,19,18,9,9,0,2,0,2,243,376,87,33,11,156,45,179,42,21,197,39,4,50,13,124,0,0,0,1,1,1,0,0,0,0,RegularSeason,Championship
1985,354,,,,262,326,True,"69° F, Wind 10 mph, Rain",4,6,3,7,20,7,0,0,10,0,3,7,0,20,34,False,72,70,142,1935,1665,14,15,17,14,6,4,1,3,1,2,379,470,165,28,17,214,44,349,41,22,121,29,4,30,7,42,0,0,0,2,0,2,0,1,0,7,RegularSeason,Championship
1985,355,,,,520,1414,True,"67° F, Wind 1 mph",17,7,3,5,21,14,6,0,0,7,7,3,0,17,46,False,72,62,134,1888,1712,11,6,16,19,4,3,0,4,0,1,470,152,284,31,15,186,41,29,36,3,123,26,7,65,8,55,1,1,0,2,1,0,1,9,9,57,RegularSeason,Championship
1985,356,,,,2811,2860,True,"72° F, Wind 14 mph",34,23,3,7,0,10,13,0,0,7,3,7,0,17,30,False,77,56,133,2195,1405,21,11,14,15,5,4,0,2,0,1,417,268,254,35,25,163,42,103,22,6,165,34,9,65,8,84,0,0,1,3,1,1,1,6,11,52,RegularSeason,Championship
1985,357,,,,1804,1860,True,"63° F, Wind 36 mph, Rain",22,10,3,7,7,14,14,0,7,3,0,3,0,13,42,False,68,74,142,2042,1558,15,11,11,19,3,3,0,3,0,0,455,232,333,25,16,122,43,100,34,11,132,40,4,50,11,82,4,3,0,2,0,1,3,1,30,6,RegularSeason,Championship
1985,358,,,,2064,2116,True,"71° F, Wind 35 mph",25,11,3,7,14,0,0,0,0,0,0,0,0,0,21,False,74,66,140,1989,1611,10,4,20,20,5,2,0,1,0,0,299,115,155,31,12,144,43,29,39,3,86,27,5,45,6,30,2,2,0,1,0,2,2,4,19,20,RegularSeason,Championship
1985,359,,,,3321,3114,True,"75° F, Wind 10 mph",40,37,3,0,14,14,17,0,3,14,0,0,0,17,45,False,84,63,147,2082,1518,20,10,18,17,9,5,2,3,1,1,504,306,237,39,22,267,45,237,34,16,69,29,7,80,9,82,0,0,0,1,1,0,1,1,10,4,RegularSeason,Championship
1985,360,,,,2653,1600,True,"65° F, Wind 14 mph",32,19,3,17,10,17,7,0,0,7,0,7,0,14,51,False,64,70,134,1756,1844,14,12,11,17,4,4,0,3,0,1,396,327,260,29,16,136,35,183,41,22,144,29,7,49,14,119,1,1,1,1,1,0,2,3,18,28,RegularSeason,Championship
1985,361,,,,2216,2262,True,"82° F, Wind 2 mph",27,14,3,6,3,0,3,0,3,0,0,3,0,6,12,False,85,57,142,1983,1617,22,8,19,17,8,2,0,3,0,2,335,187,205,35,22,130,50,59,30,8,128,27,4,20,13,115,0,0,0,0,0,0,2,3,14,27,RegularSeason,Championship
1985,362,,,,2908,3286,True,"86° F, Wind 14 mph",39,35,3,10,6,0,10,0,3,3,6,0,0,12,26,False,61,87,148,1798,1802,7,19,18,20,4,5,0,2,0,1,234,367,145,29,12,89,32,206,44,19,161,43,7,74,8,57,0,0,0,1,0,0,1,1,0,5,RegularSeason,Championship
1985,363,,,,443,498,True,"73° F, Wind 11 mph, Rain",1,6,4,0,3,14,25,0,14,10,5,10,0,39,42,False,73,75,148,1624,1976,16,13,13,19,3,6,1,0,0,0,453,407,345,35,19,108,38,223,32,11,184,43,6,48,3,35,2,0,1,2,0,0,1,0,6,0,RegularSeason,Championship
1985,364,,,,1890,3114,True,"55° F, Wind 13 mph",23,37,4,3,17,7,3,0,3,0,0,3,0,6,30,False,74,59,133,2255,1345,18,5,16,18,4,2,0,0,0,0,441,97,253,24,9,188,50,55,32,7,42,27,9,85,10,98,2,1,0,1,0,0,5,2,39,5,RegularSeason,Championship
1985,365,,,,857,912,True,"63° F, Wind 13 mph",10,11,4,0,6,0,3,0,7,7,7,6,0,27,9,False,77,68,145,1837,1763,12,13,21,17,6,4,2,0,0,0,243,287,86,26,10,157,51,156,40,10,131,28,13,99,10,95,0,0,2,0,0,0,5,1,33,11,RegularSeason,Championship
1985,366,,,,1139,1159,True,"78° F, Wind 9 mph",14,7,4,5,13,3,2,0,0,0,0,0,0,0,23,False,71,44,115,2374,1226,13,1,21,15,7,1,0,1,0,0,238,37,54,27,5,184,44,0,22,0,37,22,5,35,5,35,1,0,0,0,0,0,3,8,27,44,RegularSeason,Championship
1985,367,,,,2908,2951,True,"65° F, Wind 13 mph",35,19,4,0,6,0,3,0,3,0,0,0,0,3,9,False,57,82,139,1507,2093,11,16,13,18,2,3,1,4,0,3,217,268,167,31,16,50,26,168,37,23,100,45,8,56,12,95,0,0,1,0,0,1,0,1,0,11,RegularSeason,Championship
1985,368,,,,350,666,True,"71° F, Wind 8 mph",5,8,4,3,9,0,14,0,3,7,9,0,0,19,26,False,84,57,141,2316,1284,22,9,19,14,8,4,0,1,0,1,437,266,206,44,25,231,40,195,31,13,71,26,7,80,5,75,0,0,1,2,1,1,0,2,0,12,RegularSeason,Championship
1985,369,,,,1973,2027,True,"66° F, Wind 1 mph, Rain",24,13,4,6,14,14,6,0,0,0,0,0,0,0,40,False,66,63,129,2058,1542,11,8,18,16,6,3,1,1,1,0,408,203,325,28,13,83,38,160,35,17,43,28,3,13,6,55,0,0,0,0,0,2,4,0,21,0,RegularSeason,Championship
1985,370,,,,1451,1516,True,"64° F, Wind 15 mph",16,18,4,3,3,0,7,0,7,0,10,3,0,20,13,False,63,62,125,1654,1946,15,16,14,12,3,3,1,0,0,0,254,317,184,37,17,70,26,133,28,13,184,34,1,5,9,75,0,0,1,0,0,2,1,1,0,7,RegularSeason,Championship
1985,371,,,,699,750,True,"59° F, Wind 13 mph, Rain",30,9,4,6,0,0,0,0,0,0,16,21,0,37,6,False,76,70,146,1792,1808,10,17,20,15,3,6,4,0,2,0,229,469,48,37,7,181,39,270,37,22,199,33,9,83,3,35,1,0,2,0,0,2,2,2,20,18,RegularSeason,Championship
1985,372,,,,2315,2375,True,"63° F, Wind 11 mph",28,36,4,3,7,0,20,0,0,3,0,0,0,3,30,False,71,69,140,2156,1444,18,12,18,18,6,3,1,3,1,2,449,280,243,23,13,206,48,155,33,15,125,36,1,10,4,35,0,0,0,1,0,1,1,0,6,0,RegularSeason,Championship
1985,373,,,,262,299,True,"67° F, Wind 10 mph",3,4,4,0,3,7,7,0,3,0,0,10,0,13,17,False,63,83,146,1804,1796,10,19,18,18,7,5,0,2,0,1,313,380,228,34,14,85,29,220,38,20,160,45,6,70,7,40,0,0,1,2,1,0,1,0,11,0,RegularSeason,Championship
1985,374,,,,2825,1433,True,"66° F, Wind 2 mph, Rain",17,34,4,3,0,0,0,0,0,0,10,6,0,16,3,False,80,76,156,1490,2110,11,11,24,19,5,4,2,0,0,0,239,337,154,39,14,85,41,221,38,20,116,38,6,50,8,65,0,0,0,2,0,3,2,1,18,13,RegularSeason,Championship
1985,375,,,,1804,2094,True,"45° F, Wind 7 mph",22,25,4,10,3,10,10,0,0,3,10,7,0,20,33,False,78,63,141,2486,1114,19,8,19,15,6,3,1,0,0,0,464,272,311,32,18,153,46,149,31,12,123,32,4,40,9,70,1,1,1,2,2,1,8,0,61,0,RegularSeason,Championship
1985,376,,,,2637,2711,True,"79° F, Wind 6 mph",40,32,4,0,7,0,21,0,14,0,10,14,0,38,28,False,71,74,145,1470,2130,21,22,13,14,5,6,2,2,1,1,486,653,294,39,21,192,32,489,45,30,164,29,7,58,7,63,1,0,1,0,0,0,2,1,18,7,RegularSeason,Championship
1985,377,,,,2216,2281,True,"69° F, Wind 2 mph",27,39,4,7,0,0,0,0,10,7,0,3,0,20,7,False,82,71,153,1479,2121,21,16,15,16,6,5,2,1,1,1,378,318,229,49,26,149,33,255,36,23,63,35,5,50,6,50,4,3,0,1,0,2,1,1,7,3,RegularSeason,Championship
1985,378,,,,100,1010,True,"68° F, Wind 9 mph, Rain",2,12,4,3,3,8,7,0,0,7,3,0,0,10,21,False,75,69,144,1684,1916,21,11,13,16,4,3,1,5,0,3,281,297,139,30,18,142,45,167,39,21,130,30,4,35,16,161,1,1,2,0,0,2,1,0,0,0,RegularSeason,Championship
1985,379,,,,2398,2789,True,"70° F, Wind 15 mph",29,33,4,10,10,7,10,0,0,0,14,0,0,14,37,False,89,56,145,2546,1054,22,6,19,16,8,3,0,2,0,0,475,219,205,32,17,270,57,154,28,11,65,28,2,20,6,52,1,0,1,1,0,0,0,1,0,4,RegularSeason,Championship
1985,380,,,,1197,1243,True,"66° F, Wind 15 mph, Rain",15,20,4,3,3,6,13,0,14,0,0,8,0,22,25,False,77,75,152,1968,1632,21,12,14,16,5,4,0,3,0,0,371,289,206,43,21,165,34,187,50,17,102,25,6,39,1,15,1,1,2,0,0,1,1,0,6,0,RegularSeason,Championship
1985,381,,,,2554,2603,True,"72° F, Wind 14 mph",38,31,4,0,7,6,6,0,3,6,14,17,0,40,19,False,59,84,143,1523,2077,5,21,18,20,4,9,1,0,0,0,151,538,98,30,5,53,29,328,49,21,210,35,3,22,11,65,0,0,0,1,1,0,4,1,18,0,RegularSeason,Championship
1985,382,,,,1721,1752,True,"76° F, Wind 6 mph",21,26,4,0,14,7,28,0,0,10,3,3,0,16,49,False,59,57,116,1836,1764,15,11,9,13,4,2,0,1,0,0,400,308,231,28,17,169,31,164,22,8,144,35,4,32,9,70,0,0,2,0,0,2,2,7,23,46,RegularSeason,Championship
1985,383,,,,1554,835,True,"62° F, Wind 6 mph",10,19,5,0,3,7,7,0,7,0,0,7,0,14,17,False,56,80,136,1429,2171,9,18,14,14,1,4,0,0,0,0,184,373,95,27,10,89,29,214,41,23,159,39,6,30,10,90,1,1,1,3,0,5,3,1,23,5,RegularSeason,Championship
1985,384,,,,869,905,True,"62° F, Wind 4 mph",11,14,5,0,0,7,10,0,3,0,3,2,0,8,17,False,68,83,151,1689,1911,6,8,21,23,3,1,0,4,0,1,247,156,118,33,4,129,35,13,50,3,143,33,10,90,8,79,2,0,0,1,0,1,4,4,31,40,RegularSeason,Championship
1985,385,,,,2908,2948,True,"56° F, Wind 1 mph, Rain",35,23,5,7,10,7,7,0,3,0,0,0,0,3,31,False,80,55,135,2210,1390,21,10,18,14,11,3,0,3,0,0,407,192,132,24,11,275,56,75,17,3,117,38,3,35,5,60,1,0,0,0,0,0,0,2,0,19,RegularSeason,Championship
1985,386,,,,1296,3045,True,"66° F, Wind 3 mph",16,36,5,0,6,7,0,0,0,3,3,3,0,9,13,False,66,69,135,1964,1636,11,10,19,18,7,3,0,2,0,0,204,237,137,29,17,67,37,203,39,22,34,30,1,10,6,50,1,1,1,2,0,0,2,1,10,11,RegularSeason,Championship
1985,387,,,,1452,2535,True,"61° F, Wind 6 mph",18,30,5,0,3,7,7,0,0,0,0,7,0,7,17,False,72,73,145,2050,1550,15,9,15,18,5,2,0,3,0,0,290,175,197,39,20,93,33,76,33,5,99,40,7,60,5,55,0,0,6,1,1,1,3,1,23,8,RegularSeason,Championship
1985,388,,,,2315,2375,True,"61° F, Wind 8 mph",28,24,5,7,14,14,9,0,0,0,0,7,0,7,44,False,63,59,122,2198,1402,19,14,12,11,7,3,1,3,1,0,438,340,231,22,16,207,41,268,34,18,72,25,3,25,6,35,0,0,0,0,0,3,0,0,0,0,RegularSeason,Championship
1985,389,,,,1804,3273,True,"53° F, Wind 23 mph",22,39,5,3,14,0,14,0,0,14,17,3,0,34,31,False,70,64,134,2051,1549,15,11,17,17,7,6,1,0,1,0,375,235,237,32,14,138,38,166,23,13,69,41,7,46,9,83,2,1,2,0,0,0,5,1,33,6,RegularSeason,Championship
1985,390,,,,3321,2109,True,"67° F, Wind 12 mph",25,40,5,3,28,0,10,0,7,3,21,14,0,45,41,False,84,86,170,1542,2058,12,22,19,15,4,6,2,1,1,0,371,590,123,37,10,248,47,393,42,25,197,44,8,84,17,145,2,2,0,2,1,3,0,1,0,7,RegularSeason,Championship
1985,391,,,,2233,1429,True,"76° F, Wind 4 mph",27,17,5,7,3,0,7,0,0,0,3,7,0,10,17,False,70,85,155,1688,1912,13,18,15,19,3,5,1,3,1,2,270,341,146,29,15,124,41,197,37,22,144,48,4,45,14,149,3,0,2,0,0,1,1,1,7,9,RegularSeason,Championship
1985,392,,,,1210,2202,True,"66° F, Wind 1 mph",15,26,5,10,0,14,0,0,0,3,3,15,0,21,24,False,56,64,120,1716,1884,8,14,14,19,5,5,0,2,0,1,362,357,238,25,11,124,31,198,26,13,159,38,7,60,10,70,0,0,2,0,0,0,1,9,9,57,RegularSeason,Championship
1985,393,,,,1623,3219,True,"73° F, Wind 7 mph",20,38,5,0,13,7,7,0,3,0,0,3,0,6,27,False,75,66,141,1844,1756,15,8,18,19,6,2,0,1,0,0,305,234,88,38,12,217,37,160,37,9,74,29,5,35,4,25,0,0,2,1,1,0,1,5,9,34,RegularSeason,Championship
1985,394,,,,1721,2452,True,"75° F, Wind 12 mph",21,29,5,7,14,12,6,0,14,7,0,13,0,34,39,False,75,70,145,1971,1629,18,17,17,15,9,6,1,1,0,1,463,416,283,39,19,180,36,340,41,30,76,29,3,28,14,135,0,0,1,0,0,1,0,0,0,0,RegularSeason,Championship
1985,395,,,,6,52,True,"70° F, Wind 5 mph, Rain",1,19,6,0,6,8,3,0,7,0,3,3,0,13,17,False,75,71,146,1954,1646,18,13,17,19,4,6,1,2,1,1,373,328,135,31,16,238,44,207,43,22,121,28,6,57,16,144,1,0,0,3,1,0,2,1,15,11,RegularSeason,Championship
1985,396,,,,2143,138,True,"70° F, Wind 2 mph",2,26,6,0,13,0,13,0,0,7,21,3,0,31,26,False,82,60,142,1552,2048,18,9,18,18,5,5,2,0,1,0,462,460,107,30,8,355,52,332,30,12,128,30,5,40,7,70,1,1,0,2,2,0,0,9,0,63,RegularSeason,Championship
1985,397,,,,178,247,True,"60° F, Wind 11 mph",3,39,6,7,7,0,3,0,0,3,3,0,0,6,17,False,64,71,135,1725,1875,16,16,13,15,3,4,0,1,0,0,213,238,68,25,11,145,39,115,27,16,123,44,8,97,11,95,0,0,0,1,0,1,0,0,0,0,RegularSeason,Championship
1985,398,,,,374,3051,True,"69° F, Wind 14 mph",5,36,6,0,0,10,10,0,3,17,0,3,0,23,20,False,73,65,138,1776,1824,19,18,15,14,7,5,1,0,1,0,367,289,287,48,29,80,25,165,31,18,124,34,7,80,8,85,1,0,1,0,0,0,1,1,7,13,RegularSeason,Championship
1985,399,,,,461,478,True,"74° F, Wind 7 mph, Rain",7,6,6,0,10,3,0,0,3,0,10,6,0,19,13,False,55,82,137,1281,2319,4,17,15,20,2,4,1,3,0,2,206,362,112,25,2,94,30,188,33,20,174,49,5,45,7,64,3,2,2,1,1,0,7,4,58,26,RegularSeason,Championship
1985,400,,,,613,750,True,"64° F, Wind 3 mph",9,8,6,7,0,17,14,0,13,0,7,7,0,27,38,False,85,51,136,2171,1429,25,11,19,11,12,5,0,0,0,0,421,287,252,40,28,169,45,199,31,15,88,20,3,19,12,129,1,1,0,0,0,2,3,1,18,11,RegularSeason,Championship
1985,401,,,,1111,3131,True,"72° F, Wind 7 mph",14,37,6,10,3,0,0,0,0,0,0,14,0,14,13,False,88,66,154,2153,1447,12,4,23,20,5,0,2,1,2,0,268,119,66,50,6,202,38,39,36,4,80,30,6,48,16,145,2,2,2,0,0,0,3,3,17,19,RegularSeason,Championship
1985,402,,,,1820,1403,True,"62° F, Wind 15 mph",17,22,6,9,3,0,3,0,0,7,8,14,0,29,15,False,78,58,136,1687,1913,15,13,22,13,9,4,4,0,1,0,344,340,199,40,20,145,38,146,22,9,194,36,3,21,6,40,2,2,0,1,1,0,2,6,11,54,RegularSeason,Championship
1985,403,,,,1879,818,True,"60° F, Wind 10 mph",23,10,6,21,0,3,0,0,17,6,3,14,0,40,24,False,66,83,149,1537,2063,12,21,16,17,3,8,3,3,1,0,307,412,97,28,7,210,38,207,33,24,205,50,4,40,9,72,1,1,0,0,0,1,4,2,35,22,RegularSeason,Championship
1985,404,,,,1975,2034,True,"52° F, Wind 3 mph",24,16,6,0,0,7,10,0,3,14,0,3,0,20,17,False,62,75,137,1603,1997,9,18,15,16,4,6,2,1,0,1,241,354,174,30,12,67,32,192,36,14,162,39,5,40,3,20,0,0,1,1,1,1,2,2,15,15,RegularSeason,Championship
1985,405,,,,2384,1263,True,"77° F, Wind 5 mph",29,15,6,13,13,14,3,0,14,7,10,7,0,38,43,False,71,59,130,2081,1519,16,9,14,16,5,5,0,3,0,2,483,362,404,38,26,79,33,290,31,16,72,28,10,94,6,50,0,0,1,0,0,1,0,4,0,34,RegularSeason,Championship
1985,406,,,,2467,2545,True,"55° F, Wind 26 mph",30,13,6,14,0,0,7,0,0,6,6,6,0,18,21,False,71,67,138,1917,1683,17,15,16,15,6,5,1,1,1,0,362,349,222,31,18,140,40,151,30,18,198,37,6,65,6,51,1,1,0,0,0,2,3,0,27,0,RegularSeason,Championship
1985,407,,,,2568,2603,True,"85° F, Wind 10 mph",31,12,6,3,17,6,10,0,0,0,0,3,0,3,36,False,67,58,125,2051,1549,23,11,12,13,4,3,1,1,1,0,457,209,253,25,15,204,42,118,30,11,91,28,5,45,14,128,0,0,0,0,0,1,1,1,11,7,RegularSeason,Championship
1985,408,,,,2653,2694,True,"64° F, Wind 13 mph",32,4,6,7,7,7,10,6,0,7,7,17,3,34,37,True,74,77,151,1824,1776,22,22,15,16,8,5,0,2,0,2,489,456,335,49,31,154,25,290,46,27,166,31,8,45,10,91,0,0,0,0,0,0,1,0,7,0,RegularSeason,Championship
1985,409,,,,3151,2774,True,"80° F, Wind 5 mph",38,33,6,0,14,7,7,0,7,7,7,14,0,35,28,False,91,78,169,1988,1612,17,11,20,21,5,6,2,0,1,0,389,371,158,55,14,231,36,241,45,25,130,33,5,44,14,130,2,2,1,1,1,1,4,0,18,0,RegularSeason,Championship
1985,410,,,,3334,2876,True,"77° F, Wind 3 mph",40,34,6,0,10,8,10,0,7,14,0,0,0,21,28,False,76,63,139,1864,1736,18,10,15,14,4,4,1,1,1,0,444,208,280,31,15,164,45,69,24,10,139,39,3,40,11,81,1,0,1,1,0,1,2,1,10,0,RegularSeason,Championship
1985,411,,,,19,52,True,"74° F, Wind 1 mph",1,35,7,10,0,10,0,0,14,0,0,0,0,14,20,False,76,59,135,2055,1545,20,13,18,14,7,2,0,2,0,1,399,303,218,37,21,181,39,158,30,12,145,29,8,55,13,130,0,0,0,1,0,0,3,2,11,8,RegularSeason,Championship
1985,412,,,,88,1751,True,"73° F, Wind 1 mph, Rain",2,21,7,0,0,0,16,0,9,0,14,10,0,33,16,False,69,81,150,1293,2307,10,17,18,20,3,7,2,1,0,1,220,387,115,34,14,105,35,162,48,17,225,33,7,35,11,85,3,0,0,2,0,2,3,2,9,21,RegularSeason,Championship
1985,413,,,,2219,224,True,"66° F, Wind 6 mph",3,27,7,7,3,10,0,0,0,0,3,21,0,24,20,False,72,83,155,2120,1480,11,15,18,21,2,7,1,1,0,1,246,381,89,29,12,157,43,155,43,14,226,40,9,99,11,85,0,0,1,2,2,1,3,0,13,0,RegularSeason,Championship
1985,414,,,,2302,2365,True,"73° F, Wind 9 mph",5,28,7,0,6,8,14,0,7,3,14,0,0,24,28,False,70,66,136,1676,1924,15,13,15,17,6,6,1,0,1,0,374,349,235,43,25,139,27,132,24,13,217,42,2,24,5,55,1,1,1,0,0,0,0,0,0,0,RegularSeason,Championship
1985,415,,,,787,818,True,"70° F, Wind 6 mph, Rain",7,10,7,3,0,0,0,0,3,3,6,6,0,18,3,False,61,84,145,1577,2023,6,13,19,20,2,3,1,1,0,1,140,265,33,29,2,107,32,110,36,14,155,48,8,79,9,76,2,2,0,2,0,2,7,0,58,0,RegularSeason,Championship
1985,416,,,,1283,1329,True,"60° F, Wind 1 mph",9,16,7,0,0,0,0,0,3,3,0,7,0,13,0,False,70,83,153,1424,2176,7,13,21,22,2,5,2,0,1,0,89,276,48,45,6,41,25,64,32,8,212,51,8,81,7,70,1,0,0,2,0,0,2,0,22,0,RegularSeason,Championship
1985,417,,,,3078,3114,True,"72° F, Wind 9 mph, Rain",11,37,7,7,7,3,6,0,10,3,7,13,0,33,23,False,66,77,143,1366,2234,5,18,18,18,1,5,0,1,0,0,218,402,135,39,7,83,27,333,43,24,69,34,6,50,7,65,0,0,0,1,0,2,3,3,25,7,RegularSeason,Championship
1985,418,,,,449,1174,True,"68° F, Wind 10 mph",14,6,7,0,14,3,7,0,6,7,3,6,0,22,24,False,51,82,133,1449,2151,7,21,15,18,5,8,0,0,0,0,144,422,73,27,6,71,24,278,47,30,144,35,5,65,8,65,0,0,0,0,0,2,0,0,0,0,RegularSeason,Championship
1985,419,,,,1042,1525,True,"55° F, Wind 14 mph",18,13,7,0,0,0,3,0,3,9,0,0,0,12,3,False,56,65,121,1678,1922,12,14,14,15,3,6,1,0,1,0,241,300,143,32,14,98,24,124,31,17,176,34,4,28,9,74,3,2,0,2,1,1,2,5,13,16,RegularSeason,Championship
1985,420,,,,1538,1935,True,"73° F, Wind 11 mph, Rain",19,23,7,7,10,0,6,0,0,7,3,0,0,10,23,False,85,36,121,2461,1139,23,6,18,12,6,0,1,0,1,0,375,193,142,35,21,233,50,94,16,4,99,20,8,55,14,155,0,0,1,1,0,0,4,7,25,50,RegularSeason,Championship
1985,421,,,,2743,1691,True,"69° F, Wind 12 mph",20,33,7,7,14,3,7,0,6,14,7,11,0,38,31,False,78,80,158,2078,1522,22,19,15,18,5,9,4,0,2,0,339,366,195,39,21,144,39,302,51,29,64,29,2,20,9,78,0,0,2,0,0,2,1,0,12,0,RegularSeason,Championship
1985,422,,,,2046,2121,True,"59° F, Wind 1 mph",25,34,7,3,14,17,7,0,0,10,7,0,0,17,41,False,71,76,147,1734,1866,16,16,15,18,6,5,1,2,0,1,403,330,224,37,17,179,34,214,42,18,116,34,3,45,6,76,0,0,1,2,0,2,1,0,9,0,RegularSeason,Championship
1985,423,,,,2401,2446,True,"82° F, Wind 3 mph, Rain",26,29,7,7,14,7,0,0,7,17,10,3,0,37,28,False,57,76,133,1708,1892,5,15,15,16,2,5,3,0,0,0,366,406,278,17,8,88,40,257,31,16,149,45,8,90,5,38,1,1,1,3,3,1,8,2,52,6,RegularSeason,Championship
1985,424,,,,2485,2517,True,"66° F, Wind 14 mph",30,8,7,7,6,0,3,0,0,3,7,10,0,20,16,False,65,66,131,1848,1752,17,17,14,16,7,7,0,1,0,1,350,334,263,34,24,87,31,202,30,17,132,36,6,52,9,92,4,2,0,1,1,0,3,4,22,31,RegularSeason,Championship
1985,425,,,,2568,2620,True,"94° F, Wind 7 mph",31,15,7,6,6,13,10,0,3,0,8,0,0,11,35,False,73,64,137,1938,1662,19,14,15,14,5,5,0,2,0,1,383,259,226,29,13,157,44,118,29,14,141,35,6,50,7,54,1,0,1,3,2,3,0,2,0,20,RegularSeason,Championship
1985,426,,,,2643,2705,True,"66° F, Wind 15 mph",32,22,7,14,7,7,14,0,0,10,0,7,0,17,42,False,70,70,140,1767,1833,17,14,10,19,4,6,0,3,0,2,356,292,209,37,21,147,33,163,32,11,129,38,2,14,20,162,0,0,2,4,1,1,0,6,0,52,RegularSeason,Championship
1985,427,,,,1983,2025,True,"66° F, Wind 3 mph",36,24,7,0,6,0,3,0,3,0,3,3,3,12,9,True,84,74,158,1841,1759,16,13,22,18,8,3,2,2,1,1,285,310,175,43,17,110,41,221,32,16,89,42,8,59,13,102,1,1,2,1,0,2,3,0,21,0,RegularSeason,Championship
1985,428,,,,3165,3218,True,"75° F, Wind 10 mph, Rain",38,12,7,0,10,0,0,0,6,3,3,10,0,22,10,False,43,88,131,939,2661,3,22,13,20,0,10,2,1,0,1,133,399,95,28,5,38,15,261,47,26,138,41,3,15,4,35,2,0,0,2,2,1,5,1,28,4,RegularSeason,Championship
1985,429,,,,1382,3285,True,"84° F, Wind 26 mph",39,17,7,7,0,6,3,0,0,12,3,3,0,18,16,False,63,83,146,1664,1936,9,19,17,18,3,5,0,0,0,0,163,453,93,25,10,70,38,292,38,19,161,45,10,95,9,85,0,0,0,2,2,0,0,0,0,0,RegularSeason,Championship
1985,430,,,,3321,309,True,"83° F, Wind 6 mph",40,4,7,7,13,0,13,0,6,3,3,7,0,19,33,False,69,67,136,1956,1644,21,21,16,11,10,2,0,1,0,0,442,424,195,25,16,247,44,361,45,29,63,22,6,47,9,48,1,0,0,0,0,0,3,1,11,12,RegularSeason,Championship
1985,431,,,,24,52,True,"45° F, Wind 15 mph",1,7,8,14,10,20,14,0,0,0,0,0,0,0,58,False,75,49,124,2219,1381,18,3,12,16,5,0,0,2,0,0,420,100,168,35,22,252,40,53,27,2,47,22,2,15,9,66,1,0,1,0,0,0,0,5,0,42,RegularSeason,Championship
1985,432,,,,2568,2602,True,"36° F, Wind 12 mph, Rain",2,31,8,3,0,0,0,0,7,3,7,13,0,30,3,False,85,86,171,1538,2062,13,20,21,21,3,6,3,0,1,0,213,365,117,43,12,96,42,164,36,18,201,50,11,98,12,114,2,0,1,0,0,0,2,0,7,0,RegularSeason,Championship
1985,433,,,,2653,2694,True,"48° F, Wind 10 mph",3,32,8,0,17,0,0,0,17,14,0,10,0,41,17,False,49,70,119,1415,2185,7,14,12,16,3,7,0,0,0,0,248,457,111,18,7,137,31,294,32,21,163,38,4,32,5,34,1,0,2,1,0,0,1,1,6,1,RegularSeason,Championship
1985,434,,,,262,2111,True,"33° F, Wind 3 mph",4,25,8,3,13,7,3,0,0,0,7,6,0,13,26,False,85,51,136,2688,912,29,10,15,12,7,2,2,2,0,1,400,234,203,26,21,197,59,75,24,5,159,27,4,40,13,104,2,0,1,0,0,0,1,0,10,0,RegularSeason,Championship
1985,435,,,,355,393,True,"44° F, Wind 2 mph",5,9,8,14,7,14,14,0,0,3,0,7,0,10,49,False,74,65,139,2443,1157,19,6,14,18,5,1,1,3,0,1,572,137,383,35,23,189,39,63,42,5,74,23,6,38,6,46,2,2,0,0,0,0,1,2,7,23,RegularSeason,Championship
1985,436,,,,868,922,True,"29° F, Wind 10 mph",6,11,8,10,7,0,7,0,7,3,3,14,0,27,24,False,83,63,146,2156,1444,18,7,15,19,5,4,0,2,0,1,401,285,308,45,25,93,38,222,39,7,63,24,6,48,8,82,5,2,3,1,0,0,2,2,13,21,RegularSeason,Championship
1985,437,,,,613,1517,True,"26° F, Wind 15 mph",8,18,8,14,13,0,10,0,7,10,24,24,0,65,37,False,58,73,131,1323,2277,10,18,10,15,3,6,1,0,0,0,398,497,244,35,11,154,23,230,35,18,267,38,7,42,11,130,3,2,4,2,0,1,2,5,11,37,RegularSeason,Championship
1985,438,,,,3078,818,True,"36° F, Wind 13 mph",10,37,8,3,10,3,7,0,3,0,7,3,0,13,23,False,83,70,153,2022,1578,18,12,21,16,10,3,0,2,0,1,342,315,172,28,16,170,55,218,31,15,97,39,5,46,14,122,2,1,0,2,1,0,0,0,0,0,RegularSeason,Championship
1985,439,,,,954,1010,True,"38° F, Wind 2 mph",12,20,8,7,13,0,14,0,0,0,7,7,0,14,34,False,72,63,135,1964,1636,17,14,18,13,8,3,0,2,0,1,331,311,275,46,27,56,26,222,35,21,89,28,7,55,3,25,1,0,0,4,1,2,2,3,10,18,RegularSeason,Championship
1985,440,,,,1537,1585,True,"42° F, Wind 10 mph",14,19,8,0,7,3,0,0,0,7,7,0,0,14,10,False,55,73,128,1686,1914,7,14,18,17,4,4,0,1,0,1,150,296,77,31,7,73,24,138,33,14,158,40,3,25,7,45,2,2,0,0,0,2,6,1,42,6,RegularSeason,Championship
1985,441,,,,2740,1259,True,"50° F, Wind 11 mph, Rain",15,33,8,0,13,7,0,0,0,0,10,6,0,16,20,False,62,94,156,1823,1777,11,22,16,23,4,10,0,3,0,1,245,460,161,28,13,84,34,392,61,32,68,33,5,45,11,88,0,0,1,0,0,2,3,1,25,7,RegularSeason,Championship
1985,442,,,,1042,1092,True,"38° F, Wind 9 mph",16,13,8,0,13,7,3,0,3,0,0,7,0,10,23,False,82,60,142,2331,1269,17,14,20,15,8,2,2,3,2,2,313,297,138,24,15,175,58,240,38,17,57,22,4,30,9,70,0,0,1,1,0,0,0,1,0,7,RegularSeason,Championship
1985,443,,,,1804,2848,True,"48° F, Wind 4 mph",22,34,8,7,13,7,0,0,0,0,0,0,0,0,27,False,67,62,129,2104,1496,16,7,13,20,2,4,1,0,0,0,297,94,65,23,7,232,44,44,34,5,50,28,5,35,11,85,0,0,1,0,0,0,4,2,34,13,RegularSeason,Championship
1985,444,,,,2983,2535,True,"31° F, Wind 5 mph, Snow",30,36,8,0,6,0,7,0,0,0,3,10,7,20,13,True,84,71,155,1883,1717,17,15,22,15,8,5,1,2,0,2,269,306,85,34,11,184,50,185,44,20,121,27,9,89,10,105,0,0,0,2,1,2,1,2,0,21,RegularSeason,Championship
1985,445,,,,2160,3200,True,"49° F, Wind 2 mph",38,26,8,0,3,3,21,0,7,3,0,7,0,17,27,False,69,63,132,1711,1889,10,7,21,17,7,2,0,2,0,2,297,275,129,38,9,168,31,149,25,3,126,38,4,30,7,74,0,0,0,2,2,0,2,5,9,32,RegularSeason,Championship
1985,446,,,,3318,3388,True,"61° F, Wind 12 mph",40,39,8,7,0,7,14,0,0,3,14,8,0,25,28,False,78,58,136,2044,1556,21,11,16,11,10,4,0,0,0,0,447,306,229,30,15,218,48,160,24,14,146,34,5,53,10,110,1,1,0,2,1,1,0,0,0,0,RegularSeason,Championship
1985,447,,,,19,52,True,"39° F, Wind 2 mph",1,14,9,10,6,10,7,0,0,0,3,3,0,6,33,False,77,47,124,2344,1256,23,6,12,15,5,1,0,0,0,0,411,182,223,33,20,188,44,66,26,5,116,21,2,25,11,97,1,1,2,1,0,0,1,3,6,23,RegularSeason,Championship
1985,448,,,,94,138,True,"38° F, Wind 15 mph",2,38,9,7,7,0,0,0,10,3,0,0,0,13,14,False,78,71,149,1845,1755,16,7,17,20,5,3,0,2,0,1,380,176,114,30,12,266,48,124,41,12,52,30,2,15,8,70,3,2,1,1,1,0,2,3,14,22,RegularSeason,Championship
1985,449,,,,3334,3375,True,"53° F, Wind 6 mph",3,40,9,0,10,7,7,0,7,7,10,7,0,31,24,False,65,73,138,1391,2209,15,23,13,14,5,8,1,0,1,0,356,626,105,27,11,251,38,336,28,18,290,45,0,0,9,65,1,0,2,0,0,2,0,2,0,5,RegularSeason,Championship
1985,450,,,,1788,1861,True,"41° F, Wind 5 mph",4,22,9,10,14,7,0,0,7,3,7,14,7,38,31,True,74,60,134,1934,1666,19,15,14,14,5,4,2,3,1,2,288,506,112,22,12,176,52,345,32,15,161,28,9,89,11,114,0,0,1,0,0,0,0,4,0,38,RegularSeason,Championship
1985,451,,,,350,393,True,"53° F, Wind 2 mph",5,30,9,0,3,10,28,0,0,7,0,0,0,7,41,False,71,67,138,1903,1697,19,14,16,18,9,8,1,2,1,1,573,291,349,38,27,224,33,176,32,16,115,35,2,30,10,85,1,0,0,1,1,0,0,2,0,13,RegularSeason,Championship
1985,452,,,,432,818,True,"31° F, Wind 3 mph",6,10,9,7,3,14,14,0,3,7,3,0,0,13,38,False,78,60,138,2308,1292,19,7,15,17,7,4,0,2,0,0,455,168,214,34,19,241,44,109,30,16,59,30,8,53,10,110,2,1,2,2,2,0,1,2,7,12,RegularSeason,Championship
1985,453,,,,2896,2948,True,"36° F, Wind 3 mph",7,35,9,0,0,0,20,0,13,7,0,3,0,23,20,False,71,66,137,1726,1874,8,10,19,18,4,5,3,0,0,0,214,345,38,32,3,176,39,144,33,14,201,33,5,25,9,85,0,0,0,0,0,1,3,1,18,6,RegularSeason,Championship
1985,454,,,,1297,1320,True,"24° F, Wind 12 mph",8,16,9,0,7,3,0,0,14,13,3,3,0,33,10,False,65,78,143,1348,2252,15,21,14,15,5,6,2,0,0,0,269,419,162,34,11,107,31,303,41,23,116,37,6,55,12,97,2,2,1,0,0,0,1,0,6,0,RegularSeason,Championship
1985,455,,,,5413,2350,True,"26° F, Wind 5 mph, Snow",9,28,9,3,6,6,7,0,0,7,7,15,0,29,22,False,79,85,164,1532,2068,11,15,21,17,2,3,1,1,0,0,321,407,193,49,7,128,30,180,38,11,227,47,8,70,9,75,0,0,0,1,1,2,1,2,0,10,RegularSeason,Championship
1985,456,,,,973,1259,True,"31° F, Wind 7 mph",12,15,9,3,0,7,3,0,3,7,0,0,0,10,13,False,84,48,132,2243,1357,21,5,18,15,7,2,0,1,0,0,309,110,187,42,26,122,42,66,24,8,44,24,4,33,12,114,0,0,1,0,0,0,0,4,0,26,RegularSeason,Championship
1985,457,,,,1042,1099,True,"32° F, Wind 10 mph",13,36,9,7,7,0,3,0,7,7,14,3,0,31,17,False,96,61,157,2134,1466,25,16,20,11,8,2,3,0,2,0,437,279,270,51,27,167,45,174,29,16,105,32,8,58,12,77,1,0,2,1,0,2,1,4,4,15,RegularSeason,Championship
1985,458,,,,2046,1420,True,"56° F, Wind 12 mph",17,25,9,6,10,0,0,0,3,7,3,0,0,13,16,False,81,88,169,1797,1803,15,19,16,22,0,5,0,1,0,1,302,392,138,40,16,164,41,84,40,11,308,48,11,85,13,145,0,0,1,2,1,1,0,3,0,27,RegularSeason,Championship
1985,459,,,,1879,893,True,"28° F, Wind 2 mph",23,11,9,0,14,7,20,0,0,0,10,0,0,10,41,False,65,64,129,2088,1512,12,4,14,20,3,1,1,2,1,0,343,133,184,17,7,159,48,70,38,8,63,26,0,0,11,101,5,4,0,0,0,0,7,3,59,22,RegularSeason,Championship
1985,460,,,,1973,1998,True,"29° F, Wind 5 mph",24,18,9,6,0,7,7,6,3,0,7,10,3,23,26,True,71,70,141,1829,1771,15,19,19,13,7,3,3,1,1,0,432,428,326,29,17,106,42,258,43,22,170,27,3,25,9,75,0,0,0,1,1,0,3,1,13,11,RegularSeason,Championship
1985,461,,,,2398,2434,True,"49° F, Wind 7 mph",29,20,9,7,14,3,14,0,9,3,3,0,0,15,38,False,58,71,129,1729,1871,11,12,12,18,5,3,1,3,0,2,454,371,268,21,12,186,37,282,43,20,89,28,4,20,5,30,0,0,0,0,0,0,0,0,0,0,RegularSeason,Championship
1985,462,,,,2560,2620,True,"60° F, Wind 4 mph",31,21,9,0,7,3,21,0,7,3,7,0,0,17,31,False,68,79,147,1385,2215,16,18,12,18,5,9,1,4,0,2,323,333,199,36,19,124,32,191,39,18,142,40,4,35,13,125,0,0,1,0,0,2,1,0,7,0,RegularSeason,Championship
1985,463,,,,2643,2708,True,"38° F, Wind 9 mph",32,27,9,14,14,6,0,0,7,0,7,6,0,20,34,False,73,87,160,1842,1758,13,18,17,19,6,7,1,2,1,0,291,377,185,35,19,106,38,255,52,28,122,35,7,60,10,70,1,1,0,1,0,1,1,1,7,10,RegularSeason,Championship
1985,464,,,,2727,2774,True,"36° F, Wind 15 mph",33,26,9,3,7,7,14,0,0,3,0,0,0,3,31,False,73,73,146,1875,1725,15,9,16,23,5,4,0,2,0,0,416,166,217,42,20,199,31,11,34,1,155,39,7,60,10,70,1,0,3,0,0,0,2,5,5,43,RegularSeason,Championship
1985,465,,,,3252,3285,True,"29° F, Wind 10 mph, Snow",34,39,9,0,0,0,0,0,6,0,0,14,0,20,0,False,68,79,147,1461,2139,7,12,20,23,3,8,1,0,0,0,148,211,29,36,3,119,32,160,35,13,51,44,13,99,4,20,0,0,0,0,0,0,2,1,13,7,RegularSeason,Championship
1985,466,,,,3078,3132,True,"35° F, Wind 8 mph",37,19,9,14,7,0,10,0,3,10,8,7,0,28,31,False,64,87,151,1651,1949,9,13,17,21,3,5,0,2,0,1,247,408,150,34,13,97,30,283,49,22,125,38,8,53,8,65,1,0,1,0,0,1,2,1,8,4,RegularSeason,Championship
1985,467,,,,2896,2962,True,"22° F, Wind 4 mph",10,35,10,3,3,7,10,0,14,14,7,0,0,35,23,False,74,68,142,1760,1840,15,17,19,14,8,6,0,0,0,0,290,364,155,37,18,135,37,144,31,14,220,37,5,60,4,25,0,0,1,0,0,0,0,0,0,0,RegularSeason,Championship
1985,468,,,,879,45,True,"34° F, Wind 8 mph",11,1,10,0,7,0,0,0,3,6,14,3,0,26,7,False,63,74,137,1305,2295,11,17,15,19,1,10,3,0,1,0,189,434,100,36,9,89,27,246,31,22,188,43,5,35,9,90,0,0,0,3,2,0,2,2,9,14,RegularSeason,Championship
1985,469,,,,1210,1771,True,"49° F, Wind 10 mph, Rain",15,21,10,0,3,0,14,0,14,3,14,3,0,34,17,False,73,58,131,1851,1749,13,12,16,14,4,3,3,1,3,1,267,256,145,36,16,122,37,142,24,10,114,34,9,105,12,90,1,1,3,1,0,0,3,0,13,0,RegularSeason,Championship
1985,470,,,,2317,2350,True,"37° F, Wind 3 mph, Rain",16,28,10,3,0,0,3,0,0,7,7,7,0,21,6,False,66,75,141,1555,2045,8,10,19,17,3,4,2,0,1,0,229,222,89,37,8,140,29,99,28,13,123,47,6,39,8,60,2,2,0,1,1,0,3,1,21,10,RegularSeason,Championship
1985,471,,,,3321,3368,True,"48° F, Wind 4 mph",17,40,10,0,7,7,0,0,14,3,3,10,0,30,14,False,73,83,156,1404,2196,11,19,20,19,5,5,3,1,3,1,264,377,89,44,14,175,29,199,35,16,178,48,12,88,7,60,0,0,0,0,0,0,1,1,6,5,RegularSeason,Championship
1985,472,,,,364,393,True,"21° F, Wind 3 mph",18,5,10,3,7,3,3,0,7,14,6,0,0,27,16,False,61,68,129,1321,2279,11,23,16,12,4,3,1,0,0,0,272,566,94,33,11,178,28,390,37,26,176,31,6,40,6,70,1,1,0,1,0,0,1,1,7,7,RegularSeason,Championship
1985,473,,,,1633,1688,True,"54° F, Wind 4 mph",20,2,10,7,3,0,10,0,7,0,3,7,0,17,20,False,78,84,162,2012,1588,18,13,16,20,3,3,0,2,0,2,359,273,211,49,18,148,29,171,42,20,102,42,7,65,14,117,1,1,2,1,0,1,2,1,13,12,RegularSeason,Championship
1985,474,,,,1793,1854,True,"41° F, Wind 15 mph",22,27,10,13,10,7,12,0,7,7,3,3,0,20,42,False,72,79,151,2211,1389,16,18,19,17,9,6,0,1,0,1,477,351,212,23,12,265,49,222,41,20,129,38,9,90,16,135,2,0,0,1,1,1,7,1,56,1,RegularSeason,Championship
1985,475,,,,1893,1159,True,"34° F, Wind 14 mph",23,14,10,0,0,7,14,0,0,0,0,0,0,0,21,False,64,48,112,2004,1596,18,6,13,13,4,1,0,0,0,0,497,186,309,27,15,188,37,41,23,5,145,25,7,75,9,84,1,0,0,0,0,1,6,3,38,24,RegularSeason,Championship
1985,476,,,,1973,2025,True,"30° F, Wind 6 mph",24,30,10,10,9,13,7,0,3,3,0,3,0,9,39,False,56,73,129,1606,1994,9,15,14,18,3,5,1,2,1,0,423,268,337,29,18,86,27,151,36,14,117,37,9,105,7,50,0,0,0,1,1,1,1,3,9,19,RegularSeason,Championship
1985,477,,,,188,228,True,"48° F, Wind 15 mph",25,3,10,0,10,0,7,0,10,3,0,3,0,16,17,False,79,65,144,1516,2084,18,13,16,16,5,3,1,1,1,1,357,378,122,36,13,235,43,276,30,17,102,35,8,84,13,92,1,1,0,0,0,0,1,1,0,0,RegularSeason,Championship
1985,478,,,,2401,3226,True,"46° F, Wind 8 mph, Rain",29,38,10,3,27,0,14,0,3,24,7,0,0,34,44,False,92,59,151,2365,1235,20,3,16,18,7,0,0,1,0,0,519,192,312,41,19,207,51,66,40,2,126,19,8,54,9,63,2,2,4,0,0,0,0,2,0,8,RegularSeason,Championship
1985,479,,,,262,1437,True,"43° F, Wind 5 mph",4,17,11,6,0,7,0,0,0,6,3,14,0,23,13,False,78,84,162,1992,1608,10,13,21,23,3,5,2,2,1,2,227,327,41,39,3,186,39,156,42,16,171,42,11,99,14,110,0,0,1,0,0,0,2,1,15,8,RegularSeason,Championship
1985,480,,,,449,1935,True,"29° F, Wind 9 mph",6,23,11,7,14,14,0,0,0,7,0,7,0,14,35,False,63,63,126,2161,1439,15,16,13,12,2,1,0,1,0,1,373,307,236,29,20,137,34,148,30,9,159,33,5,44,6,37,1,0,1,4,3,2,2,3,22,26,RegularSeason,Championship
1985,481,,,,1973,646,True,"20° F, Wind 32 mph",8,24,11,3,0,3,3,0,3,3,0,0,0,6,9,False,70,88,158,1335,2265,9,16,18,23,1,6,1,3,1,0,156,369,8,38,3,148,32,227,33,18,142,55,9,76,8,85,1,1,1,2,1,1,2,2,13,16,RegularSeason,Championship
1985,482,,,,2,73,True,"23° F, Wind 3 mph",10,1,11,7,16,0,0,0,7,0,21,13,0,41,23,False,70,77,147,1630,1970,15,24,14,14,4,7,1,0,1,0,367,524,160,28,15,207,42,301,38,27,223,39,5,50,7,50,1,0,2,0,0,1,0,1,0,7,RegularSeason,Championship
1985,483,,,,518,553,True,"24° F, Wind 11 mph, Snow",11,7,11,0,0,0,0,0,7,0,7,7,0,21,0,False,82,54,136,1819,1781,11,9,23,15,5,3,2,0,0,0,187,359,51,46,4,136,36,168,19,5,191,35,7,40,8,55,1,0,1,4,3,0,4,8,32,54,RegularSeason,Championship
1985,484,,,,2398,2452,True,"24° F, Wind 12 mph",12,29,11,7,3,0,0,0,14,10,10,7,0,41,10,False,67,64,131,1786,1814,14,10,12,16,1,5,1,0,0,0,236,345,177,41,18,59,26,257,28,16,88,36,9,50,8,60,0,0,5,1,1,0,1,1,3,7,RegularSeason,Championship
1985,485,,,,1042,2364,True,"18° F, Wind 4 mph, Snow",13,28,11,0,0,14,10,0,7,13,0,0,0,20,24,False,71,72,143,1535,2065,15,19,17,14,7,4,2,1,0,0,384,387,303,41,22,81,30,216,27,16,171,45,6,51,9,90,3,1,0,3,1,0,2,2,11,15,RegularSeason,Championship
1985,486,,,,1210,1244,True,"42° F, Wind 13 mph",15,2,11,0,17,3,31,0,0,10,0,0,0,10,51,False,75,74,149,2151,1449,14,10,17,20,6,2,0,3,0,0,406,228,330,37,23,76,38,126,40,14,102,34,8,65,15,127,1,1,0,1,0,0,2,0,13,0,RegularSeason,Championship
1985,487,,,,361,1334,True,"30° F, Wind 7 mph, Snow",16,5,11,0,3,0,14,0,3,3,10,7,0,23,17,False,67,73,140,1387,2213,14,21,16,17,5,9,2,1,2,1,255,480,123,33,14,132,34,317,44,29,163,29,6,50,7,65,1,0,0,2,1,0,1,0,0,0,RegularSeason,Championship
1985,488,,,,1452,1500,True,"7° F, Wind 12 mph",18,9,11,0,13,10,10,0,0,0,0,0,0,0,33,False,91,43,134,2754,846,27,3,17,12,6,0,2,1,1,0,526,89,241,43,22,285,48,27,23,3,62,20,3,40,9,62,0,0,0,1,1,0,0,1,0,9,RegularSeason,Championship
1985,489,,,,2568,1674,True,"45° F, Wind 7 mph",20,31,11,0,7,7,0,0,3,10,7,7,0,27,14,False,80,62,142,2097,1503,21,15,16,15,5,6,3,0,1,0,319,395,206,42,21,113,38,194,25,11,201,37,6,49,12,124,0,0,1,1,0,1,1,1,10,6,RegularSeason,Championship
1985,490,,,,188,241,True,"40° F, Wind 15 mph",22,3,11,0,14,0,3,0,10,7,7,3,0,27,17,False,58,57,115,1700,1900,11,10,13,12,2,1,3,1,0,0,291,340,164,23,7,127,35,257,24,18,83,33,5,43,7,70,1,0,1,0,0,0,4,0,35,0,RegularSeason,Championship
1985,491,,,,2653,2110,True,"38° F, Wind 13 mph",25,32,11,7,7,9,0,0,7,7,0,14,0,28,23,False,85,79,164,1740,1860,15,15,21,20,7,6,1,2,0,1,363,352,232,43,20,131,42,248,46,24,104,33,9,99,7,60,1,1,2,1,0,3,2,4,10,5,RegularSeason,Championship
1985,492,,,,2739,1751,True,"30° F, Wind 14 mph, Snow",33,21,11,14,7,13,3,0,7,3,3,0,0,13,37,False,68,80,148,1823,1777,14,15,16,20,6,6,0,3,0,1,418,263,252,33,18,166,35,106,40,13,157,40,4,30,8,69,1,0,0,1,1,0,1,0,7,0,RegularSeason,Championship
1985,493,,,,2827,2865,True,"30° F, Wind 7 mph",34,27,11,0,3,6,7,0,14,0,3,7,0,24,16,False,71,85,156,1563,2037,12,17,17,22,5,10,2,0,0,0,271,299,167,43,14,104,28,173,43,25,126,42,8,75,12,98,2,1,2,1,1,1,1,2,6,15,RegularSeason,Championship
1985,494,,,,3078,2961,True,"18° F, Wind 15 mph",37,35,11,3,0,7,10,6,0,7,3,10,0,20,26,True,73,86,159,1746,1854,15,20,17,18,5,6,1,2,1,0,413,386,270,41,24,143,32,173,36,17,213,50,3,16,7,80,0,0,2,1,1,1,2,0,7,0,RegularSeason,Championship
1985,495,,,,1879,1923,True,"38° F, Wind 15 mph, Rain",7,23,12,3,0,3,3,0,0,10,0,15,0,25,9,False,52,79,131,1412,2188,4,19,17,19,1,6,3,2,1,1,78,342,37,26,2,41,26,110,27,9,232,52,6,60,6,58,1,0,1,1,1,0,8,5,66,39,RegularSeason,Championship
1985,496,,,,1973,732,True,"30° F, Wind 13 mph",9,24,12,7,10,0,0,0,0,3,7,17,0,27,17,False,73,81,154,1521,2079,8,14,20,19,5,7,2,0,0,0,174,439,64,41,8,110,32,274,39,20,165,42,3,15,6,60,1,1,0,1,1,1,1,2,5,12,RegularSeason,Championship
1985,497,,,,1042,406,True,"19° F, Wind 10 mph, Snow",13,5,12,7,0,0,14,0,0,10,7,7,0,24,21,False,76,59,135,1998,1602,17,9,21,15,11,5,1,1,1,1,377,277,283,34,21,94,42,156,26,14,121,33,10,70,8,70,1,0,1,1,0,1,2,0,14,0,RegularSeason,Championship
1985,498,,,,432,1600,True,"35° F, Wind 5 mph",19,6,12,7,13,3,7,0,0,0,6,10,0,16,30,False,70,65,135,2118,1482,21,13,13,12,3,2,2,2,2,1,401,359,222,33,24,179,37,132,33,16,227,32,8,60,10,100,0,0,1,0,0,2,1,0,10,0,RegularSeason,Championship
1985,499,,,,1738,1751,True,"59° F, Wind 1 mph",21,38,12,0,10,10,17,0,0,10,0,0,0,10,37,False,86,56,142,2368,1232,15,1,20,18,6,0,1,3,1,0,324,88,151,41,15,173,45,43,37,7,45,19,2,19,10,95,3,1,2,1,0,0,1,6,6,42,RegularSeason,Championship
1985,500,,,,2128,990,True,"56° F, Wind 3 mph",26,12,12,3,0,7,14,0,0,3,0,0,0,3,24,False,59,54,113,2156,1444,13,7,16,16,8,2,0,2,0,1,472,155,336,19,11,136,40,87,25,9,68,29,5,40,7,55,3,2,0,0,0,0,9,1,44,7,RegularSeason,Championship
1985,501,,,,3321,3393,True,"29° F, Wind 15 mph, Snow",27,40,12,3,7,14,7,0,7,14,7,0,0,28,31,False,82,77,159,1790,1810,19,14,19,18,5,5,2,2,1,1,425,398,162,44,19,263,38,192,37,15,206,40,9,86,8,55,1,0,2,0,0,1,2,2,11,18,RegularSeason,Championship
1985,502,,,,2297,2350,True,"15° F, Wind 4 mph, Snow",28,30,12,13,0,0,14,0,0,0,0,3,0,3,27,False,69,67,136,2219,1381,16,10,15,20,5,6,0,2,0,0,349,239,214,30,21,135,39,131,41,17,108,26,3,35,14,112,2,0,1,3,1,0,3,2,16,16,RegularSeason,Championship
1985,503,,,,2398,2431,True,"53° F, Wind 11 mph",31,29,12,3,7,3,0,0,3,7,7,10,0,27,13,False,76,75,151,1697,1903,17,18,18,16,4,5,2,0,1,0,296,432,151,37,13,145,39,280,32,15,152,43,5,37,15,112,0,0,0,0,0,0,1,0,9,0,RegularSeason,Championship
1985,504,,,,1366,2705,True,"25° F, Wind 8 mph",32,17,12,7,20,7,9,0,0,0,0,7,0,7,43,False,57,91,148,1682,1918,12,21,9,22,1,8,0,2,0,1,406,433,216,27,17,190,30,182,34,16,251,57,10,51,12,75,0,0,0,1,1,0,0,1,0,4,RegularSeason,Championship
1985,505,,,,2740,2792,True,"32° F, Wind 7 mph",33,2,12,3,21,0,17,0,10,0,10,7,0,27,41,False,84,83,167,2053,1547,13,8,22,21,5,2,0,0,0,0,334,317,229,38,19,105,46,177,46,13,140,37,7,55,18,150,2,1,0,1,0,2,4,0,33,0,RegularSeason,Championship
1985,506,,,,188,2881,True,"26° F, Wind 12 mph",34,3,12,0,7,21,0,0,3,3,13,7,0,26,28,False,70,66,136,1842,1758,17,10,17,17,7,7,2,1,1,0,431,339,294,29,19,137,41,206,27,10,133,39,7,73,9,76,1,0,0,0,0,1,1,0,5,0,RegularSeason,Championship
1985,507,,,,2896,2948,True,"33° F, Wind 1 mph, Snow",35,14,12,7,7,7,10,0,3,10,0,0,0,13,31,False,85,64,149,2055,1545,18,7,22,21,11,4,0,4,0,3,362,136,189,46,24,173,39,51,41,6,85,23,6,50,9,87,0,0,0,2,0,0,1,4,7,27,RegularSeason,Championship
1985,508,,,,2983,3019,True,"24° F, Wind 34 mph, Snow",36,8,12,7,3,17,14,0,0,0,0,0,0,0,41,False,70,64,134,2217,1383,17,7,14,19,4,2,0,3,0,1,464,201,250,26,15,214,44,100,34,6,101,30,5,35,7,60,1,1,0,1,0,1,2,3,23,19,RegularSeason,Championship
1985,509,,,,3078,74,True,"29° F, Wind 3 mph",37,1,12,14,7,10,3,0,14,10,13,14,0,51,34,False,65,75,140,1413,2187,15,20,15,16,6,8,2,1,0,1,476,515,250,28,12,226,37,265,33,26,250,42,7,66,10,75,0,0,1,0,0,0,0,0,0,0,RegularSeason,Championship
1985,510,,,,3253,3285,True,"63° F, Wind 15 mph",39,4,12,0,20,0,7,0,3,14,0,0,0,17,27,False,71,62,133,2206,1394,15,7,14,17,1,1,0,3,0,0,387,204,195,25,15,192,46,65,37,4,139,25,7,57,13,115,0,0,0,0,0,0,0,2,0,13,RegularSeason,Championship
1985,511,,,,1023,1072,True,"23° F, Wind 11 mph, Snow",13,9,13,7,14,7,14,0,0,0,0,0,0,0,42,False,81,59,140,2384,1216,18,5,15,17,2,1,1,1,1,0,412,107,227,34,18,185,47,36,34,3,71,25,5,28,12,96,2,0,0,1,1,1,0,1,0,11,RegularSeason,Championship
1985,512,,,,1614,1585,True,"32° F, Wind 14 mph",19,11,13,10,3,10,6,0,0,0,0,0,0,0,29,False,81,56,137,2237,1363,16,5,22,18,7,2,0,1,0,0,324,199,181,42,17,143,39,131,30,5,68,26,2,30,7,64,1,0,0,0,0,0,2,3,17,18,RegularSeason,Championship
1985,513,,,,1725,987,True,"66° F, Wind 14 mph",21,12,13,0,10,7,3,0,3,0,7,0,0,10,20,False,68,64,132,2063,1537,13,12,18,17,4,3,1,1,1,1,264,316,112,37,13,152,31,191,38,16,125,26,8,57,8,68,1,0,0,0,0,0,2,4,11,20,RegularSeason,Championship
1985,514,,,,2143,2194,True,"54° F, Wind 10 mph",26,20,13,7,3,14,7,0,0,0,7,0,0,7,31,False,65,67,132,2041,1559,10,12,16,17,5,4,0,3,0,0,265,228,130,18,5,135,47,159,37,18,69,30,5,42,10,86,1,0,1,2,1,1,3,2,24,11,RegularSeason,Championship
1985,515,,,,2216,2262,True,"29° F, Wind 5 mph",27,4,13,14,0,10,21,0,0,3,0,10,0,13,45,False,86,56,142,2287,1313,22,8,19,14,10,1,0,1,0,0,403,218,216,41,23,187,45,132,30,10,86,26,5,50,12,102,1,0,0,1,1,0,1,4,5,32,RegularSeason,Championship
1985,516,,,,613,2364,True,"20° F, Wind 11 mph",28,8,13,10,13,0,7,0,0,0,7,15,0,22,30,False,68,71,139,2136,1464,15,12,16,16,6,1,0,5,0,4,391,351,179,24,14,212,44,236,49,19,115,22,4,38,10,90,1,0,1,0,0,1,1,1,4,4,RegularSeason,Championship
1985,517,,,,2560,2603,True,"28° F, Wind 13 mph",33,31,13,7,13,3,14,0,7,0,0,6,0,13,37,False,79,75,154,1889,1711,21,17,17,17,7,4,0,1,0,0,335,401,214,39,22,121,40,114,30,10,287,45,4,20,15,100,1,0,0,1,0,0,1,0,11,0,RegularSeason,Championship
1985,518,,,,2639,2716,True,"31° F, Wind 2 mph",34,32,13,6,0,7,3,0,14,7,3,14,0,38,16,False,80,71,151,1906,1694,12,13,17,15,3,4,2,0,0,0,364,435,134,40,13,230,40,363,42,19,72,29,12,91,12,100,1,1,3,0,0,1,2,0,25,0,RegularSeason,Championship
1985,519,,,,443,2964,True,"23° F, Wind 5 mph",35,6,13,7,0,14,0,0,10,7,7,17,0,41,21,False,56,74,130,1377,2223,8,15,15,18,5,8,2,0,0,0,366,435,190,29,13,176,27,300,38,24,135,36,3,25,3,25,3,2,0,1,0,1,3,0,20,0,RegularSeason,Championship
1985,520,,,,1447,3054,True,"24° F, Wind 6 mph",36,18,13,0,0,7,3,0,13,7,0,13,0,33,10,False,59,73,132,1230,2370,9,20,15,14,3,6,2,0,0,0,216,437,117,32,13,99,27,320,39,26,117,34,8,81,8,78,3,1,0,1,1,1,1,2,0,14,RegularSeason,Championship
1985,521,,,,3063,3114,True,"26° F, Wind 5 mph",37,7,13,7,10,14,7,0,10,0,3,0,0,13,38,False,82,44,126,2489,1111,23,5,16,12,8,0,1,1,0,0,431,162,196,29,18,235,53,0,22,0,162,22,1,15,11,132,0,0,0,0,0,1,2,3,14,16,RegularSeason,Championship
1985,522,,,,2046,3302,True,"57° F, Wind 3 mph",39,25,13,0,13,7,10,0,7,0,7,0,0,14,30,False,80,71,151,2197,1403,15,11,17,17,5,4,0,1,0,0,265,309,195,42,27,70,38,104,35,12,205,36,10,89,17,170,1,1,1,0,0,2,0,1,0,9,RegularSeason,Championship
1985,523,,,,19,52,True,"22° F, Wind 7 mph",23,1,14,0,14,0,14,0,3,3,11,10,0,27,28,False,62,68,130,1740,1860,12,18,17,14,5,5,3,0,3,0,380,457,163,26,7,217,36,331,35,23,126,33,4,20,6,25,2,1,0,2,1,0,3,3,26,13,RegularSeason,Championship
1985,524,,,,432,3133,True,"36° F, Wind 12 mph, Rain",6,37,14,0,3,10,13,0,7,3,0,0,0,10,26,False,69,71,140,1819,1781,17,9,12,20,1,7,1,2,1,0,422,251,244,36,19,178,33,172,34,15,79,37,6,42,12,99,1,1,1,0,0,1,1,2,11,10,RegularSeason,Championship
1985,525,,,,775,818,True,"35° F, Wind 13 mph, Snow",14,10,14,0,0,0,0,0,17,3,14,14,0,48,0,False,61,76,137,1326,2274,9,19,16,19,1,11,3,0,1,0,136,474,39,35,5,97,26,134,23,12,340,53,7,53,6,45,1,1,0,2,0,0,2,2,16,11,RegularSeason,Championship
1985,526,,,,868,2948,True,"20° F, Wind 4 mph",35,11,14,0,0,7,14,0,7,0,10,7,0,24,21,False,88,58,146,2070,1530,20,10,21,14,7,2,2,0,0,0,415,384,228,47,21,187,41,245,35,10,139,23,9,86,8,60,0,0,0,0,0,1,4,3,24,17,RegularSeason,Championship
1985,527,,,,1551,1585,True,"30° F, Wind 2 mph",19,7,14,13,9,7,10,0,0,0,3,10,0,13,39,False,63,43,106,2182,1418,15,5,13,15,5,1,0,1,0,1,410,198,168,20,13,242,43,154,28,3,44,15,10,80,5,48,2,0,0,2,0,0,0,10,0,69,RegularSeason,Championship
1985,528,,,,1973,2027,True,"24° F, Wind 2 mph",24,5,14,28,21,0,10,0,3,0,0,0,0,3,59,False,62,71,133,1990,1610,13,15,14,16,8,4,0,3,0,2,395,324,270,18,9,125,44,255,41,21,69,30,5,40,9,75,2,0,0,2,1,4,0,2,0,16,RegularSeason,Championship
1985,529,,,,613,646,True,"28° F, Wind 7 mph",8,13,14,0,10,7,17,0,7,0,0,14,0,21,34,False,74,67,141,1944,1656,18,13,16,17,5,4,0,0,0,0,495,298,279,38,22,216,36,217,34,16,81,33,7,53,4,30,0,0,0,1,0,0,0,3,0,17,RegularSeason,Championship
1985,530,,,,2481,1334,True,"19° F, Wind 3 mph",30,16,14,3,10,0,3,0,7,10,0,0,0,17,16,False,90,60,150,1922,1678,14,11,20,16,5,5,2,0,1,0,211,244,152,47,18,59,43,160,32,12,84,28,12,102,9,91,2,1,1,0,0,3,1,2,9,15,RegularSeason,Championship
1985,531,,,,2317,2375,True,"20° F, Wind 5 mph, Snow",28,18,14,14,6,10,7,0,3,0,0,0,0,3,37,False,64,67,131,1874,1726,17,13,12,17,6,5,0,1,0,0,447,297,289,32,23,158,32,151,36,14,146,31,3,29,7,65,4,3,0,2,1,1,0,2,0,23,RegularSeason,Championship
1985,532,,,,2983,3019,True,"25° F, Wind 15 mph",36,9,14,3,3,7,0,0,0,0,0,9,0,9,13,False,78,75,153,2063,1537,13,12,22,18,6,2,0,2,0,0,296,206,109,32,13,187,46,119,40,10,87,35,5,35,6,58,2,0,0,0,0,0,1,1,11,5,RegularSeason,Championship
1985,533,,,,188,1403,True,"50° F, Wind 3 mph",17,3,14,0,3,7,11,0,14,0,7,7,0,28,21,False,71,65,136,1522,2078,18,13,14,14,3,5,1,0,0,0,380,389,190,43,20,190,28,251,30,19,138,35,9,72,8,66,0,0,0,0,0,0,1,1,6,0,RegularSeason,Championship
1985,534,,,,2810,326,True,"36° F, Wind 11 mph",4,34,14,0,3,14,0,0,10,14,0,0,0,24,17,False,66,81,147,1319,2281,6,14,19,21,2,9,1,0,0,0,162,447,33,41,5,129,25,319,38,18,128,43,12,75,8,52,0,0,0,1,1,1,1,1,11,4,RegularSeason,Championship
1985,535,,,,3321,1861,True,"48° F, Wind 3 mph",40,22,14,3,0,0,9,0,3,10,0,14,0,27,12,False,79,70,149,1630,1970,18,15,17,19,4,8,3,0,1,0,430,395,242,49,25,188,30,235,25,10,160,45,8,52,7,55,0,0,2,1,0,0,1,3,5,29,RegularSeason,Championship
1985,536,,,,2216,2110,True,"26° F, Wind 37 mph",27,25,14,7,7,17,14,0,7,0,0,0,0,7,45,False,87,62,149,2376,1224,22,11,19,15,10,4,1,0,1,0,494,232,358,46,31,136,41,95,38,11,137,24,13,101,17,174,1,0,1,1,1,1,0,1,0,6,RegularSeason,Championship
1985,537,,,,2653,3273,True,"68° F, Wind 15 mph",39,32,14,10,0,0,0,0,0,16,6,14,0,36,10,False,59,74,133,1687,1913,12,21,12,15,1,7,2,1,0,1,221,505,119,25,13,102,34,363,44,27,142,30,2,20,12,131,0,0,0,0,0,0,1,1,4,7,RegularSeason,Championship
1985,538,,,,2398,2432,True,"48° F, Wind 15 mph",29,2,14,12,17,10,10,0,14,0,0,3,0,17,49,False,69,64,133,2157,1443,15,11,12,15,1,3,1,2,1,0,519,230,310,19,13,209,50,96,34,11,134,30,9,75,8,63,0,0,0,1,1,0,1,1,11,0,RegularSeason,Championship
1985,539,,,,944,987,True,"28° F, Wind 10 mph",12,33,14,0,0,0,7,0,7,13,0,0,0,20,7,False,79,67,146,2078,1522,13,8,21,19,6,4,0,0,0,0,229,246,85,35,13,144,44,166,35,15,80,32,2,10,10,70,2,1,2,0,0,1,0,4,0,20,RegularSeason,Championship
1985,540,,,,1210,3200,True,"40° F, Wind 11 mph, Rain",38,15,14,14,3,6,7,0,0,7,6,7,0,20,30,False,73,64,137,2038,1562,15,12,19,15,10,4,0,2,0,1,423,259,267,42,22,156,31,204,32,15,55,32,8,60,7,57,3,2,0,2,2,0,3,2,19,19,RegularSeason,Championship
1985,541,,,,1721,1771,True,"61° F, Wind 11 mph",21,20,14,7,0,7,10,0,0,0,0,7,0,7,24,False,67,45,112,2321,1279,17,8,15,11,8,1,0,1,0,1,337,235,146,24,15,191,43,123,22,10,112,23,4,40,8,55,0,0,1,1,1,1,1,3,4,14,RegularSeason,Championship
1985,542,,,,2143,2194,True,"46° F, Wind 10 mph",26,31,14,7,13,0,10,0,6,0,7,0,0,13,30,False,58,73,131,1971,1629,8,13,19,16,5,3,0,1,0,0,277,275,155,21,5,122,37,94,33,15,181,40,7,42,9,67,1,0,0,1,1,2,10,1,65,11,RegularSeason,Championship
