Season,GameID,OPOGPlayerID,DPOGPlayerID,Simmed,Weather,HomeTeamID,AwayTeamID,Week,HomeScore1Q,HomeScore2Q,HomeScore3Q,HomeScore4Q,HomeScoreOT,AwayScore1Q,AwayScore2Q,AwayScore3Q,AwayScore4Q,AwayScoreOT,AwayScore,HomeScore,Overtime,HomePlaysRun,AwayPlaysRun,PlaysRun,HomeTOP,AwayTOP,Home1stDowns,Away1stDowns,Home3rdDownAtt,Away3rdDownAtt,Home3rdDownComp,Away3rdDownComp,Home4thDownAtt,Away4thDownAtt,Home4thDownComp,Away4thDownComp,HomeTotalYds,AwayTotalYds,HomePassYds,HomePassAtt,HomePassCmp,HomeRushYds,HomeRushAtt,AwayPassYds,AwayPassAtt,AwayPassCmp,AwayRushYds,AwayRushAtt,HomePenalties,HomePenaltyYds,AwayPenalties,AwayPenaltyYds,HomeFumbles,HomeFumblesLost,HomeInt,AwayFumbles,AwayFumblesLost,AwayInt,HomeSacked,AwaySacked,HomeSackedYds,AwaySackedYds,GameType,PlayoffGameType
1985,159,1962,2101,True,"66° F, Wind 9 mph",1,18,-4,10,0,3,8,0,0,21,0,0,6,27,21,True,74,56,130,2250,1482,21,8,16,15,3,4,1,0,1,0,461,270,299,42,25,162,32,175,30,20,95,26,6,55,8,65,1,0,1,1,1,0,2,0,12,0,Preseason,WildCard
1985,160,1996,2152,True,"83° F, Wind 8 mph",2,13,-4,14,7,7,7,0,0,7,0,7,0,14,35,False,60,63,123,1946,1654,13,10,13,15,5,5,1,1,1,1,275,185,163,18,11,112,42,138,35,17,47,28,5,45,7,53,0,0,1,0,0,3,1,1,10,1,Preseason,WildCard
1985,161,2034,2859,True,"72° F, Indoors",3,6,-4,7,0,3,7,0,0,7,3,3,0,13,17,False,68,53,121,1942,1658,21,13,13,12,6,4,1,0,1,0,345,304,274,41,26,71,27,97,16,10,207,37,4,50,11,95,1,1,1,2,0,0,0,0,0,0,Preseason,WildCard
1985,162,1946,1954,True,"66° F, Wind 14 mph",4,7,-4,7,3,10,10,6,3,7,7,13,0,30,36,True,69,56,125,2072,1940,22,19,13,9,5,5,0,0,0,0,459,288,274,30,16,185,39,187,29,21,101,27,8,85,5,37,0,0,0,1,1,1,1,1,5,11,Preseason,WildCard
1985,163,2862,1849,True,"67° F, Wind 7 mph",5,17,-4,7,0,0,7,0,7,3,0,3,0,13,14,False,55,69,124,1383,2217,11,12,13,17,2,5,2,1,0,0,209,245,162,22,17,47,33,141,29,16,104,40,3,15,11,91,1,1,0,0,0,1,0,1,0,7,Preseason,WildCard
1985,164,1897,2786,True,"60° F, Wind 28 mph",8,12,-4,10,7,0,0,0,7,9,0,13,0,29,17,False,74,70,144,1862,1738,15,15,18,20,8,11,2,0,2,0,389,365,322,47,24,67,27,200,34,15,165,36,7,50,4,34,6,2,1,0,0,0,3,1,15,6,Preseason,WildCard
1985,165,1961,2787,True,"52° F, Wind 13 mph, Rain",9,15,-4,0,0,0,0,0,14,0,7,7,0,28,0,False,57,66,123,1660,1940,13,16,11,14,1,8,2,1,0,0,279,304,234,36,13,45,21,159,23,17,145,43,7,67,6,47,4,2,0,0,0,1,2,1,15,1,Preseason,WildCard
1985,166,1910,2471,True,"66° F, Wind 12 mph",10,14,-4,3,0,7,14,0,7,17,7,3,0,34,24,False,47,63,110,1502,2098,11,21,8,8,3,3,0,1,0,1,256,367,129,21,15,127,26,140,15,10,227,48,4,37,4,35,1,1,2,0,0,1,1,1,7,0,Preseason,WildCard
1985,167,2506,2615,True,"67° F, Wind 13 mph",11,16,-4,14,0,10,0,0,10,21,7,7,0,45,24,False,63,60,123,1737,1863,13,15,14,15,6,9,1,0,0,0,263,493,153,25,14,110,38,408,28,20,85,32,6,45,9,48,0,0,1,0,0,0,1,2,6,17,Preseason,WildCard
1985,168,1995,1902,True,"73° F, Wind 13 mph",1,9,-3,7,0,14,3,0,7,0,3,0,0,10,24,False,68,52,120,2129,1471,19,14,14,12,8,3,0,2,0,1,320,328,178,24,18,142,44,188,28,13,140,24,3,20,7,44,2,2,0,2,1,2,0,5,0,37,Preseason,WildCard
1985,169,2069,1920,True,"83° F, Wind 2 mph",2,5,-3,3,7,3,0,0,7,3,0,10,0,20,13,False,59,67,126,1785,1815,17,16,14,18,5,10,1,0,0,0,381,366,246,23,15,135,36,217,23,14,149,44,8,71,8,85,0,0,0,0,0,0,3,0,20,0,Preseason,WildCard
1985,170,1897,2332,True,"72° F, Indoors",3,12,-3,14,7,7,7,0,0,14,3,13,0,30,35,False,61,69,130,1962,1638,15,21,11,11,3,3,1,1,1,1,370,432,225,29,20,145,32,241,41,25,191,28,6,38,6,55,0,0,0,2,2,0,1,2,10,3,Preseason,WildCard
1985,171,1852,1830,True,"70° F, Wind 9 mph",4,16,-3,10,7,7,21,0,7,10,0,3,0,20,45,False,65,57,122,1859,1741,17,14,12,13,5,1,0,3,0,3,332,317,190,20,10,142,45,215,27,14,102,30,4,58,13,100,0,0,1,0,0,1,2,4,12,29,Preseason,WildCard
1985,172,2361,2932,True,"63° F, Wind 1 mph",6,8,-3,3,0,0,3,0,7,7,0,7,0,21,6,False,52,63,115,1702,1898,12,19,9,11,1,6,1,0,1,0,254,296,130,21,9,124,31,167,25,18,129,38,4,50,7,72,0,0,3,1,0,0,1,1,6,2,Preseason,WildCard
1985,173,2482,2025,True,"68° F, Wind 4 mph",7,15,-3,0,17,0,7,0,6,0,0,0,0,6,24,False,60,66,126,1885,1715,15,14,13,13,4,2,0,1,0,0,310,323,171,30,17,139,30,197,38,19,126,28,2,29,10,94,1,1,0,2,1,1,0,0,0,0,Preseason,WildCard
1985,174,1854,2053,True,"63° F, Wind 3 mph",10,13,-3,0,0,7,7,0,7,0,0,0,0,7,14,False,66,53,119,2120,1480,14,6,14,14,4,4,2,0,1,0,272,138,141,28,19,131,38,149,23,17,-11,30,3,30,6,54,3,2,0,1,1,1,1,0,10,0,Preseason,WildCard
1985,175,1910,1850,True,"68° F, Wind 10 mph",11,14,-3,3,7,0,14,6,7,10,0,7,0,24,30,True,82,93,175,1998,2979,20,26,16,17,4,11,1,0,1,0,330,423,185,25,19,145,57,179,19,12,244,74,8,73,10,83,1,0,0,1,1,3,0,1,0,7,Preseason,WildCard
1985,176,1968,2748,True,"74° F, Wind 7 mph",17,18,-3,0,7,7,0,0,7,7,0,14,0,28,14,False,57,67,124,1371,2229,15,17,12,14,5,7,0,0,0,0,239,321,176,30,20,63,27,153,15,13,168,52,6,53,9,54,1,0,1,0,0,0,2,2,13,12,Preseason,WildCard
1985,177,2170,1848,True,"62° F, Wind 1 mph",11,1,-2,7,3,10,7,0,0,7,3,7,0,17,27,False,69,61,130,2089,1511,19,15,15,14,8,6,0,1,0,0,341,277,124,14,9,217,55,186,34,21,91,27,8,64,9,57,0,0,0,0,0,0,0,3,0,22,Preseason,WildCard
1985,178,2370,2220,True,"65° F, Wind 10 mph",4,2,-2,14,14,7,0,0,10,0,7,7,0,24,35,False,50,68,118,1637,1963,17,22,8,11,4,5,0,1,0,1,433,404,222,12,8,211,38,282,39,26,122,29,5,35,7,75,1,0,0,1,0,1,2,0,14,0,Preseason,WildCard
1985,179,1961,2469,True,"69° F, Wind 13 mph",15,3,-2,21,10,0,7,0,0,14,0,14,0,28,38,False,68,69,137,1748,1852,20,21,11,13,6,8,1,0,1,0,353,396,149,24,13,204,44,295,39,29,101,30,4,22,10,89,1,1,0,1,1,1,0,0,0,0,Preseason,WildCard
1985,180,2295,1821,True,"57° F, Wind 14 mph",5,9,-2,0,3,0,7,0,0,3,10,0,0,13,10,False,63,63,126,1563,2037,13,17,13,14,3,6,2,0,1,0,236,355,118,26,15,118,37,204,25,12,151,38,5,44,5,50,3,0,2,1,1,1,0,4,0,27,Preseason,WildCard
1985,181,1897,2204,True,"62° F, Wind 7 mph, Rain",6,12,-2,6,0,3,3,0,0,7,7,6,0,20,12,False,57,63,120,1879,1721,12,20,13,12,0,5,2,0,2,0,218,356,137,24,14,81,33,153,19,14,203,44,7,72,9,85,0,0,1,2,2,0,2,1,13,6,Preseason,WildCard
1985,182,1809,1858,True,"73° F, Wind 15 mph",7,14,-2,7,7,7,13,0,13,3,6,7,0,29,34,False,56,65,121,1766,1834,19,19,7,14,4,7,0,2,0,1,442,356,245,26,20,197,30,143,21,16,213,44,5,41,10,105,0,0,2,0,0,0,2,0,14,0,Preseason,WildCard
1985,183,1912,1857,True,"55° F, Wind 12 mph, Rain",8,17,-2,7,3,7,14,0,7,6,7,14,0,34,31,False,51,77,128,1481,2119,16,24,8,14,4,9,2,0,2,0,263,436,199,29,18,64,22,264,33,26,172,44,3,9,14,155,2,2,2,1,0,1,1,0,11,0,Preseason,WildCard
1985,184,2296,2477,True,"74° F, Wind 15 mph",18,10,-2,0,0,7,7,0,3,7,0,7,0,17,14,False,54,62,116,1419,2181,15,15,9,15,4,6,0,0,0,0,368,214,222,25,15,146,29,68,15,11,146,47,8,94,7,65,3,2,1,0,0,0,1,3,10,18,Preseason,WildCard
1985,185,2506,2556,True,"72° F, Indoors",13,16,-2,0,3,0,0,0,10,13,14,10,0,47,3,False,50,69,119,1196,2404,11,23,12,14,2,10,1,0,0,0,151,552,156,32,18,-5,18,425,34,24,127,35,6,46,10,78,1,0,0,2,0,0,2,2,14,14,Preseason,WildCard
1985,186,1942,2025,True,"62° F, Wind 13 mph",5,7,1,7,0,7,7,0,0,13,7,13,0,33,21,False,68,53,121,1738,1862,18,15,15,11,7,5,3,0,1,0,330,335,261,34,22,69,34,195,26,21,140,27,6,55,7,65,1,0,1,1,0,0,1,2,7,17,RegularSeason,WildCard
1985,187,1824,1875,True,"67° F, Wind 8 mph",1,3,1,17,0,14,3,0,7,3,7,14,0,31,34,False,62,59,121,2105,1495,21,18,10,11,4,4,1,1,1,1,379,417,203,23,16,176,39,341,39,25,76,20,4,40,7,59,0,0,0,0,0,0,0,1,0,6,RegularSeason,WildCard
1985,188,1835,2192,True,"75° F, Wind 13 mph",14,15,1,7,3,0,7,0,14,3,0,6,0,23,17,False,63,61,124,1683,1917,16,16,15,12,4,2,2,0,2,0,313,330,161,26,16,152,37,205,25,19,125,36,10,74,9,84,0,0,1,1,0,0,0,2,0,9,RegularSeason,WildCard
1985,189,2124,1811,True,"70° F, Wind 14 mph",4,16,1,3,7,0,7,0,0,10,0,3,0,13,17,False,44,68,112,1344,2256,6,20,12,17,2,5,0,1,0,0,233,353,166,17,8,67,27,261,26,16,92,42,7,65,7,74,1,0,1,1,0,0,6,8,52,64,RegularSeason,WildCard
1985,190,1889,1859,True,"72° F, Indoors",12,11,1,3,6,0,13,0,14,0,3,0,0,17,22,False,81,55,136,1868,1732,20,11,19,14,10,5,2,0,1,0,411,271,232,41,28,179,40,169,18,14,102,37,4,24,2,22,1,1,1,1,0,1,0,2,0,7,RegularSeason,WildCard
1985,191,1966,2053,True,"74° F, Wind 2 mph",17,13,1,0,14,0,3,0,0,0,7,3,0,10,17,False,61,68,129,1833,1767,16,19,14,13,8,4,0,3,0,2,253,277,207,21,16,46,40,240,38,25,37,30,8,68,8,70,2,1,0,1,0,0,0,1,0,6,RegularSeason,WildCard
1985,192,1831,1838,True,"77° F, Wind 11 mph",18,2,1,7,17,0,13,0,7,14,0,0,0,21,37,False,72,62,134,2111,1489,19,12,16,17,9,9,1,2,1,0,330,302,219,35,21,111,37,173,29,18,129,33,3,17,11,92,2,1,0,0,0,0,0,1,0,11,RegularSeason,WildCard
1985,193,1823,1839,True,"58° F, Wind 3 mph",10,6,1,0,3,0,7,0,0,6,0,0,0,6,10,False,48,61,109,1533,2067,8,14,12,15,2,4,0,1,0,1,153,225,108,19,13,45,29,130,26,12,95,35,7,73,6,72,0,0,1,0,0,2,2,2,17,14,RegularSeason,WildCard
1985,194,1845,1863,True,"62° F, Wind 3 mph, Rain",8,9,1,3,6,0,14,0,0,7,13,7,0,27,23,False,59,61,120,1742,1858,14,14,13,17,5,10,1,0,1,0,266,354,185,29,18,81,30,282,31,19,72,30,2,14,12,99,2,0,2,1,0,1,2,1,15,11,RegularSeason,WildCard
1985,195,1823,1825,True,"76° F, Wind 4 mph",6,5,2,3,14,0,0,0,0,0,0,7,0,7,17,False,57,68,125,1978,1622,12,15,15,15,4,4,1,3,0,1,171,290,67,21,9,104,36,199,31,20,91,37,5,43,6,52,0,0,0,0,0,2,2,1,14,1,RegularSeason,WildCard
1985,196,1894,1978,True,"78° F, Wind 10 mph",7,8,2,7,3,0,7,0,3,17,7,3,0,30,17,False,46,65,111,1421,2179,7,19,11,10,3,2,2,1,1,0,226,363,172,26,15,54,20,191,27,21,172,38,6,44,10,94,2,2,1,1,1,0,2,1,14,11,RegularSeason,WildCard
1985,197,1853,1859,True,"68° F, Wind 8 mph",11,15,2,10,14,0,13,0,7,10,3,0,0,20,37,False,75,61,136,2065,1535,22,16,12,11,5,2,0,1,0,0,420,410,142,19,15,278,56,129,27,13,281,34,6,57,11,119,1,0,0,3,0,1,0,0,0,0,RegularSeason,WildCard
1985,198,1833,1863,True,"71° F, Wind 9 mph",1,9,2,7,7,6,14,0,7,20,3,3,0,33,34,False,67,53,120,2033,1567,22,16,12,11,7,4,1,0,0,0,424,436,356,35,29,68,32,156,26,15,280,27,7,32,8,72,3,2,0,0,0,0,2,4,17,32,RegularSeason,WildCard
1985,199,1987,2104,True,"72° F, Indoors",3,16,2,0,7,10,7,6,0,3,0,21,0,24,30,True,75,63,138,2130,2027,20,16,16,15,9,4,1,2,1,1,399,417,297,44,28,102,31,394,36,25,23,27,3,25,8,56,2,1,1,0,0,0,1,6,0,44,RegularSeason,WildCard
1985,200,1946,1811,True,"66° F, Wind 11 mph",4,14,2,14,10,10,14,0,0,0,0,14,0,14,48,False,70,63,133,1865,1735,14,10,12,16,3,2,1,2,1,1,449,219,132,24,7,317,46,118,30,16,101,33,4,30,15,129,0,0,1,0,0,1,1,1,0,7,RegularSeason,WildCard
1985,201,1814,1810,True,"90° F, Wind 12 mph",2,17,2,0,3,7,0,0,3,7,3,0,0,13,10,False,55,63,118,1736,1864,10,14,15,14,4,4,0,0,0,0,170,272,122,32,15,48,23,48,15,7,224,48,4,43,8,73,0,0,1,0,0,2,2,0,13,0,RegularSeason,WildCard
1985,202,1895,2264,True,"64° F, Wind 2 mph",10,18,2,3,0,0,7,0,0,3,7,3,0,13,10,False,58,61,119,1564,2036,14,17,14,15,5,7,3,0,1,0,316,321,243,34,22,73,24,191,22,20,130,39,6,70,6,70,0,0,0,2,0,0,1,1,11,10,RegularSeason,WildCard
1985,203,1851,1981,True,"72° F, Indoors",13,12,2,14,0,21,3,0,3,17,0,7,0,27,38,False,60,82,142,1717,1883,14,22,10,17,5,6,0,2,0,2,364,367,138,21,15,226,39,213,45,25,154,37,10,98,7,61,2,2,0,1,1,0,0,0,0,0,RegularSeason,WildCard
1985,204,1816,1817,True,"73° F, Wind 19 mph",6,7,3,0,7,0,8,0,3,3,3,6,3,18,15,True,47,63,110,1396,2589,15,16,8,15,1,4,0,1,0,1,253,388,121,19,14,132,28,354,38,27,34,25,7,56,4,30,2,0,0,0,0,0,1,3,6,31,RegularSeason,WildCard
1985,205,1879,1954,True,"66° F, Wind 1 mph",4,1,3,7,14,7,13,0,7,0,0,0,0,7,41,False,70,63,133,1985,1615,15,7,13,18,3,3,1,4,1,0,449,220,220,26,15,229,44,57,31,9,163,32,4,25,5,27,3,3,0,0,0,1,1,5,11,40,RegularSeason,WildCard
1985,206,1851,2921,True,"74° F, Wind 13 mph",14,13,3,7,0,7,0,0,10,14,7,10,0,41,14,False,57,65,122,1567,2033,11,15,12,12,3,5,2,1,1,1,289,381,135,24,15,154,33,147,22,17,234,43,4,35,3,25,0,0,2,0,0,1,0,0,0,0,RegularSeason,WildCard
1985,207,2169,2766,True,"69° F, Wind 6 mph",15,16,3,0,10,0,3,0,0,0,3,14,0,17,13,False,79,53,132,1877,1723,17,12,18,13,6,2,4,0,1,0,303,259,186,34,16,117,45,125,21,9,134,32,2,20,7,70,1,1,1,2,1,0,2,5,5,32,RegularSeason,WildCard
1985,208,1947,1847,True,"67° F, Wind 14 mph",10,12,3,14,10,0,7,0,7,0,0,7,0,14,31,False,63,57,120,1930,1670,14,11,13,14,7,4,1,2,0,0,279,236,116,21,14,163,42,124,25,16,112,32,6,50,10,91,0,0,2,1,0,0,1,5,7,34,RegularSeason,WildCard
1985,209,1996,2564,True,"88° F, Wind 13 mph",2,8,3,3,3,13,21,0,21,0,0,0,0,21,40,False,52,66,118,1677,1923,18,20,9,13,5,6,0,3,0,2,489,367,218,19,14,271,33,238,34,25,129,32,5,53,14,112,1,1,1,1,1,1,1,1,6,6,RegularSeason,WildCard
1985,210,1853,2199,True,"78° F, Wind 8 mph",18,11,3,0,3,10,7,0,3,14,6,7,0,30,20,False,60,66,126,1679,1921,14,17,15,14,5,6,1,0,0,0,255,317,175,31,21,80,29,174,23,18,143,43,9,100,5,50,1,1,0,1,1,0,1,1,4,11,RegularSeason,WildCard
1985,211,1812,2202,True,"72° F, Wind 3 mph",17,3,3,7,20,0,3,0,0,3,10,14,0,27,30,False,52,66,118,1621,1979,11,18,13,13,5,5,0,2,0,2,283,472,93,14,10,190,38,315,34,23,157,32,7,65,7,64,1,1,0,2,2,1,2,1,11,7,RegularSeason,WildCard
1985,212,1845,1818,True,"69° F, Wind 9 mph",5,9,3,13,16,3,0,0,0,0,3,0,0,3,32,False,61,41,102,1866,1734,16,9,12,14,5,5,0,0,0,0,266,215,149,20,12,117,41,191,19,13,24,22,5,40,12,84,0,0,0,4,3,0,1,10,1,80,RegularSeason,WildCard
1985,213,1809,2145,True,"76° F, Wind 6 mph",14,2,4,7,10,0,7,0,3,3,8,7,0,21,24,False,52,64,116,1618,1982,13,18,9,15,4,6,0,3,0,1,355,305,164,16,8,191,36,248,34,24,57,30,7,53,2,19,0,0,2,1,1,0,1,4,7,33,RegularSeason,WildCard
1985,214,1869,1850,True,"54° F, Wind 5 mph, Rain",9,11,4,0,17,3,0,0,3,0,3,7,0,13,20,False,56,68,124,1961,1639,12,14,13,18,5,6,0,2,0,1,329,294,205,23,16,124,33,207,30,23,87,38,4,55,7,69,5,1,1,0,0,1,3,1,28,6,RegularSeason,WildCard
1985,215,1831,2640,True,"65° F, Wind 13 mph",15,18,4,7,0,0,7,0,3,7,0,7,0,17,14,False,63,68,131,1633,1967,15,16,15,15,5,3,0,2,0,2,279,313,122,24,12,157,39,180,27,18,133,41,3,41,9,105,0,0,0,1,0,0,1,1,7,7,RegularSeason,WildCard
1985,216,1923,2627,True,"76° F, Wind 4 mph",16,17,4,0,14,0,21,0,7,7,7,0,0,21,35,False,56,68,124,1605,1995,10,17,14,11,5,3,2,4,0,2,287,283,199,21,15,88,35,122,25,13,161,43,8,52,5,55,1,0,0,1,1,2,4,3,27,23,RegularSeason,WildCard
1985,217,2002,1818,True,"68° F, Wind 14 mph",5,10,4,10,10,0,7,0,7,0,3,0,0,10,27,False,66,54,120,1663,1937,17,12,16,13,9,3,1,1,1,0,357,239,244,22,18,113,44,83,17,12,156,37,6,69,8,65,2,2,0,2,0,1,0,4,0,23,RegularSeason,WildCard
1985,218,1823,1954,True,"64° F, Wind 34 mph",6,4,4,0,7,0,0,0,10,0,2,0,0,12,7,False,49,58,107,1921,1679,9,12,12,15,3,6,1,0,0,0,154,231,71,18,10,83,31,85,12,9,146,46,1,15,7,50,0,0,1,2,1,0,3,0,24,0,RegularSeason,WildCard
1985,219,1870,2096,True,"72° F, Indoors",3,8,4,7,9,0,7,0,0,10,7,3,0,20,23,False,62,50,112,2015,1585,18,15,11,10,6,4,1,0,0,0,339,350,204,25,16,135,37,279,36,28,71,14,3,30,7,55,1,0,0,0,0,2,0,1,0,6,RegularSeason,WildCard
1985,220,1905,2089,True,"72° F, Indoors",13,7,4,3,3,8,7,0,7,0,0,0,0,7,21,False,60,53,113,1837,1763,19,11,8,12,1,2,0,2,0,1,292,246,114,22,14,178,38,185,33,22,61,20,3,15,10,90,0,0,1,0,0,1,1,0,6,0,RegularSeason,WildCard
1985,221,1889,1844,True,"77° F, Wind 10 mph",1,12,4,0,6,7,3,0,10,0,10,7,0,27,16,False,56,66,122,1739,1861,15,16,13,15,3,7,1,0,1,0,331,382,219,25,14,112,31,73,20,11,309,46,3,25,7,65,0,0,1,1,0,0,6,0,40,0,RegularSeason,WildCard
1985,222,1908,1935,True,"57° F, Wind 3 mph, Rain",5,8,5,7,7,0,7,0,10,7,0,7,0,24,21,False,55,65,120,1441,2159,9,16,14,14,2,6,4,0,2,0,294,304,158,22,12,136,33,116,22,14,188,43,3,25,10,78,0,0,0,1,1,0,3,4,11,26,RegularSeason,WildCard
1985,223,1869,2019,True,"46° F, Wind 11 mph",9,6,5,14,3,7,0,0,0,2,0,10,0,12,24,False,53,69,122,1680,1920,9,12,11,18,3,5,0,3,0,1,230,219,167,21,15,63,32,106,27,17,113,42,10,85,9,71,1,1,2,3,2,1,2,3,16,24,RegularSeason,WildCard
1985,224,1879,1862,True,"55° F, Wind 13 mph",4,2,5,3,21,7,7,0,7,0,7,7,0,21,38,False,66,53,119,1754,1846,18,14,14,10,8,2,1,0,1,0,441,355,230,23,11,211,43,299,28,20,56,25,6,60,7,70,2,1,0,1,0,1,0,3,0,30,RegularSeason,WildCard
1985,225,1832,1976,True,"72° F, Indoors",3,18,5,14,0,3,7,0,3,10,0,3,0,16,24,False,56,70,126,1671,1929,11,16,14,17,6,5,0,4,0,2,319,336,246,21,17,73,35,278,36,22,58,34,7,75,9,95,1,1,0,2,0,0,1,3,4,24,RegularSeason,WildCard
1985,226,1947,1937,True,"57° F, Wind 15 mph",15,10,5,10,3,0,6,0,7,7,0,0,0,14,19,False,52,59,111,1423,2177,11,13,13,17,6,8,0,2,0,1,268,334,218,19,11,50,33,149,26,17,185,33,1,15,12,89,0,0,0,0,0,0,2,3,13,28,RegularSeason,WildCard
1985,227,1923,2867,True,"72° F, Indoors",13,16,5,0,14,0,3,0,3,7,7,3,0,20,17,False,61,56,117,1795,1805,18,15,11,13,3,5,1,0,0,0,306,306,144,26,20,162,35,272,29,16,34,27,6,58,8,66,1,0,0,2,0,0,1,3,6,18,RegularSeason,WildCard
1985,228,1814,1981,True,"72° F, Indoors",12,17,5,0,0,7,13,0,7,0,0,7,0,14,20,False,69,61,130,1619,1981,15,16,16,13,6,4,2,3,2,0,340,363,171,20,12,169,49,222,26,21,141,35,2,25,8,65,0,0,0,1,1,0,1,2,6,12,RegularSeason,WildCard
1985,229,1809,1938,True,"69° F, Wind 15 mph, Rain",14,1,5,17,7,7,14,0,7,10,0,7,0,24,45,False,64,53,117,1908,1692,17,18,13,8,9,3,0,2,0,1,416,391,147,16,11,269,48,236,30,25,155,23,4,40,9,79,1,1,0,3,2,1,1,2,7,20,RegularSeason,WildCard
1985,230,1853,2025,True,"58° F, Wind 1 mph",7,11,5,7,10,14,3,0,7,6,0,0,0,13,34,False,63,53,116,2247,1353,19,11,13,12,6,2,0,2,0,2,429,281,280,27,25,149,36,96,21,14,185,32,6,50,11,65,1,1,0,1,0,1,3,0,27,0,RegularSeason,WildCard
1985,231,1928,1848,True,"62° F, Wind 2 mph",1,2,6,6,20,0,10,0,0,3,0,7,0,10,36,False,53,55,108,1632,1968,15,15,11,12,8,4,0,2,0,1,387,322,291,27,19,96,26,148,20,12,174,35,2,20,9,81,0,0,0,0,0,0,0,1,0,12,RegularSeason,WildCard
1985,232,1842,1818,True,"57° F, Wind 4 mph, Rain",5,11,6,3,3,0,7,0,0,3,10,3,0,16,13,False,75,65,140,1886,1714,15,8,17,18,3,2,2,2,1,1,284,146,170,31,22,114,44,68,18,10,78,47,5,37,6,60,0,0,2,1,1,0,1,1,6,5,RegularSeason,WildCard
1985,233,1809,1858,True,"73° F, Wind 9 mph",14,17,6,10,0,0,7,0,0,7,0,16,0,23,17,False,48,65,113,1572,2028,10,17,11,15,4,7,1,0,0,0,269,306,112,13,9,157,35,133,19,15,173,46,4,40,12,104,1,0,1,1,0,0,1,2,7,14,RegularSeason,WildCard
1985,234,1815,1838,True,"73° F, Wind 12 mph",16,18,6,0,13,3,3,0,12,10,10,0,0,32,19,False,48,56,104,1589,2011,13,19,12,12,5,6,0,1,0,1,311,494,264,27,15,47,21,186,22,18,308,34,2,20,9,84,2,1,0,0,0,1,6,3,58,27,RegularSeason,WildCard
1985,235,1832,1976,True,"72° F, Indoors",3,6,6,7,21,7,3,0,7,13,6,7,0,33,38,False,59,65,124,2082,1518,16,20,12,11,6,7,0,1,0,1,403,416,357,37,34,46,22,166,27,17,250,38,6,40,6,48,0,0,0,1,0,2,2,0,7,0,RegularSeason,WildCard
1985,236,1851,2162,True,"72° F, Indoors",13,15,6,7,14,14,7,0,14,7,3,13,0,37,42,False,74,67,141,1992,1608,20,15,13,18,8,10,1,0,0,0,489,332,76,27,13,413,47,142,28,20,190,39,0,0,8,46,2,1,1,1,0,0,0,2,0,11,RegularSeason,WildCard
1985,237,2237,1981,True,"72° F, Indoors",12,9,6,7,0,7,0,0,7,3,0,0,0,10,14,False,65,53,118,1787,1813,14,14,13,13,4,3,1,1,1,0,248,281,125,24,12,123,41,218,25,16,63,28,7,84,9,80,1,1,1,2,1,0,1,8,4,54,RegularSeason,WildCard
1985,238,1983,2018,True,"61° F, Wind 6 mph, Rain",10,8,6,7,0,3,10,0,0,3,6,0,0,9,20,False,60,51,111,2017,1583,13,9,14,12,5,3,0,1,0,0,283,244,177,17,12,106,43,195,30,16,49,21,5,39,11,98,0,0,0,2,1,1,0,1,0,7,RegularSeason,WildCard
1985,239,2406,1918,True,"63° F, Wind 12 mph",4,7,6,0,3,10,9,0,3,0,0,0,0,3,22,False,65,61,126,1737,1863,16,12,15,15,5,3,0,4,0,1,279,172,152,25,15,127,40,127,33,17,45,28,5,30,10,79,2,0,0,0,0,0,1,3,7,18,RegularSeason,WildCard
1985,240,1908,1818,True,"45° F, Wind 14 mph",9,5,7,0,0,0,0,0,3,7,0,17,0,27,0,False,40,61,101,1989,1611,10,16,15,14,5,6,1,0,0,0,210,301,122,13,10,88,27,184,24,18,117,37,3,29,3,45,3,2,0,0,0,0,19,1,125,7,RegularSeason,WildCard
1985,241,1832,2565,True,"72° F, Indoors",3,2,7,0,7,3,7,0,0,27,0,3,0,30,17,False,66,54,120,1666,1934,17,10,10,15,2,5,0,0,0,0,370,279,283,42,25,87,24,161,24,14,118,30,7,65,11,73,0,0,3,0,0,0,2,1,13,11,RegularSeason,WildCard
1985,242,1907,2537,True,"56° F, Wind 30 mph",15,17,7,14,3,7,3,0,0,7,0,7,0,14,27,False,61,65,126,1758,1842,12,13,12,14,2,4,0,3,0,1,307,330,167,26,16,140,35,144,28,18,186,37,3,20,11,90,0,0,0,2,0,1,0,1,0,10,RegularSeason,WildCard
1985,243,1851,1992,True,"63° F, Wind 4 mph",8,13,7,7,13,0,7,0,6,3,8,3,0,20,27,False,58,65,123,1882,1718,17,20,13,11,6,3,0,1,0,1,328,421,282,33,26,46,25,274,37,25,147,28,5,21,6,41,2,0,0,2,1,0,0,1,0,7,RegularSeason,WildCard
1985,244,1809,2054,True,"59° F, Wind 5 mph",10,14,7,3,3,0,0,0,6,0,0,7,0,13,6,False,56,51,107,1897,1703,11,10,14,12,2,1,2,0,0,0,223,274,160,24,17,63,32,78,12,8,196,39,5,22,7,85,0,0,0,0,0,0,3,1,23,8,RegularSeason,WildCard
1985,245,1816,2204,True,"72° F, Indoors",12,7,7,3,14,0,5,0,7,10,3,7,0,27,22,False,60,60,120,1721,1879,16,16,10,12,1,6,2,1,2,1,334,361,152,20,15,182,40,288,34,28,73,26,4,50,8,72,0,0,0,2,0,0,1,2,11,12,RegularSeason,WildCard
1985,246,2153,1954,True,"59° F, Wind 15 mph",4,18,7,7,10,0,16,0,7,7,0,13,0,27,33,False,64,64,128,1559,2041,15,17,14,13,6,5,0,1,0,1,399,369,205,23,12,194,41,228,30,20,141,34,3,20,5,45,0,0,1,1,1,1,1,2,5,13,RegularSeason,WildCard
1985,247,1824,1875,True,"67° F, Wind 5 mph",16,1,7,0,0,7,3,0,7,21,7,14,0,49,10,False,55,51,106,1708,1892,13,14,14,9,4,6,1,0,0,0,242,409,204,31,14,38,24,297,27,20,112,24,1,5,10,80,0,0,1,1,1,1,8,1,55,5,RegularSeason,WildCard
1985,248,1853,2199,True,"65° F, Wind 8 mph",11,6,7,0,14,0,3,0,0,0,0,0,0,0,17,False,59,66,125,1529,2071,15,17,11,15,3,4,1,1,0,1,228,301,113,17,15,115,42,189,30,19,112,36,5,39,14,117,0,0,0,0,0,1,0,1,0,6,RegularSeason,WildCard
1985,249,1873,2198,True,"60° F, Wind 7 mph",6,8,8,14,0,0,14,0,0,7,7,7,0,21,28,False,69,49,118,2326,1274,20,15,12,10,8,5,1,0,1,0,317,263,122,24,16,195,45,207,30,22,56,19,3,15,9,111,0,0,1,0,0,1,1,1,10,7,RegularSeason,WildCard
1985,250,1916,1850,True,"60° F, Wind 2 mph, Rain",11,12,8,6,3,0,9,0,7,7,3,0,0,17,18,False,79,56,135,2249,1351,17,12,21,12,6,0,1,1,1,1,312,250,151,24,18,161,55,166,27,17,84,29,5,45,7,73,0,0,0,1,1,0,0,3,0,22,RegularSeason,WildCard
1985,251,2169,1810,True,"66° F, Wind 4 mph",17,16,8,7,2,6,10,0,3,7,0,0,0,10,25,False,64,48,112,2035,1565,16,9,15,11,6,0,0,4,0,0,289,244,135,19,13,154,45,134,16,8,110,32,7,65,9,67,1,1,1,0,0,1,2,8,12,55,RegularSeason,WildCard
1985,252,1809,2352,True,"72° F, Indoors",3,14,8,14,3,6,6,0,3,14,10,3,0,30,29,False,68,49,117,2279,1321,20,9,15,11,8,1,1,2,0,2,421,431,295,29,25,126,39,243,23,12,188,26,4,25,8,75,2,0,0,0,0,0,2,0,13,0,RegularSeason,WildCard
1985,253,2368,2138,True,"80° F, Wind 12 mph",2,5,8,7,3,7,21,0,0,3,0,0,0,3,38,False,66,54,120,2326,1274,22,9,14,15,9,4,0,2,0,0,336,182,211,26,20,125,40,108,24,13,74,30,1,5,11,99,2,0,0,0,0,0,2,2,16,12,RegularSeason,WildCard
1985,254,1928,1848,True,"65° F, Wind 8 mph",1,7,8,7,20,0,0,0,0,7,3,14,0,24,27,False,52,61,113,1605,1995,16,13,9,16,2,6,0,2,0,1,418,342,265,27,19,153,25,263,39,25,79,22,5,35,5,45,0,0,1,0,0,0,1,4,6,18,RegularSeason,WildCard
1985,255,1869,1839,True,"47° F, Wind 13 mph",9,10,8,0,7,14,14,0,7,0,0,3,0,10,35,False,37,68,105,1393,2207,8,11,12,15,4,3,0,3,0,2,284,207,97,13,8,187,24,122,29,19,85,39,7,65,7,75,3,1,0,1,1,2,13,3,86,19,RegularSeason,WildCard
1985,256,1815,2091,True,"71° F, Wind 4 mph, Rain",18,13,8,10,6,0,10,0,0,0,0,0,0,0,26,False,68,49,117,2169,1431,22,10,15,12,9,2,0,2,0,1,339,158,124,22,13,215,46,101,21,14,57,28,4,30,9,73,3,0,0,1,0,0,1,1,11,7,RegularSeason,WildCard
1985,257,2026,2055,True,"55° F, Wind 6 mph",15,4,8,7,6,0,0,0,7,0,7,21,0,35,13,False,63,71,134,1556,2044,12,22,16,13,5,6,3,1,0,1,276,407,148,31,13,128,32,160,21,12,247,50,8,63,1,5,1,0,0,1,0,1,3,4,32,31,RegularSeason,WildCard
1985,258,1908,2144,True,"31° F, Wind 6 mph, Snow",7,5,9,7,14,7,6,0,7,7,0,0,0,14,34,False,65,60,125,2251,1349,14,10,17,14,7,4,1,3,1,2,292,323,178,25,18,114,40,140,29,14,183,31,2,10,8,74,0,0,0,1,1,2,2,0,13,0,RegularSeason,WildCard
1985,259,1812,1890,True,"72° F, Indoors",3,1,9,7,7,10,7,0,10,10,0,0,0,20,31,False,61,66,127,1609,1991,19,16,10,16,4,7,1,2,1,1,342,300,221,32,22,121,29,238,38,25,62,28,3,25,10,90,1,1,1,2,0,0,1,3,6,16,RegularSeason,WildCard
1985,260,2036,1844,True,"72° F, Indoors",12,13,9,7,7,3,10,0,0,0,0,7,0,7,27,False,81,56,137,2172,1428,21,13,17,11,10,3,2,3,1,1,398,226,226,36,24,172,45,205,33,21,21,23,8,52,8,48,0,0,0,4,2,0,0,0,0,0,RegularSeason,WildCard
1985,261,1907,2103,True,"46° F, Wind 13 mph",15,14,9,14,7,3,7,0,0,0,0,3,0,3,31,False,67,56,123,2153,1447,20,11,13,14,8,4,1,2,0,0,418,223,212,24,17,206,43,110,23,14,113,33,4,20,6,49,0,0,1,0,0,0,1,1,0,0,RegularSeason,WildCard
1985,262,1947,1839,True,"21° F, Wind 3 mph",10,16,9,7,10,3,0,0,0,3,0,10,0,13,20,False,52,41,93,1872,1728,12,11,11,13,2,4,0,1,0,1,200,271,107,15,11,93,37,221,21,11,50,20,5,25,9,68,0,0,0,1,0,1,2,13,12,86,RegularSeason,WildCard
1985,263,1869,2014,True,"46° F, Wind 11 mph",4,9,9,3,3,0,10,0,0,0,21,0,0,21,16,False,65,60,125,1703,1897,18,18,15,13,6,7,1,0,1,0,285,370,152,25,17,133,40,230,33,22,140,27,7,50,9,96,1,1,0,2,0,0,2,4,5,42,RegularSeason,WildCard
1985,264,1823,2333,True,"73° F, Wind 15 mph",2,6,9,0,0,0,10,3,0,3,0,7,0,10,13,True,51,69,120,2256,1793,13,19,11,16,4,9,0,1,0,1,280,366,173,21,16,107,30,223,35,22,143,34,6,31,9,88,0,0,1,2,1,1,2,1,20,6,RegularSeason,WildCard
1985,265,1853,2148,True,"17° F, Wind 5 mph",11,8,9,7,7,10,13,0,7,0,7,7,0,21,37,False,56,67,123,1521,2079,13,16,11,15,2,5,2,1,1,0,462,458,181,22,10,281,34,362,38,28,96,29,2,30,7,70,0,0,0,1,0,1,1,4,6,26,RegularSeason,WildCard
1985,266,1831,1857,True,"48° F, Wind 2 mph",18,17,9,0,0,7,7,0,7,7,3,0,0,17,14,False,49,67,116,1372,2228,10,19,12,13,5,6,0,1,0,0,239,312,135,26,12,104,23,183,28,17,129,39,4,40,8,75,0,0,2,1,0,1,3,4,19,35,RegularSeason,WildCard
1985,267,1823,1817,True,"25° F, Wind 8 mph",7,6,10,0,7,3,3,0,0,0,0,10,0,10,13,False,63,53,116,2101,1499,13,13,16,12,7,2,0,1,0,0,229,213,146,23,18,83,40,106,17,13,107,36,7,44,6,85,0,0,0,0,0,0,0,1,0,6,RegularSeason,WildCard
1985,268,1964,2257,True,"48° F, Wind 6 mph",4,3,10,14,14,3,7,0,10,10,0,0,0,20,38,False,71,64,135,1946,1654,18,12,14,14,7,2,0,3,0,1,433,300,261,22,17,172,49,195,42,23,105,22,3,15,5,45,3,2,0,0,0,0,2,0,17,0,RegularSeason,WildCard
1985,269,2304,2135,True,"39° F, Wind 4 mph, Rain",18,15,10,0,7,7,0,0,13,14,0,0,0,27,14,False,62,72,134,1752,1848,15,14,14,18,5,9,1,2,0,0,264,353,170,31,19,94,31,254,26,16,99,46,6,80,8,62,1,1,1,1,1,0,5,0,31,0,RegularSeason,WildCard
1985,270,1809,2054,True,"34° F, Wind 1 mph",17,14,10,0,14,10,3,0,7,7,0,0,0,14,27,False,61,45,106,2033,1567,17,8,13,12,7,4,1,1,1,0,358,256,233,19,18,125,42,119,13,10,137,32,4,45,5,63,1,1,0,0,0,0,2,1,13,11,RegularSeason,WildCard
1985,271,1923,1829,True,"32° F, Wind 14 mph",16,12,10,0,7,0,10,0,10,0,3,0,0,13,17,False,52,61,113,1734,1866,17,17,12,13,3,5,0,0,0,0,327,344,263,24,17,64,28,161,25,17,183,36,3,36,9,99,3,1,0,3,1,0,10,2,64,17,RegularSeason,WildCard
1985,272,2237,2334,True,"39° F, Wind 17 mph",9,2,10,0,21,3,6,0,7,7,0,0,0,14,30,False,63,60,123,1761,1839,20,12,11,15,4,7,0,1,0,0,436,226,281,30,18,155,33,159,29,19,67,31,6,65,3,20,0,0,1,1,1,2,2,3,15,34,RegularSeason,WildCard
1985,273,1895,1839,True,"12° F, Wind 5 mph",10,11,10,10,7,7,7,0,0,0,0,0,0,0,31,False,67,59,126,2063,1537,13,11,14,14,6,1,1,2,0,1,315,236,138,25,14,177,42,101,27,14,135,32,10,74,12,90,1,1,0,1,1,2,1,5,10,35,RegularSeason,WildCard
1985,274,2153,1818,True,"72° F, Indoors",13,5,10,0,3,0,3,0,0,3,0,3,6,12,6,True,70,85,155,2274,2226,13,15,20,23,4,9,1,0,0,0,250,323,150,28,19,100,42,228,33,21,95,52,9,83,13,127,6,2,0,1,1,1,7,4,50,27,RegularSeason,WildCard
1985,275,1824,1848,True,"22° F, Wind 11 mph, Snow",8,1,10,10,0,14,10,0,7,13,0,3,0,23,34,False,56,67,123,1725,1875,10,14,13,16,5,6,0,4,0,2,385,312,237,26,17,148,30,195,41,24,117,26,6,45,3,35,1,0,0,0,0,2,2,1,22,7,RegularSeason,WildCard
1985,276,1870,2346,True,"14° F, Wind 5 mph, Ice",8,7,11,7,0,10,10,0,6,13,7,0,0,26,27,False,62,54,116,1895,1705,22,13,10,9,1,2,1,1,1,0,410,339,291,37,24,119,25,262,33,20,77,21,7,37,5,55,1,0,1,1,1,0,3,1,24,6,RegularSeason,WildCard
1985,277,1889,1904,True,"41° F, Wind 5 mph",14,12,11,7,0,0,3,0,10,14,7,7,0,38,10,False,59,65,124,1776,1824,8,15,15,15,2,8,4,0,1,0,206,435,96,17,9,110,42,226,33,23,209,32,3,25,6,65,2,1,0,0,0,2,3,1,17,6,RegularSeason,WildCard
1985,278,1831,1838,True,"44° F, Wind 13 mph",17,18,11,0,0,10,13,0,10,5,0,3,0,18,23,False,60,58,118,1523,2077,16,13,13,15,4,3,1,0,1,0,300,260,162,28,18,138,32,121,21,15,139,37,5,33,9,87,1,1,0,0,0,0,2,2,18,13,RegularSeason,WildCard
1985,279,2435,2537,True,"37° F, Wind 27 mph",16,15,11,0,7,0,6,0,2,0,10,3,0,15,13,False,51,75,126,1666,1934,10,16,13,19,2,7,0,3,0,2,249,273,183,24,10,66,27,170,36,23,103,39,8,66,11,72,0,0,0,1,1,0,6,2,49,17,RegularSeason,WildCard
1985,280,1832,2096,True,"19° F, Wind 30 mph",5,3,11,3,3,3,14,0,0,20,0,10,0,30,23,False,65,64,129,1687,1913,14,17,16,14,7,7,0,0,0,0,313,337,220,32,19,93,33,202,33,22,135,31,5,65,8,91,0,0,2,2,2,0,2,2,12,15,RegularSeason,WildCard
1985,281,1824,2619,True,"35° F, Wind 16 mph",6,1,11,0,0,10,0,0,17,7,2,3,0,29,10,False,50,56,106,1581,2019,6,14,15,11,5,5,1,0,0,0,128,318,120,23,13,8,27,170,22,19,148,34,4,25,3,25,1,0,0,2,1,1,3,2,18,17,RegularSeason,WildCard
1985,282,2033,1954,True,"77° F, Wind 14 mph",2,4,11,0,3,3,14,0,14,0,7,7,0,28,20,False,52,58,110,1729,1871,13,15,13,13,4,5,0,1,0,1,280,453,187,29,18,93,23,295,20,15,158,38,3,25,14,105,0,0,1,0,0,0,5,5,39,56,RegularSeason,WildCard
1985,283,2355,1876,True,"72° F, Indoors",13,9,11,0,10,7,9,0,10,7,14,0,0,31,26,False,76,56,132,1758,1842,23,16,12,12,5,5,1,1,1,1,361,452,198,36,27,163,40,312,26,18,140,30,4,50,12,122,2,1,0,1,0,0,1,3,6,21,RegularSeason,WildCard
1985,284,1947,1847,True,"16° F, Wind 2 mph, Snow",11,10,11,7,6,7,11,0,10,0,14,14,0,38,31,False,66,61,127,1648,1952,14,16,15,10,5,4,3,0,2,0,332,399,235,35,19,97,31,167,31,19,232,30,5,27,7,61,3,2,1,2,1,3,5,0,43,0,RegularSeason,WildCard
1985,285,1812,2035,True,"72° F, Wind 14 mph",2,3,12,0,7,3,7,0,10,7,7,7,0,31,17,False,52,55,107,1799,1801,12,16,10,11,3,6,0,0,0,0,321,430,158,24,16,163,28,227,22,18,203,33,5,55,7,59,2,1,0,0,0,1,1,1,1,6,RegularSeason,WildCard
1985,286,1833,2391,True,"27° F, Wind 1 mph",7,9,12,14,0,17,7,0,7,14,7,0,0,28,38,False,57,57,114,1847,1753,16,16,10,9,4,2,0,1,0,0,334,414,225,26,22,109,31,198,29,19,216,28,5,41,7,75,3,1,0,2,1,0,1,3,11,30,RegularSeason,WildCard
1985,287,1923,1972,True,"46° F, Wind 8 mph",14,16,12,3,3,0,6,0,7,7,3,14,0,31,12,False,65,52,117,1978,1622,12,14,17,9,3,2,4,0,3,0,239,391,144,28,12,95,37,329,21,15,62,31,4,50,7,43,0,0,1,2,1,0,1,3,0,18,RegularSeason,WildCard
1985,288,2007,1844,True,"25° F, Wind 15 mph, Snow",6,12,12,3,0,0,0,0,0,0,3,14,0,17,3,False,50,72,122,1736,1864,7,13,12,16,1,3,0,1,0,0,132,238,60,16,6,72,34,182,29,18,56,43,8,48,8,78,3,2,2,0,0,0,3,0,20,0,RegularSeason,WildCard
1985,289,2243,2141,True,"11° F, Wind 33 mph, Ice",8,4,12,10,3,14,3,0,7,3,7,0,0,17,30,False,72,54,126,2166,1434,24,14,16,8,8,2,0,1,0,0,377,383,200,33,22,177,39,191,25,8,192,29,7,52,13,114,1,0,0,3,3,0,1,2,10,16,RegularSeason,WildCard
1985,290,1853,2199,True,"22° F, Wind 26 mph, Snow",11,17,12,3,10,8,3,0,7,0,7,6,0,20,24,False,67,63,130,1759,1841,16,12,13,16,2,5,1,1,1,0,320,297,104,22,13,216,45,187,30,14,110,33,6,51,7,45,1,1,2,2,1,1,1,1,6,6,RegularSeason,WildCard
1985,291,1851,2053,True,"72° F, Indoors",13,10,12,0,14,7,10,0,0,7,6,10,0,23,31,False,61,51,112,1709,1891,17,11,9,12,2,4,0,0,0,0,340,280,129,22,14,211,39,196,20,15,84,31,3,25,4,29,1,1,0,2,1,1,0,4,0,20,RegularSeason,WildCard
1985,292,1824,1848,True,"51° F, Wind 3 mph",18,1,12,3,0,3,7,0,0,7,14,7,0,28,13,False,66,59,125,1844,1756,17,14,14,14,2,8,3,0,3,0,307,352,256,31,21,51,35,271,26,17,81,33,2,18,3,25,4,1,1,0,0,1,0,1,0,10,RegularSeason,WildCard
1985,293,1907,1868,True,"49° F, Wind 22 mph",15,5,12,7,3,0,0,0,0,3,3,0,0,6,10,False,74,66,140,2047,1553,13,10,20,18,6,5,1,1,0,0,239,236,86,23,15,153,51,132,26,16,104,40,5,40,14,140,3,1,0,1,1,0,1,1,7,6,RegularSeason,WildCard
1985,294,1823,2472,True,"33° F, Wind 35 mph",6,9,13,0,14,0,0,0,6,0,6,3,0,15,14,False,56,66,122,1828,1772,10,14,14,15,2,4,0,2,0,1,178,285,94,22,11,84,34,205,34,21,80,32,3,27,11,74,0,0,0,1,0,1,2,1,13,11,RegularSeason,WildCard
1985,295,1824,1875,True,"28° F, Wind 14 mph",1,4,13,17,14,0,6,0,0,10,3,7,0,20,37,False,52,74,126,1773,1827,13,17,11,15,3,3,0,4,0,2,227,424,97,21,15,130,31,336,37,22,88,37,4,35,8,65,0,0,0,1,1,0,2,2,14,21,RegularSeason,WildCard
1985,296,1851,1876,True,"24° F, Wind 14 mph",11,13,13,0,17,7,0,0,14,0,3,14,0,31,24,False,66,74,140,1497,2103,16,22,14,17,8,8,2,3,0,3,325,382,185,34,24,140,32,201,34,26,181,40,5,45,4,35,1,1,0,2,1,0,1,0,11,0,RegularSeason,WildCard
1985,297,1923,2335,True,"35° F, Wind 1 mph",16,14,13,31,14,10,7,0,0,10,3,0,0,13,62,False,41,62,103,1864,1736,16,12,7,14,4,6,0,1,0,0,522,184,461,24,20,61,17,136,28,17,48,34,10,78,7,47,0,0,0,0,0,2,7,1,47,5,RegularSeason,WildCard
1985,298,1897,2919,True,"72° F, Indoors",12,18,13,3,17,7,3,0,0,3,7,0,0,10,30,False,71,55,126,2002,1598,19,10,15,12,7,4,0,2,0,0,468,214,183,26,17,285,45,96,23,13,118,32,9,63,6,50,1,0,1,3,2,1,0,3,0,18,RegularSeason,WildCard
1985,299,1816,2201,True,"27° F, Wind 4 mph",7,3,13,3,14,7,7,0,0,7,0,7,0,14,31,False,49,72,121,1575,2025,13,21,9,15,5,8,0,2,0,0,379,395,252,26,15,127,23,288,41,29,107,31,4,30,7,64,0,0,0,0,0,0,0,0,0,0,RegularSeason,WildCard
1985,300,1915,1847,True,"34° F, Wind 14 mph",17,10,13,0,0,7,7,0,3,10,0,3,0,16,14,False,61,56,117,1917,1683,16,15,14,10,5,3,3,1,3,1,327,271,176,18,13,151,43,159,18,12,112,38,6,60,7,75,2,0,0,0,0,0,2,1,13,6,RegularSeason,WildCard
1985,301,1908,2090,True,"21° F, Wind 15 mph",8,5,13,3,0,0,28,0,10,0,0,0,0,10,31,False,62,65,127,1955,1645,18,13,15,13,7,2,0,2,0,1,372,297,272,32,24,100,30,146,26,12,151,39,5,45,6,60,1,1,1,0,0,2,3,0,25,0,RegularSeason,WildCard
1985,302,1907,2537,True,"63° F, Wind 15 mph",2,15,13,7,13,8,2,0,21,7,0,0,0,28,30,False,65,52,117,2299,1301,16,10,16,12,7,4,0,1,0,0,340,436,228,34,22,112,31,170,24,14,266,28,3,25,9,66,0,0,0,0,0,0,3,3,26,28,RegularSeason,WildCard
1985,303,1908,1818,True,"28° F, Wind 32 mph",5,6,14,17,10,0,10,0,0,0,9,7,0,16,37,False,66,62,128,1750,1850,12,9,13,16,4,0,0,3,0,0,327,227,128,22,10,199,44,112,21,12,115,41,1,5,10,95,1,1,2,1,0,0,2,5,13,31,RegularSeason,WildCard
1985,304,1854,1839,True,"15° F, Wind 8 mph, Snow",10,13,14,7,7,0,10,0,10,0,0,10,0,20,24,False,52,51,103,1995,1605,13,15,12,8,6,2,1,0,1,0,364,301,225,19,14,139,33,172,20,11,129,31,7,40,6,35,1,1,0,3,0,1,1,2,8,14,RegularSeason,WildCard
1985,305,1824,2015,True,"28° F, Wind 11 mph",1,15,14,7,14,10,3,0,3,3,0,7,0,13,34,False,65,62,127,2036,1564,20,13,11,15,6,5,0,3,0,1,358,249,261,30,19,97,35,157,26,20,92,36,6,55,16,144,0,0,2,0,0,1,0,2,0,18,RegularSeason,WildCard
1985,306,2215,2606,True,"32° F, Wind 1 mph",17,4,14,0,3,3,7,0,3,3,0,14,0,20,13,False,65,59,124,2033,1567,15,10,16,13,3,1,1,1,0,1,214,290,49,18,9,165,47,215,31,17,75,28,2,20,4,32,0,0,0,0,0,1,4,1,25,11,RegularSeason,WildCard
1985,307,1809,2352,True,"24° F, Wind 4 mph",11,14,14,0,7,21,7,0,7,7,0,0,0,14,35,False,63,63,126,1711,1889,20,13,11,14,5,5,0,2,0,1,373,309,229,28,22,144,35,157,28,17,152,35,4,40,10,103,0,0,0,1,0,1,1,1,11,7,RegularSeason,WildCard
1985,308,1942,2330,True,"21° F, Wind 11 mph, Snow",7,2,14,7,0,7,3,0,7,3,0,7,6,23,17,True,57,70,127,1924,2171,15,18,13,17,5,8,0,0,0,0,352,312,188,35,18,164,22,220,35,19,92,35,6,55,7,55,0,0,0,0,0,0,1,0,7,0,RegularSeason,WildCard
1985,309,1897,1904,True,"11° F, Wind 8 mph, Ice",8,12,14,0,3,0,14,0,7,0,7,14,0,28,17,False,61,70,131,1639,1961,16,18,14,16,5,9,2,1,1,0,358,409,260,35,22,98,26,229,30,17,180,40,8,56,6,60,3,1,0,0,0,0,4,3,23,22,RegularSeason,WildCard
1985,310,1869,2257,True,"43° F, Wind 4 mph",9,3,14,0,0,10,15,0,3,2,7,6,0,18,25,False,57,59,116,1685,1915,20,17,10,13,6,5,0,1,0,1,420,403,245,32,24,175,25,327,35,29,76,24,2,25,8,78,1,1,0,0,0,0,4,1,27,6,RegularSeason,WildCard
1985,311,1923,1830,True,"38° F, Wind 8 mph",18,16,14,0,20,3,0,0,10,10,0,7,0,27,23,False,63,54,117,2023,1577,18,11,11,14,3,3,1,1,1,1,397,307,237,28,16,160,35,229,31,16,78,23,2,20,4,26,1,1,2,0,0,0,1,4,11,25,RegularSeason,WildCard
1985,312,1889,1904,True,"72° F, Indoors",12,10,15,7,3,3,7,0,7,0,0,7,0,14,20,False,70,61,131,1944,1656,20,14,13,14,4,5,2,3,1,2,369,315,144,19,14,225,51,128,21,13,187,40,6,60,8,80,1,0,0,1,1,0,1,2,6,12,RegularSeason,WildCard
1985,313,1809,1858,True,"47° F, Wind 5 mph",14,18,15,7,24,3,3,0,7,3,0,7,0,17,37,False,60,60,120,1846,1754,16,16,12,14,5,6,0,1,0,1,371,304,107,17,11,264,43,231,32,20,73,28,8,65,6,49,1,0,1,0,0,4,0,2,0,12,RegularSeason,WildCard
1985,314,2315,2199,True,"72° F, Indoors",13,11,15,3,0,3,0,0,7,7,3,7,0,24,6,False,62,63,125,1770,1830,9,10,16,19,4,8,3,1,2,1,184,200,137,23,15,47,39,93,23,16,107,40,6,55,9,78,4,1,2,0,0,0,2,1,10,10,RegularSeason,WildCard
1985,315,1823,2094,True,"11° F, Wind 11 mph, Ice",8,6,15,7,0,7,10,0,3,17,0,3,0,23,24,False,61,54,115,1717,1883,14,15,13,11,7,3,2,1,1,0,267,307,172,25,15,95,36,130,16,11,177,38,5,40,6,52,1,1,0,1,0,0,0,2,0,13,RegularSeason,WildCard
1985,316,1923,1936,True,"37° F, Wind 13 mph",16,2,15,14,16,7,7,0,0,0,0,3,0,3,44,False,68,51,119,2233,1367,24,9,12,11,7,1,0,3,0,0,510,191,395,34,24,115,34,138,25,16,53,26,2,20,10,90,0,0,0,1,0,0,2,1,14,0,RegularSeason,WildCard
1985,317,1988,2257,True,"47° F, Wind 11 mph",15,3,15,14,3,3,8,0,7,7,7,14,0,35,28,False,60,68,128,1427,2173,17,22,16,14,9,9,1,1,1,1,407,487,193,30,19,214,30,352,40,27,135,28,6,45,9,87,1,0,0,0,0,0,2,1,7,6,RegularSeason,WildCard
1985,318,1869,2343,True,"35° F, Wind 12 mph",9,7,15,14,3,7,9,0,10,7,0,8,0,25,33,False,72,54,126,1979,1621,21,16,17,10,10,3,0,0,0,0,474,313,282,29,22,192,43,246,31,22,67,23,7,68,10,93,0,0,0,1,0,0,1,0,6,0,RegularSeason,WildCard
1985,319,1906,1875,True,"25° F, Wind 8 mph, Snow",1,17,15,14,7,7,3,0,0,6,0,7,0,13,31,False,52,63,115,1822,1778,15,20,10,13,5,5,1,1,1,1,332,371,228,27,20,104,25,160,24,17,211,39,3,20,9,79,2,0,1,0,0,1,1,2,6,11,RegularSeason,WildCard
1985,320,2081,2092,True,"26° F, Wind 13 mph, Snow",5,4,15,0,6,0,7,0,3,10,6,0,0,19,13,False,69,59,128,1785,1815,13,6,18,17,3,2,2,0,2,0,210,186,162,34,19,48,35,142,18,11,44,41,2,15,7,57,1,1,1,0,0,0,3,1,28,6,RegularSeason,WildCard
1985,321,1916,2147,True,"72° F, Indoors",12,5,16,7,14,7,3,0,0,0,0,7,0,7,31,False,59,64,123,2015,1585,15,10,13,17,3,4,0,3,0,1,316,195,187,21,17,129,38,156,35,16,39,29,5,55,7,80,0,0,0,2,0,1,1,4,6,26,RegularSeason,WildCard
1985,322,1824,2220,True,"61° F, Wind 13 mph",2,1,16,3,7,7,3,0,14,14,0,6,0,34,20,False,60,60,120,1632,1968,12,15,13,13,2,5,2,0,1,0,294,440,180,26,16,114,34,267,27,16,173,33,4,49,7,48,4,3,0,1,1,0,2,3,18,19,RegularSeason,WildCard
1985,323,1964,2350,True,"72° F, Indoors",3,4,16,3,14,0,10,6,7,3,3,14,0,27,33,True,73,55,128,2165,1782,18,16,12,12,3,4,1,0,1,0,413,530,260,36,22,153,37,376,29,17,154,26,4,60,9,74,1,0,2,2,2,1,0,6,0,36,RegularSeason,WildCard
1985,324,2292,1810,True,"32° F, Wind 14 mph",17,15,16,3,0,3,7,0,3,7,0,0,0,10,13,False,75,61,136,2129,1471,21,13,14,13,6,3,1,1,0,0,367,251,169,29,19,198,46,138,31,13,113,30,4,35,4,40,1,1,1,2,0,1,1,0,6,0,RegularSeason,WildCard
1985,325,1910,2192,True,"36° F, Wind 5 mph",18,14,16,7,3,0,14,0,0,6,7,21,0,34,24,False,64,55,119,1863,1737,17,11,14,15,5,8,3,0,1,0,323,301,227,31,22,96,33,47,7,5,254,48,4,40,8,54,4,1,0,1,0,0,2,1,10,7,RegularSeason,WildCard
1985,326,1923,1955,True,"33° F, Wind 6 mph",16,11,16,7,3,14,21,0,7,10,7,0,0,24,45,False,55,71,126,1644,1956,15,16,10,18,4,9,0,1,0,0,549,408,494,29,22,55,26,281,34,29,127,37,6,63,11,100,0,0,0,0,0,0,2,2,15,16,RegularSeason,WildCard
1985,327,1823,1817,True,"22° F, Wind 9 mph",6,13,16,7,0,0,7,0,0,0,3,6,0,9,14,False,63,58,121,2173,1427,16,10,14,14,7,4,0,3,0,1,280,188,173,20,13,107,43,101,30,15,87,28,8,72,8,62,0,0,1,0,0,0,0,1,0,5,RegularSeason,WildCard
1985,328,1816,1960,True,"35° F, Wind 14 mph",7,10,16,0,10,0,21,6,21,10,0,0,0,31,37,True,66,61,127,2073,2073,23,15,11,13,5,6,0,0,0,0,477,318,347,34,23,130,32,108,19,15,210,42,6,42,10,68,2,1,0,0,0,0,3,0,24,0,RegularSeason,WildCard
1985,329,1833,1957,True,"30° F, Wind 8 mph",9,8,16,7,10,0,7,6,0,7,7,10,0,24,30,True,69,71,140,1835,2454,24,26,10,9,5,5,1,0,1,0,445,410,281,38,26,164,31,272,37,31,138,34,6,50,10,70,2,2,0,3,1,1,0,2,0,16,RegularSeason,WildCard
1985,337,1824,1839,True,"74° F, Wind 0 mph",-1000,-1001,17,0,6,10,0,0,7,14,0,0,0,21,16,False,66,48,114,1972,1628,21,11,12,13,6,6,2,0,1,0,343,211,178,26,22,165,40,90,12,11,121,36,3,34,5,41,2,1,1,1,0,0,2,3,14,24,ProBowl,WildCard
