Season,PlayerID,QB,RB,FB,WR,TE,G,T,C,P,K,DT,DE,LB,CB,SS,FS,Type
1985,1809,1,84,47,1,1,1,1,1,1,1,1,1,1,1,1,1,
1985,1810,1,1,1,1,1,1,1,1,1,1,1,43,94,1,36,1,
1985,1811,1,1,1,1,1,1,1,1,1,1,1,1,1,79,63,97,
1985,1812,1,41,75,1,1,1,1,1,1,1,1,1,1,1,1,1,
1985,1813,91,1,1,1,1,1,1,1,1,1,1,1,1,1,1,1,
1985,1814,1,85,67,1,1,1,1,1,1,1,1,1,1,1,1,1,
1985,1815,84,1,1,1,1,1,1,1,1,1,1,1,1,1,1,1,
1985,1816,91,1,1,1,1,1,1,1,1,1,1,1,1,1,1,1,
1985,1817,1,1,1,1,1,1,1,1,1,1,1,38,100,1,60,1,
1985,1818,1,1,1,1,1,1,1,1,1,1,37,91,21,1,1,1,
1985,1819,95,1,1,1,1,1,1,1,1,1,1,1,1,1,1,1,
1985,1820,1,1,1,1,1,99,53,35,1,1,1,1,1,1,1,1,
1985,1821,1,1,1,1,1,1,1,1,1,1,96,31,1,1,1,1,
1985,1822,1,1,1,100,31,1,1,1,1,1,1,1,1,1,1,1,
1985,1823,1,100,89,1,1,1,1,1,1,1,1,1,1,1,1,1,
1985,1824,1,86,28,1,1,1,1,1,1,1,1,1,1,1,1,1,
1985,1825,1,1,1,1,1,1,1,1,1,1,1,1,29,1,100,26,
1985,1826,1,1,1,74,42,1,1,1,1,1,1,1,1,1,1,1,
1985,1827,1,1,1,94,50,1,1,1,1,1,1,1,1,1,1,1,
1985,1828,1,1,1,1,1,54,91,33,1,1,1,1,1,1,1,1,
1985,1829,1,1,1,1,1,1,1,1,1,1,1,1,41,1,85,59,
1985,1830,1,1,1,1,1,1,1,1,1,1,1,59,98,1,42,1,
1985,1831,1,96,32,1,1,1,1,1,1,1,1,1,1,1,1,1,
1985,1832,81,1,1,1,1,1,1,1,1,1,1,1,1,1,1,1,
1985,1833,1,88,26,1,1,1,1,1,1,1,1,1,1,1,1,1,
1985,1834,1,1,1,1,1,27,96,31,1,1,1,1,1,1,1,1,
1985,1835,1,1,1,1,1,24,94,36,1,1,1,1,1,1,1,1,
1985,1836,1,1,1,1,1,50,44,87,1,1,1,1,1,1,1,1,
1985,1837,1,1,1,1,1,31,38,100,1,1,1,1,1,1,1,1,
1985,1838,1,1,1,1,1,1,1,1,1,1,1,30,87,1,39,1,
1985,1839,1,1,1,1,1,1,1,1,1,1,40,95,25,1,1,1,
1985,1840,1,1,1,1,1,95,33,44,1,1,1,1,1,1,1,1,
1985,1841,1,1,1,1,1,83,58,50,1,1,1,1,1,1,1,1,
1985,1842,1,1,1,1,1,98,37,43,1,1,1,1,1,1,1,1,
1985,1843,1,1,1,1,1,1,1,1,1,1,1,23,98,1,40,1,
1985,1844,1,1,1,1,1,1,1,1,1,1,18,100,10,1,1,1,
1985,1845,1,1,1,1,1,25,80,25,1,1,1,1,1,1,1,1,
1985,1846,1,1,1,1,1,25,86,36,1,1,1,1,1,1,1,1,
1985,1847,1,1,1,1,1,1,1,1,1,1,35,77,15,1,1,1,
1985,1848,1,1,1,1,1,1,1,1,1,1,1,28,95,1,50,1,
1985,1849,1,1,1,1,1,1,1,1,1,1,1,1,1,83,52,25,
1985,1850,1,1,1,1,1,1,1,1,1,1,1,1,19,1,91,16,
1985,1851,100,1,1,1,1,1,1,1,1,1,1,1,1,1,1,1,
1985,1852,1,1,1,86,43,1,1,1,1,1,1,1,1,1,1,1,
1985,1853,1,82,58,1,1,1,1,1,1,1,1,1,1,1,1,1,
1985,1854,1,75,24,1,1,1,1,1,1,1,1,1,1,1,1,1,
1985,1855,1,1,1,85,26,1,1,1,1,1,1,1,1,1,1,1,
1985,1856,1,1,1,1,1,33,50,73,1,1,1,1,1,1,1,1,
1985,1857,1,1,1,1,1,1,1,1,1,1,38,100,26,1,1,1,
1985,1858,1,1,1,1,1,1,1,1,1,1,1,59,78,1,48,1,
1985,1859,1,1,1,1,1,1,1,1,1,1,1,1,1,85,65,38,
1985,1860,1,1,1,1,1,1,1,1,1,1,95,40,1,1,1,1,
1985,1861,1,1,1,1,1,1,1,1,1,1,1,1,1,100,17,18,
1985,1862,1,1,1,1,1,1,1,1,1,1,1,1,1,89,20,19,
1985,1863,1,1,1,1,1,1,1,1,1,1,1,36,68,1,33,1,
1985,1864,1,89,50,1,1,1,1,1,1,1,1,1,1,1,1,1,
1985,1865,1,1,1,1,1,27,100,28,1,1,1,1,1,1,1,1,
1985,1866,1,1,1,1,1,59,54,94,1,1,1,1,1,1,1,1,
1985,1867,1,1,1,1,1,37,38,98,1,1,1,1,1,1,1,1,
1985,1868,1,1,1,1,1,1,1,1,1,1,1,10,100,1,17,1,
1985,1869,84,1,1,1,1,1,1,1,1,1,1,1,1,1,1,1,
1985,1870,1,1,1,78,41,1,1,1,1,1,1,1,1,1,1,1,
1985,1871,1,1,1,1,1,30,51,99,1,1,1,1,1,1,1,1,
1985,1872,1,1,1,1,1,42,78,42,1,1,1,1,1,1,1,1,
1985,1873,1,1,1,1,1,82,33,40,1,1,1,1,1,1,1,1,
1985,1874,1,1,1,1,1,91,17,38,1,1,1,1,1,1,1,1,
1985,1875,1,1,1,1,1,1,1,1,1,1,37,88,40,1,1,1,
1985,1876,1,1,1,1,1,1,1,1,1,1,1,36,86,1,42,1,
1985,1877,1,1,1,1,1,1,1,1,1,1,1,19,95,1,39,1,
1985,1878,1,1,1,1,1,1,1,1,1,1,1,1,34,1,88,41,
1985,1879,1,82,39,1,1,1,1,1,1,1,1,1,1,1,1,1,
1985,1880,1,1,1,100,49,1,1,1,1,1,1,1,1,1,1,1,
1985,1881,100,1,1,1,1,1,1,1,1,1,1,1,1,1,1,1,
1985,1882,100,1,1,1,1,1,1,1,1,1,1,1,1,1,1,1,
1985,1883,1,1,1,7,96,1,1,1,1,1,1,1,1,1,1,1,
1985,1884,1,1,1,1,1,17,68,34,1,1,1,1,1,1,1,1,
1985,1885,1,1,1,1,1,1,1,1,1,1,1,1,1,5,9,97,
1985,1886,1,1,1,1,1,100,10,19,1,1,1,1,1,1,1,1,
1985,1887,1,1,1,32,80,1,1,1,1,1,1,1,1,1,1,1,
1985,1888,77,1,1,1,1,1,1,1,1,1,1,1,1,1,1,1,
1985,1889,1,78,35,1,1,1,1,1,1,1,1,1,1,1,1,1,
1985,1890,1,1,1,1,1,1,1,1,1,1,1,38,75,1,38,1,
1985,1891,1,1,1,1,1,1,1,1,1,1,26,100,36,1,1,1,
1985,1892,1,1,1,1,1,1,1,1,1,1,1,1,1,61,13,2,
1985,1893,1,97,28,1,1,1,1,1,1,1,1,1,1,1,1,1,
1985,1894,1,80,26,1,1,1,1,1,1,1,1,1,1,1,1,1,
1985,1895,90,1,1,1,1,1,1,1,1,1,1,1,1,1,1,1,
1985,1896,1,75,57,1,1,1,1,1,1,1,1,1,1,1,1,1,
1985,1897,1,96,16,1,1,1,1,1,1,1,1,1,1,1,1,1,
1985,1898,1,69,29,1,1,1,1,1,1,1,1,1,1,1,1,1,
1985,1899,1,1,1,79,51,1,1,1,1,1,1,1,1,1,1,1,
1985,1900,1,1,1,96,28,1,1,1,1,1,1,1,1,1,1,1,
1985,1901,1,1,1,1,1,1,1,1,1,1,1,1,52,1,75,44,
1985,1902,1,1,1,1,1,1,1,1,1,1,81,45,1,1,1,1,
1985,1903,1,1,1,1,1,8,98,21,1,1,1,1,1,1,1,1,
1985,1904,1,1,1,1,1,1,1,1,1,1,1,15,51,1,15,1,
1985,1905,1,82,53,1,1,1,1,1,1,1,1,1,1,1,1,1,
1985,1906,84,1,1,1,1,1,1,1,1,1,1,1,1,1,1,1,
1985,1907,1,85,34,1,1,1,1,1,1,1,1,1,1,1,1,1,
1985,1908,1,96,6,1,1,1,1,1,1,1,1,1,1,1,1,1,
1985,1909,1,96,17,1,1,1,1,1,1,1,1,1,1,1,1,1,
1985,1910,1,94,34,1,1,1,1,1,1,1,1,1,1,1,1,1,
1985,1911,1,68,38,1,1,1,1,1,1,1,1,1,1,1,1,1,
1985,1912,1,1,1,97,13,1,1,1,1,1,1,1,1,1,1,1,
1985,1913,1,1,1,93,9,1,1,1,1,1,1,1,1,1,1,1,
1985,1914,1,1,1,89,41,1,1,1,1,1,1,1,1,1,1,1,
1985,1915,1,1,1,1,1,48,79,61,1,1,1,1,1,1,1,1,
1985,1916,1,1,1,1,1,90,23,20,1,1,1,1,1,1,1,1,
1985,1917,1,1,1,1,1,46,50,76,1,1,1,1,1,1,1,1,
1985,1918,1,1,1,1,1,1,1,1,1,1,30,81,42,1,1,1,
1985,1919,1,1,1,1,1,1,1,1,1,1,9,100,26,1,1,1,
1985,1920,1,1,1,1,1,1,1,1,1,1,1,38,100,1,21,1,
1985,1921,1,1,1,1,1,1,1,1,1,1,1,1,1,83,17,15,
1985,1922,1,1,1,1,1,100,36,30,1,1,1,1,1,1,1,1,
1985,1923,72,1,1,1,1,1,1,1,1,1,1,1,1,1,1,1,
1985,1924,66,1,1,1,1,1,1,1,1,1,1,1,1,1,1,1,
1985,1925,1,1,1,98,24,1,1,1,1,1,1,1,1,1,1,1,
1985,1926,1,1,1,1,1,100,32,15,1,1,1,1,1,1,1,1,
1985,1927,76,1,1,1,1,1,1,1,1,1,1,1,1,1,1,1,
1985,1928,1,1,1,89,23,1,1,1,1,1,1,1,1,1,1,1,
1985,1929,1,1,1,1,1,51,82,26,1,1,1,1,1,1,1,1,
1985,1930,1,1,1,1,1,18,97,29,1,1,1,1,1,1,1,1,
1985,1931,1,1,1,1,1,23,100,8,1,1,1,1,1,1,1,1,
1985,1932,1,1,1,1,1,37,96,19,1,1,1,1,1,1,1,1,
1985,1933,1,1,1,1,1,36,29,92,1,1,1,1,1,1,1,1,
1985,1934,1,1,1,1,1,39,35,78,1,1,1,1,1,1,1,1,
1985,1935,1,1,1,1,1,1,1,1,1,1,27,76,23,1,1,1,
1985,1936,1,1,1,1,1,1,1,1,1,1,19,99,41,1,1,1,
1985,1937,1,1,1,1,1,1,1,1,1,1,1,21,99,1,25,1,
1985,1938,1,1,1,1,1,1,1,1,1,1,1,1,1,79,42,52,
1985,1939,1,1,1,1,1,1,1,1,1,1,1,1,1,12,15,100,
1985,1940,1,1,1,1,1,1,1,1,1,1,87,15,1,1,1,1,
1985,1941,1,1,1,82,16,1,1,1,1,1,1,1,1,1,1,1,
1985,1942,1,72,11,1,1,1,1,1,1,1,1,1,1,1,1,1,
1985,1943,1,1,1,78,32,1,1,1,1,1,1,1,1,1,1,1,
1985,1944,100,1,1,1,1,1,1,1,1,1,1,1,1,1,1,1,
1985,1945,74,1,1,1,1,1,1,1,1,1,1,1,1,1,1,1,
1985,1946,1,89,19,1,1,1,1,1,1,1,1,1,1,1,1,1,
1985,1947,1,95,14,1,1,1,1,1,1,1,1,1,1,1,1,1,
1985,1948,1,1,1,26,100,1,1,1,1,1,1,1,1,1,1,1,
1985,1949,1,1,1,1,1,33,79,24,1,1,1,1,1,1,1,1,
1985,1950,1,1,1,1,1,84,11,19,1,1,1,1,1,1,1,1,
1985,1951,1,1,1,1,1,14,9,81,1,1,1,1,1,1,1,1,
1985,1952,1,1,1,1,1,5,20,89,1,1,1,1,1,1,1,1,
1985,1953,1,1,1,1,1,1,1,1,1,1,16,77,36,1,1,1,
1985,1954,1,1,1,1,1,1,1,1,1,1,15,85,23,1,1,1,
1985,1955,1,1,1,1,1,1,1,1,1,1,1,16,82,1,14,1,
1985,1956,1,1,1,1,1,1,1,1,1,1,1,1,1,91,25,28,
1985,1957,1,1,1,1,1,1,1,1,1,1,1,1,1,67,26,47,
1985,1958,1,1,1,1,1,1,1,1,1,1,1,1,1,26,17,84,
1985,1959,1,1,1,62,7,1,1,1,1,1,1,1,1,1,1,1,
1985,1960,1,1,1,1,1,1,1,1,1,1,1,1,1,70,34,35,
1985,1961,1,65,56,1,1,1,1,1,1,1,1,1,1,1,1,1,
1985,1962,1,85,25,1,1,1,1,1,1,1,1,1,1,1,1,1,
1985,1963,1,37,100,1,1,1,1,1,1,1,1,1,1,1,1,1,
1985,1964,75,1,1,1,1,1,1,1,1,1,1,1,1,1,1,1,
1985,1965,1,72,34,1,1,1,1,1,1,1,1,1,1,1,1,1,
1985,1966,1,1,1,99,24,1,1,1,1,1,1,1,1,1,1,1,
1985,1967,1,1,1,88,23,1,1,1,1,1,1,1,1,1,1,1,
1985,1968,1,1,1,18,100,1,1,1,1,1,1,1,1,1,1,1,
1985,1969,1,1,1,1,1,32,100,32,1,1,1,1,1,1,1,1,
1985,1970,1,1,1,1,1,29,27,91,1,1,1,1,1,1,1,1,
1985,1971,1,1,1,1,1,1,1,1,1,1,31,77,15,1,1,1,
1985,1972,1,1,1,1,1,1,1,1,1,1,24,86,35,1,1,1,
1985,1973,1,1,1,1,1,1,1,1,1,1,25,73,35,1,1,1,
1985,1974,1,1,1,1,1,1,1,1,1,1,18,93,15,1,1,1,
1985,1975,1,1,1,1,1,1,1,1,1,1,1,1,1,89,27,25,
1985,1976,1,1,1,1,1,1,1,1,1,1,1,1,42,1,78,34,
1985,1977,1,1,1,1,1,1,1,1,1,95,1,1,1,1,1,1,
1985,1978,1,1,1,1,1,1,1,1,1,1,97,38,1,1,1,1,
1985,1979,1,1,1,1,1,1,1,1,1,1,90,30,1,1,1,1,
1985,1980,1,1,1,36,93,1,1,1,1,1,1,1,1,1,1,1,
1985,1981,1,1,1,1,1,1,1,1,1,1,1,21,90,1,9,1,
1985,1982,1,1,1,1,1,1,1,1,1,1,1,1,1,22,23,59,
1985,1983,1,1,1,70,8,1,1,1,1,1,1,1,1,1,1,1,
1985,1984,1,1,1,1,1,1,1,1,1,1,1,1,1,68,31,20,
1985,1985,1,1,1,1,1,1,1,1,1,1,1,1,1,81,25,30,
1985,1986,1,17,89,1,1,1,1,1,1,1,1,1,1,1,1,1,
1985,1987,58,1,1,1,1,1,1,1,1,1,1,1,1,1,1,1,
1985,1988,1,1,1,62,18,1,1,1,1,1,1,1,1,1,1,1,
1985,1989,75,1,1,1,1,1,1,1,1,1,1,1,1,1,1,1,
1985,1990,1,1,1,1,1,1,1,1,1,1,82,55,1,1,1,1,
1985,1991,1,1,1,1,1,86,54,42,1,1,1,1,1,1,1,1,
1985,1992,1,1,1,1,1,1,1,1,1,1,1,1,1,1,93,23,
1985,1993,87,1,1,1,1,1,1,1,1,1,1,1,1,1,1,1,
1985,1994,100,1,1,1,1,1,1,1,1,1,1,1,1,1,1,1,
1985,1995,1,70,20,1,1,1,1,1,1,1,1,1,1,1,1,1,
1985,1996,1,80,30,1,1,1,1,1,1,1,1,1,1,1,1,1,
1985,1997,1,88,4,1,1,1,1,1,1,1,1,1,1,1,1,1,
1985,1998,1,1,1,73,32,1,1,1,1,1,1,1,1,1,1,1,
1985,1999,1,1,1,76,27,1,1,1,1,1,1,1,1,1,1,1,
1985,2000,1,1,1,23,92,1,1,1,1,1,1,1,1,1,1,1,
1985,2001,1,1,1,1,1,17,58,42,1,1,1,1,1,1,1,1,
1985,2002,1,1,1,1,1,28,100,17,1,1,1,1,1,1,1,1,
1985,2003,1,1,1,1,1,36,85,44,1,1,1,1,1,1,1,1,
1985,2004,1,1,1,1,1,4,90,8,1,1,1,1,1,1,1,1,
1985,2005,1,1,1,1,1,95,15,40,1,1,1,1,1,1,1,1,
1985,2006,1,1,1,1,1,100,44,25,1,1,1,1,1,1,1,1,
1985,2007,1,1,1,1,1,10,20,80,1,1,1,1,1,1,1,1,
1985,2008,1,1,1,1,1,37,22,87,1,1,1,1,1,1,1,1,
1985,2009,1,1,1,1,1,11,22,89,1,1,1,1,1,1,1,1,
1985,2010,1,1,1,1,1,22,15,64,1,1,1,1,1,1,1,1,
1985,2011,1,1,1,1,1,32,46,62,1,1,1,1,1,1,1,1,
1985,2012,1,1,1,1,1,20,33,91,1,1,1,1,1,1,1,1,
1985,2013,1,1,1,1,1,25,30,97,1,1,1,1,1,1,1,1,
1985,2014,1,1,1,1,1,1,1,1,1,1,24,70,14,1,1,1,
1985,2015,1,1,1,1,1,1,1,1,1,1,39,61,25,1,1,1,
1985,2016,1,1,1,1,1,1,1,1,1,1,40,97,32,1,1,1,
1985,2017,1,1,1,1,1,1,1,1,1,1,1,23,100,1,36,1,
1985,2018,1,1,1,1,1,1,1,1,1,1,1,34,80,1,39,1,
1985,2019,1,1,1,1,1,1,1,1,1,1,1,24,73,1,16,1,
1985,2020,1,1,1,1,1,1,1,1,1,1,1,1,1,72,23,10,
1985,2021,1,1,1,1,1,1,1,1,1,1,1,1,31,1,95,19,
1985,2022,1,1,1,1,1,1,1,1,1,1,1,1,32,1,77,32,
1985,2023,1,1,1,1,1,1,1,1,1,1,1,1,1,92,15,18,
1985,2024,1,1,1,1,1,1,1,1,1,1,1,1,19,1,75,5,
1985,2025,1,1,1,1,1,1,1,1,1,1,1,1,1,99,18,4,
1985,2026,1,16,75,1,1,1,1,1,1,1,1,1,1,1,1,1,
1985,2027,1,1,1,24,97,1,1,1,1,1,1,1,1,1,1,1,
1985,2028,1,1,1,1,1,16,92,12,1,1,1,1,1,1,1,1,
1985,2029,1,1,1,75,24,1,1,1,1,1,1,1,1,1,1,1,
1985,2030,1,34,89,1,1,1,1,1,1,1,1,1,1,1,1,1,
1985,2031,1,1,1,1,1,1,1,1,1,1,1,1,18,1,60,23,
1985,2032,1,14,36,1,1,1,1,1,1,1,1,1,1,1,1,1,
1985,2033,1,1,1,93,3,1,1,1,1,1,1,1,1,1,1,1,
1985,2034,1,94,20,1,1,1,1,1,1,1,1,1,1,1,1,1,
1985,2035,1,1,1,1,1,1,1,1,1,1,100,38,1,1,1,1,
1985,2036,72,1,1,1,1,1,1,1,1,1,1,1,1,1,1,1,
1985,2037,1,65,38,1,1,1,1,1,1,1,1,1,1,1,1,1,
1985,2038,1,64,9,1,1,1,1,1,1,1,1,1,1,1,1,1,
1985,2039,1,83,21,1,1,1,1,1,1,1,1,1,1,1,1,1,
1985,2040,1,54,31,1,1,1,1,1,1,1,1,1,1,1,1,1,
1985,2041,1,1,1,1,1,19,94,31,1,1,1,1,1,1,1,1,
1985,2042,1,1,1,1,1,72,18,24,1,1,1,1,1,1,1,1,
1985,2043,1,1,1,1,1,80,38,21,1,1,1,1,1,1,1,1,
1985,2044,1,1,1,1,1,89,28,19,1,1,1,1,1,1,1,1,
1985,2045,1,1,1,1,1,77,15,14,1,1,1,1,1,1,1,1,
1985,2046,1,1,1,1,1,63,29,21,1,1,1,1,1,1,1,1,
1985,2047,1,1,1,1,1,98,17,21,1,1,1,1,1,1,1,1,
1985,2048,1,1,1,1,1,96,30,34,1,1,1,1,1,1,1,1,
1985,2049,1,1,1,1,1,89,28,22,1,1,1,1,1,1,1,1,
1985,2050,1,1,1,1,1,30,37,91,1,1,1,1,1,1,1,1,
1985,2051,1,1,1,1,1,20,19,68,1,1,1,1,1,1,1,1,
1985,2052,1,1,1,1,1,33,22,78,1,1,1,1,1,1,1,1,
1985,2053,1,1,1,1,1,1,1,1,1,1,1,31,76,1,39,1,
1985,2054,1,1,1,1,1,1,1,1,1,1,1,23,92,1,38,1,
1985,2055,1,1,1,1,1,1,1,1,1,1,1,1,24,1,72,19,
1985,2056,1,1,1,1,1,1,1,1,1,1,1,1,20,1,85,8,
1985,2057,1,1,1,1,1,1,1,1,1,1,1,1,1,37,35,95,
1985,2058,1,1,1,1,1,1,1,1,1,1,1,1,1,47,31,75,
1985,2059,1,1,1,1,1,1,1,1,1,1,52,7,1,1,1,1,
1985,2060,1,1,1,1,1,31,81,22,1,1,1,1,1,1,1,1,
1985,2061,1,1,1,75,22,1,1,1,1,1,1,1,1,1,1,1,
1985,2062,1,1,1,1,1,1,1,1,1,1,1,13,53,1,17,1,
1985,2063,1,76,21,1,1,1,1,1,1,1,1,1,1,1,1,1,
1985,2064,1,1,1,1,1,1,1,1,1,1,1,1,1,58,12,24,
1985,2065,1,1,1,1,1,1,1,1,1,1,1,1,1,93,15,14,
1985,2066,1,1,1,14,77,1,1,1,1,1,1,1,1,1,1,1,
1985,2067,1,1,1,52,13,1,1,1,1,1,1,1,1,1,1,1,
1985,2068,1,1,1,56,91,1,1,1,1,1,1,1,1,1,1,1,
1985,2069,1,99,21,1,1,1,1,1,1,1,1,1,1,1,1,1,
1985,2070,1,98,12,1,1,1,1,1,1,1,1,1,1,1,1,1,
1985,2071,1,1,1,85,39,1,1,1,1,1,1,1,1,1,1,1,
1985,2072,78,1,1,1,1,1,1,1,1,1,1,1,1,1,1,1,
1985,2073,73,1,1,1,1,1,1,1,1,1,1,1,1,1,1,1,
1985,2074,74,1,1,1,1,1,1,1,1,1,1,1,1,1,1,1,
1985,2075,97,1,1,1,1,1,1,1,1,1,1,1,1,1,1,1,
1985,2076,94,1,1,1,1,1,1,1,1,1,1,1,1,1,1,1,
1985,2077,1,34,23,1,1,1,1,1,1,1,1,1,1,1,1,1,
1985,2078,1,3,94,1,1,1,1,1,1,1,1,1,1,1,1,1,
1985,2079,1,1,1,73,20,1,1,1,1,1,1,1,1,1,1,1,
1985,2080,1,1,1,60,6,1,1,1,1,1,1,1,1,1,1,1,
1985,2081,1,1,1,1,1,29,88,27,1,1,1,1,1,1,1,1,
1985,2082,1,1,1,1,1,27,89,28,1,1,1,1,1,1,1,1,
1985,2083,1,1,1,1,1,16,99,15,1,1,1,1,1,1,1,1,
1985,2084,1,1,1,1,1,21,100,30,1,1,1,1,1,1,1,1,
1985,2085,1,1,1,1,1,36,38,100,1,1,1,1,1,1,1,1,
1985,2086,1,1,1,1,1,11,23,73,1,1,1,1,1,1,1,1,
1985,2087,1,1,1,1,1,1,1,1,1,1,29,82,32,1,1,1,
1985,2088,1,1,1,1,1,1,1,1,1,1,24,79,34,1,1,1,
1985,2089,1,1,1,1,1,1,1,1,1,1,27,100,35,1,1,1,
1985,2090,1,1,1,1,1,1,1,1,1,1,1,36,80,1,46,1,
1985,2091,1,1,1,1,1,1,1,1,1,1,1,40,95,1,22,1,
1985,2092,1,1,1,1,1,1,1,1,1,1,1,29,71,1,31,1,
1985,2093,1,1,1,1,1,1,1,1,1,1,1,7,99,1,20,1,
1985,2094,1,1,1,1,1,1,1,1,1,1,1,27,91,1,21,1,
1985,2095,1,1,1,1,1,1,1,1,1,1,1,1,1,77,11,6,
1985,2096,1,1,1,1,1,1,1,1,1,1,1,1,1,44,14,12,
1985,2097,1,1,1,1,1,1,1,1,1,1,1,1,37,1,61,20,
1985,2098,1,1,1,1,1,1,1,1,1,1,1,1,17,1,56,20,
1985,2099,1,1,1,1,1,1,1,1,1,1,1,1,17,1,91,30,
1985,2100,1,1,1,1,1,1,1,1,1,1,1,1,1,29,18,100,
1985,2101,1,1,1,1,1,1,1,1,1,1,1,1,1,22,10,100,
1985,2102,1,1,1,1,1,1,1,1,1,100,1,1,1,1,1,1,
1985,2103,1,1,1,1,1,1,1,1,1,1,83,15,1,1,1,1,
1985,2104,1,1,1,1,1,1,1,1,1,1,74,35,1,1,1,1,
1985,2105,54,1,1,1,1,1,1,1,1,1,1,1,1,1,1,1,
1985,2106,1,1,1,61,30,1,1,1,1,1,1,1,1,1,1,1,
1985,2107,1,1,1,1,1,23,75,41,1,1,1,1,1,1,1,1,
1985,2108,1,1,1,67,11,1,1,1,1,1,1,1,1,1,1,1,
1985,2109,1,40,27,1,1,1,1,1,1,1,1,1,1,1,1,1,
1985,2110,1,45,18,1,1,1,1,1,1,1,1,1,1,1,1,1,
1985,2111,1,1,1,1,1,1,1,1,1,1,1,1,34,1,98,18,
1985,2112,1,87,19,1,1,1,1,1,1,1,1,1,1,1,1,1,
1985,2113,1,16,92,1,1,1,1,1,1,1,1,1,1,1,1,1,
1985,2114,1,29,97,1,1,1,1,1,1,1,1,1,1,1,1,1,
1985,2115,61,1,1,1,1,1,1,1,1,1,1,1,1,1,1,1,
1985,2116,90,1,1,1,1,1,1,1,1,1,1,1,1,1,1,1,
1985,2117,1,74,6,1,1,1,1,1,1,1,1,1,1,1,1,1,
1985,2118,1,82,29,1,1,1,1,1,1,1,1,1,1,1,1,1,
1985,2119,1,48,22,1,1,1,1,1,1,1,1,1,1,1,1,1,
1985,2120,1,86,10,1,1,1,1,1,1,1,1,1,1,1,1,1,
1985,2121,1,97,26,1,1,1,1,1,1,1,1,1,1,1,1,1,
1985,2122,1,1,1,95,1,1,1,1,1,1,1,1,1,1,1,1,
1985,2123,1,1,1,87,22,1,1,1,1,1,1,1,1,1,1,1,
1985,2124,1,1,1,17,96,1,1,1,1,1,1,1,1,1,1,1,
1985,2125,1,1,1,1,1,12,75,10,1,1,1,1,1,1,1,1,
1985,2126,1,1,1,1,1,28,69,40,1,1,1,1,1,1,1,1,
1985,2127,1,1,1,1,1,28,74,28,1,1,1,1,1,1,1,1,
1985,2128,1,1,1,1,1,90,31,30,1,1,1,1,1,1,1,1,
1985,2129,1,1,1,1,1,60,34,30,1,1,1,1,1,1,1,1,
1985,2130,1,1,1,1,1,58,11,23,1,1,1,1,1,1,1,1,
1985,2131,1,1,1,1,1,97,21,33,1,1,1,1,1,1,1,1,
1985,2132,1,1,1,1,1,20,32,46,1,1,1,1,1,1,1,1,
1985,2133,1,1,1,1,1,40,39,82,1,1,1,1,1,1,1,1,
1985,2134,1,1,1,1,1,25,37,68,1,1,1,1,1,1,1,1,
1985,2135,1,1,1,1,1,1,1,1,1,1,17,88,21,1,1,1,
1985,2136,1,1,1,1,1,1,1,1,1,1,33,77,41,1,1,1,
1985,2137,1,1,1,1,1,1,1,1,1,1,39,90,35,1,1,1,
1985,2138,1,1,1,1,1,1,1,1,1,1,17,63,5,1,1,1,
1985,2139,1,1,1,1,1,1,1,1,1,1,12,100,6,1,1,1,
1985,2140,1,1,1,1,1,1,1,1,1,1,19,96,14,1,1,1,
1985,2141,1,1,1,1,1,1,1,1,1,1,1,43,98,1,32,1,
1985,2142,1,1,1,1,1,1,1,1,1,1,1,1,100,1,9,1,
1985,2143,1,1,1,1,1,1,1,1,1,1,1,1,1,75,24,16,
1985,2144,1,1,1,1,1,1,1,1,1,1,1,1,1,94,13,19,
1985,2145,1,1,1,1,1,1,1,1,1,1,1,1,29,1,90,29,
1985,2146,1,1,1,1,1,1,1,1,1,1,1,1,30,1,87,29,
1985,2147,1,1,1,1,1,1,1,1,1,1,1,1,1,29,31,88,
1985,2148,1,1,1,1,1,1,1,1,1,1,1,1,1,12,22,78,
1985,2149,1,1,1,1,1,1,1,1,1,1,1,1,12,1,100,17,
1985,2150,1,1,1,1,1,1,1,1,1,91,1,1,1,1,1,1,
1985,2151,1,1,1,31,83,1,1,1,1,1,1,1,1,1,1,1,
1985,2152,1,1,1,1,1,1,1,1,1,1,1,1,1,2,13,93,
1985,2153,1,1,1,68,8,1,1,1,1,1,1,1,1,1,1,1,
1985,2154,1,1,1,1,1,1,1,1,1,1,1,1,1,17,15,77,
1985,2155,85,1,1,1,1,1,1,1,1,1,1,1,1,1,1,1,
1985,2156,50,1,1,1,1,1,1,1,1,1,1,1,1,1,1,1,
1985,2157,1,98,38,1,1,1,1,1,1,1,1,1,1,1,1,1,
1985,2158,1,1,1,98,32,1,1,1,1,1,1,1,1,1,1,1,
1985,2159,1,1,1,1,1,1,1,1,1,1,97,20,1,1,1,1,
1985,2160,1,1,1,1,1,1,1,1,1,1,1,36,96,1,35,1,
1985,2161,1,1,1,1,1,1,1,1,1,1,1,20,87,1,38,1,
1985,2162,1,1,1,1,1,1,1,1,1,1,1,50,86,1,39,1,
1985,2163,1,1,1,100,25,1,1,1,1,1,1,1,1,1,1,1,
1985,2164,1,1,1,93,33,1,1,1,1,1,1,1,1,1,1,1,
1985,2165,1,11,88,1,1,1,1,1,1,1,1,1,1,1,1,1,
1985,2166,90,1,1,1,1,1,1,1,1,1,1,1,1,1,1,1,
1985,2167,96,1,1,1,1,1,1,1,1,1,1,1,1,1,1,1,
1985,2168,1,75,21,1,1,1,1,1,1,1,1,1,1,1,1,1,
1985,2169,1,46,20,1,1,1,1,1,1,1,1,1,1,1,1,1,
1985,2170,1,62,17,1,1,1,1,1,1,1,1,1,1,1,1,1,
1985,2171,1,74,34,1,1,1,1,1,1,1,1,1,1,1,1,1,
1985,2172,1,91,3,1,1,1,1,1,1,1,1,1,1,1,1,1,
1985,2173,1,35,6,1,1,1,1,1,1,1,1,1,1,1,1,1,
1985,2174,1,1,1,88,19,1,1,1,1,1,1,1,1,1,1,1,
1985,2175,1,1,1,40,62,1,1,1,1,1,1,1,1,1,1,1,
1985,2176,1,1,1,22,97,1,1,1,1,1,1,1,1,1,1,1,
1985,2177,1,1,1,17,87,1,1,1,1,1,1,1,1,1,1,1,
1985,2178,1,1,1,1,1,26,84,37,1,1,1,1,1,1,1,1,
1985,2179,1,1,1,1,1,19,65,19,1,1,1,1,1,1,1,1,
1985,2180,1,1,1,1,1,44,74,25,1,1,1,1,1,1,1,1,
1985,2181,1,1,1,1,1,18,79,6,1,1,1,1,1,1,1,1,
1985,2182,1,1,1,1,1,32,97,37,1,1,1,1,1,1,1,1,
1985,2183,1,1,1,1,1,77,25,31,1,1,1,1,1,1,1,1,
1985,2184,1,1,1,1,1,74,39,32,1,1,1,1,1,1,1,1,
1985,2185,1,1,1,1,1,64,30,22,1,1,1,1,1,1,1,1,
1985,2186,1,1,1,1,1,94,20,17,1,1,1,1,1,1,1,1,
1985,2187,1,1,1,1,1,76,19,8,1,1,1,1,1,1,1,1,
1985,2188,1,1,1,1,1,64,22,23,1,1,1,1,1,1,1,1,
1985,2189,1,1,1,1,1,4,6,65,1,1,1,1,1,1,1,1,
1985,2190,1,1,1,1,1,19,17,78,1,1,1,1,1,1,1,1,
1985,2191,1,1,1,1,1,19,23,67,1,1,1,1,1,1,1,1,
1985,2192,1,1,1,1,1,1,1,1,1,1,30,66,25,1,1,1,
1985,2193,1,1,1,1,1,1,1,1,1,1,31,73,27,1,1,1,
1985,2194,1,1,1,1,1,1,1,1,1,1,16,95,19,1,1,1,
1985,2195,1,1,1,1,1,1,1,1,1,1,29,97,27,1,1,1,
1985,2196,1,1,1,1,1,1,1,1,1,1,1,18,76,1,31,1,
1985,2197,1,1,1,1,1,1,1,1,1,1,1,37,91,1,29,1,
1985,2198,1,1,1,1,1,1,1,1,1,1,1,14,76,1,26,1,
1985,2199,1,1,1,1,1,1,1,1,1,1,1,41,75,1,35,1,
1985,2200,1,1,1,1,1,1,1,1,1,1,1,17,88,1,22,1,
1985,2201,1,1,1,1,1,1,1,1,1,1,1,18,89,1,13,1,
1985,2202,1,1,1,1,1,1,1,1,1,1,1,1,1,71,35,23,
1985,2203,1,1,1,1,1,1,1,1,1,1,1,1,16,1,53,23,
1985,2204,1,1,1,1,1,1,1,1,1,1,1,1,13,1,57,11,
1985,2205,1,1,1,1,1,1,1,1,1,1,1,1,32,1,66,27,
1985,2206,1,1,1,1,1,1,1,1,1,1,1,1,11,1,96,9,
1985,2207,1,1,1,1,1,1,1,1,1,1,1,1,1,90,32,14,
1985,2208,1,1,1,1,1,1,1,1,1,1,1,1,1,15,4,93,
1985,2209,1,1,1,1,1,1,1,1,1,79,1,1,1,1,1,1,
1985,2210,1,1,1,1,1,1,1,1,1,93,1,1,1,1,1,1,
1985,2211,1,1,1,1,1,1,1,1,1,1,74,32,1,1,1,1,
1985,2212,1,1,1,1,1,1,1,1,1,1,92,14,1,1,1,1,
1985,2213,1,1,1,1,1,1,1,1,1,1,85,19,1,1,1,1,
1985,2214,1,1,1,1,1,1,1,1,1,1,1,30,62,1,37,1,
1985,2215,1,1,1,1,1,8,64,19,1,1,1,1,1,1,1,1,
1985,2216,1,59,20,1,1,1,1,1,1,1,1,1,1,1,1,1,
1985,2217,1,1,1,1,1,1,1,1,1,1,1,1,1,47,6,8,
1985,2218,1,1,1,66,36,1,1,1,1,1,1,1,1,1,1,1,
1985,2219,1,1,1,1,99,1,1,1,1,1,1,1,1,1,1,1,
1985,2220,1,1,1,1,1,1,1,1,1,1,1,27,60,1,22,1,
1985,2221,32,1,1,1,1,1,1,1,1,1,1,1,1,1,1,1,
1985,2222,36,1,1,1,1,1,1,1,1,1,1,1,1,1,1,1,
1985,2223,1,83,18,1,1,1,1,1,1,1,1,1,1,1,1,1,
1985,2224,1,91,34,1,1,1,1,1,1,1,1,1,1,1,1,1,
1985,2225,1,60,32,1,1,1,1,1,1,1,1,1,1,1,1,1,
1985,2226,1,57,17,1,1,1,1,1,1,1,1,1,1,1,1,1,
1985,2227,1,61,20,1,1,1,1,1,1,1,1,1,1,1,1,1,
1985,2228,1,83,38,1,1,1,1,1,1,1,1,1,1,1,1,1,
1985,2229,1,92,22,1,1,1,1,1,1,1,1,1,1,1,1,1,
1985,2230,1,72,37,1,1,1,1,1,1,1,1,1,1,1,1,1,
1985,2231,1,88,27,1,1,1,1,1,1,1,1,1,1,1,1,1,
1985,2232,1,8,59,1,1,1,1,1,1,1,1,1,1,1,1,1,
1985,2233,1,1,1,62,36,1,1,1,1,1,1,1,1,1,1,1,
1985,2234,1,1,1,91,33,1,1,1,1,1,1,1,1,1,1,1,
1985,2235,1,1,1,61,35,1,1,1,1,1,1,1,1,1,1,1,
1985,2236,1,1,1,96,22,1,1,1,1,1,1,1,1,1,1,1,
1985,2237,1,1,1,61,20,1,1,1,1,1,1,1,1,1,1,1,
1985,2238,1,1,1,61,31,1,1,1,1,1,1,1,1,1,1,1,
1985,2239,1,1,1,71,19,1,1,1,1,1,1,1,1,1,1,1,
1985,2240,1,1,1,78,10,1,1,1,1,1,1,1,1,1,1,1,
1985,2241,1,1,1,1,1,29,89,39,1,1,1,1,1,1,1,1,
1985,2242,1,1,1,1,1,17,64,29,1,1,1,1,1,1,1,1,
1985,2243,1,1,1,1,1,31,72,28,1,1,1,1,1,1,1,1,
1985,2244,1,1,1,1,1,6,89,5,1,1,1,1,1,1,1,1,
1985,2245,1,1,1,1,1,36,94,30,1,1,1,1,1,1,1,1,
1985,2246,1,1,1,1,1,15,97,5,1,1,1,1,1,1,1,1,
1985,2247,1,1,1,1,1,16,78,14,1,1,1,1,1,1,1,1,
1985,2248,1,1,1,1,1,99,5,16,1,1,1,1,1,1,1,1,
1985,2249,1,1,1,1,1,93,24,25,1,1,1,1,1,1,1,1,
1985,2250,1,1,1,1,1,70,29,21,1,1,1,1,1,1,1,1,
1985,2251,1,1,1,1,1,16,24,95,1,1,1,1,1,1,1,1,
1985,2252,1,1,1,1,1,36,19,83,1,1,1,1,1,1,1,1,
1985,2253,1,1,1,1,1,24,13,93,1,1,1,1,1,1,1,1,
1985,2254,1,1,1,1,1,18,11,64,1,1,1,1,1,1,1,1,
1985,2255,1,1,1,1,1,1,1,1,1,1,13,76,26,1,1,1,
1985,2256,1,1,1,1,1,1,1,1,1,1,1,33,73,1,22,1,
1985,2257,1,1,1,1,1,1,1,1,1,1,1,26,64,1,18,1,
1985,2258,1,1,1,1,1,1,1,1,1,1,1,39,67,1,36,1,
1985,2259,1,1,1,1,1,1,1,1,1,1,1,40,86,1,30,1,
1985,2260,1,1,1,1,1,1,1,1,1,1,1,43,83,1,41,1,
1985,2261,1,1,1,1,1,1,1,1,1,1,1,16,98,1,11,1,
1985,2262,1,1,1,1,1,1,1,1,1,1,1,21,91,1,15,1,
1985,2263,1,1,1,1,1,1,1,1,1,1,1,9,98,1,7,1,
1985,2264,1,1,1,1,1,1,1,1,1,1,1,33,92,1,37,1,
1985,2265,1,1,1,1,1,1,1,1,1,1,1,13,97,1,28,1,
1985,2266,1,1,1,1,1,1,1,1,1,1,1,28,87,1,35,1,
1985,2267,1,1,1,1,1,1,1,1,1,1,1,1,1,77,18,40,
1985,2268,1,1,1,1,1,1,1,1,1,1,1,1,1,100,8,19,
1985,2269,1,1,1,1,1,1,1,1,1,1,1,1,26,1,100,25,
1985,2270,1,1,1,1,1,1,1,1,1,1,1,1,40,24,14,73,
1985,2271,1,1,1,1,1,1,1,1,1,1,1,1,1,79,16,32,
1985,2272,1,1,1,1,1,1,1,1,1,1,1,1,1,10,11,83,
1985,2273,1,1,1,1,1,1,1,1,1,1,1,1,1,19,7,82,
1985,2274,1,1,1,1,1,1,1,1,1,79,1,1,1,1,1,1,
1985,2275,1,1,1,1,1,1,1,1,1,76,1,1,1,1,1,1,
1985,2276,1,1,1,1,1,1,1,1,99,1,1,1,1,1,1,1,
1985,2277,1,1,1,1,1,1,1,1,99,1,1,1,1,1,1,1,
1985,2278,1,1,1,1,1,1,1,1,64,1,1,1,1,1,1,1,
1985,2279,1,1,1,1,1,1,1,1,1,1,1,1,1,10,19,60,
1985,2280,1,1,1,1,1,22,79,22,1,1,1,1,1,1,1,1,
1985,2281,1,1,1,94,14,1,1,1,1,1,1,1,1,1,1,1,
1985,2282,1,1,1,76,32,1,1,1,1,1,1,1,1,1,1,1,
1985,2283,1,96,8,1,1,1,1,1,1,1,1,1,1,1,1,1,
1985,2284,39,1,1,1,1,1,1,1,1,1,1,1,1,1,1,1,
1985,2285,53,1,1,1,1,1,1,1,1,1,1,1,1,1,1,1,
1985,2286,83,1,1,1,1,1,1,1,1,1,1,1,1,1,1,1,
1985,2287,98,1,1,1,1,1,1,1,1,1,1,1,1,1,1,1,
1985,2288,93,1,1,1,1,1,1,1,1,1,1,1,1,1,1,1,
1985,2289,89,1,1,1,1,1,1,1,1,1,1,1,1,1,1,1,
1985,2290,90,1,1,1,1,1,1,1,1,1,1,1,1,1,1,1,
1985,2291,1,61,13,1,1,1,1,1,1,1,1,1,1,1,1,1,
1985,2292,1,66,23,1,1,1,1,1,1,1,1,1,1,1,1,1,
1985,2293,1,92,14,1,1,1,1,1,1,1,1,1,1,1,1,1,
1985,2294,1,91,20,1,1,1,1,1,1,1,1,1,1,1,1,1,
1985,2295,1,86,22,1,1,1,1,1,1,1,1,1,1,1,1,1,
1985,2296,1,74,20,1,1,1,1,1,1,1,1,1,1,1,1,1,
1985,2297,1,15,62,1,1,1,1,1,1,1,1,1,1,1,1,1,
1985,2298,1,1,1,80,37,1,1,1,1,1,1,1,1,1,1,1,
1985,2299,1,1,1,97,20,1,1,1,1,1,1,1,1,1,1,1,
1985,2300,1,1,1,75,15,1,1,1,1,1,1,1,1,1,1,1,
1985,2301,1,1,1,36,94,1,1,1,1,1,1,1,1,1,1,1,
1985,2302,1,1,1,12,99,1,1,1,1,1,1,1,1,1,1,1,
1985,2303,1,1,1,11,100,1,1,1,1,1,1,1,1,1,1,1,
1985,2304,1,1,1,1,1,27,65,27,1,1,1,1,1,1,1,1,
1985,2305,1,1,1,1,1,25,69,37,1,1,1,1,1,1,1,1,
1985,2306,1,1,1,1,1,24,80,22,1,1,1,1,1,1,1,1,
1985,2307,1,1,1,1,1,32,66,17,1,1,1,1,1,1,1,1,
1985,2308,1,1,1,1,1,80,12,21,1,1,1,1,1,1,1,1,
1985,2309,1,1,1,1,1,85,45,19,1,1,1,1,1,1,1,1,
1985,2310,1,1,1,1,1,91,42,30,1,1,1,1,1,1,1,1,
1985,2311,1,1,1,1,1,82,39,22,1,1,1,1,1,1,1,1,
1985,2312,1,1,1,1,1,80,28,22,1,1,1,1,1,1,1,1,
1985,2313,1,1,1,1,1,93,8,7,1,1,1,1,1,1,1,1,
1985,2314,1,1,1,1,1,68,15,15,1,1,1,1,1,1,1,1,
1985,2315,1,1,1,1,1,54,29,26,1,1,1,1,1,1,1,1,
1985,2316,1,1,1,1,1,37,43,54,1,1,1,1,1,1,1,1,
1985,2317,1,1,1,1,1,32,25,73,1,1,1,1,1,1,1,1,
1985,2318,1,1,1,1,1,16,19,67,1,1,1,1,1,1,1,1,
1985,2319,1,1,1,1,1,17,28,89,1,1,1,1,1,1,1,1,
1985,2320,1,1,1,1,1,1,1,1,1,1,7,93,12,1,1,1,
1985,2321,1,1,1,1,1,1,1,1,1,1,40,75,34,1,1,1,
1985,2322,1,1,1,1,1,1,1,1,1,1,18,68,23,1,1,1,
1985,2323,1,1,1,1,1,1,1,1,1,1,13,91,12,1,1,1,
1985,2324,1,1,1,1,1,1,1,1,1,1,38,76,32,1,1,1,
1985,2325,1,1,1,1,1,1,1,1,1,1,22,87,24,1,1,1,
1985,2326,1,1,1,1,1,1,1,1,1,1,1,23,87,1,32,1,
1985,2327,1,1,1,1,1,1,1,1,1,1,1,33,72,1,25,1,
1985,2328,1,1,1,1,1,1,1,1,1,1,1,43,88,1,40,1,
1985,2329,1,1,1,1,1,1,1,1,1,1,1,25,97,1,24,1,
1985,2330,1,1,1,1,1,1,1,1,1,1,1,10,97,1,12,1,
1985,2331,1,1,1,1,1,1,1,1,1,1,1,28,97,1,23,1,
1985,2332,1,1,1,1,1,1,1,1,1,1,1,19,79,1,23,1,
1985,2333,1,1,1,1,1,1,1,1,1,1,1,20,93,1,15,1,
1985,2334,1,1,1,1,1,1,1,1,1,1,1,1,1,67,20,11,
1985,2335,1,1,1,1,1,1,1,1,1,1,1,1,1,92,12,23,
1985,2336,1,1,1,1,1,1,1,1,1,1,1,1,44,1,65,19,
1985,2337,1,1,1,1,1,1,1,1,1,1,1,1,33,1,60,28,
1985,2338,1,1,1,1,1,1,1,1,1,1,1,1,19,1,78,9,
1985,2339,1,1,1,1,1,1,1,1,1,1,1,1,36,1,96,23,
1985,2340,1,1,1,1,1,1,1,1,1,1,1,1,1,15,8,54,
1985,2341,1,1,1,1,1,1,1,1,1,1,1,1,1,17,9,94,
1985,2342,1,1,1,1,1,1,1,1,1,1,1,1,1,3,5,40,
1985,2343,1,1,1,1,1,1,1,1,1,1,1,1,34,1,80,17,
1985,2344,1,1,1,1,1,1,1,1,1,74,1,1,1,1,1,1,
1985,2345,1,1,1,1,1,1,1,1,1,82,1,1,1,1,1,1,
1985,2346,1,1,1,1,1,1,1,1,1,1,81,22,1,1,1,1,
1985,2347,1,1,1,1,1,1,1,1,1,1,66,5,1,1,1,1,
1985,2348,1,1,1,1,1,1,1,1,1,1,87,40,1,1,1,1,
1985,2349,1,1,1,1,1,1,1,1,1,1,61,12,1,1,1,1,
1985,2350,1,1,1,1,1,1,1,1,1,1,80,19,1,1,1,1,
1985,2351,1,1,1,1,1,1,1,1,1,1,3,90,2,1,1,1,
1985,2352,1,1,1,1,1,1,1,1,1,1,1,19,83,1,13,1,
1985,2353,1,1,1,1,1,1,1,1,1,1,1,1,1,76,23,13,
1985,2354,1,30,21,1,1,1,1,1,1,1,1,1,1,1,1,1,
1985,2355,84,1,1,1,1,1,1,1,1,1,1,1,1,1,1,1,
1985,2356,1,67,35,1,1,1,1,1,1,1,1,1,1,1,1,1,
1985,2357,1,51,26,1,1,1,1,1,1,1,1,1,1,1,1,1,
1985,2358,1,79,6,1,1,1,1,1,1,1,1,1,1,1,1,1,
1985,2359,1,39,10,1,1,1,1,1,1,1,1,1,1,1,1,1,
1985,2360,1,30,17,1,1,1,1,1,1,1,1,1,1,1,1,1,
1985,2361,1,68,9,1,1,1,1,1,1,1,1,1,1,1,1,1,
1985,2362,1,65,19,1,1,1,1,1,1,1,1,1,1,1,1,1,
1985,2363,1,77,30,1,1,1,1,1,1,1,1,1,1,1,1,1,
1985,2364,1,1,1,62,20,1,1,1,1,1,1,1,1,1,1,1,
1985,2365,1,1,1,86,17,1,1,1,1,1,1,1,1,1,1,1,
1985,2366,1,1,1,88,23,1,1,1,1,1,1,1,1,1,1,1,
1985,2367,1,1,1,87,19,1,1,1,1,1,1,1,1,1,1,1,
1985,2368,1,1,1,80,12,1,1,1,1,1,1,1,1,1,1,1,
1985,2369,1,1,1,72,28,1,1,1,1,1,1,1,1,1,1,1,
1985,2370,1,1,1,80,16,1,1,1,1,1,1,1,1,1,1,1,
1985,2371,1,1,1,14,62,1,1,1,1,1,1,1,1,1,1,1,
1985,2372,1,1,1,7,98,1,1,1,1,1,1,1,1,1,1,1,
1985,2373,1,1,1,32,67,1,1,1,1,1,1,1,1,1,1,1,
1985,2374,1,1,1,8,72,1,1,1,1,1,1,1,1,1,1,1,
1985,2375,1,1,1,1,1,36,64,31,1,1,1,1,1,1,1,1,
1985,2376,1,1,1,1,1,28,83,21,1,1,1,1,1,1,1,1,
1985,2377,1,1,1,1,1,9,97,9,1,1,1,1,1,1,1,1,
1985,2378,1,1,1,1,1,89,23,12,1,1,1,1,1,1,1,1,
1985,2379,1,1,1,1,1,76,36,21,1,1,1,1,1,1,1,1,
1985,2380,1,1,1,1,1,81,24,20,1,1,1,1,1,1,1,1,
1985,2381,1,1,1,1,1,50,23,22,1,1,1,1,1,1,1,1,
1985,2382,1,1,1,1,1,89,5,7,1,1,1,1,1,1,1,1,
1985,2383,1,1,1,1,1,11,7,91,1,1,1,1,1,1,1,1,
1985,2384,1,1,1,1,1,1,1,1,1,1,13,74,26,1,1,1,
1985,2385,1,1,1,1,1,1,1,1,1,1,34,52,38,1,1,1,
1985,2386,1,1,1,1,1,1,1,1,1,1,39,80,25,1,1,1,
1985,2387,1,1,1,1,1,1,1,1,1,1,18,64,29,1,1,1,
1985,2388,1,1,1,1,1,1,1,1,1,1,1,20,54,1,15,1,
1985,2389,1,1,1,1,1,1,1,1,1,1,1,17,65,1,19,1,
1985,2390,1,1,1,1,1,1,1,1,1,1,1,12,40,1,21,1,
1985,2391,1,1,1,1,1,1,1,1,1,1,1,22,86,1,30,1,
1985,2392,1,1,1,1,1,1,1,1,1,1,1,20,81,1,18,1,
1985,2393,1,1,1,1,1,1,1,1,1,1,1,20,98,1,15,1,
1985,2394,1,1,1,1,1,1,1,1,1,1,1,17,66,1,9,1,
1985,2395,1,1,1,1,1,1,1,1,1,1,1,9,58,1,25,1,
1985,2396,1,1,1,1,1,1,1,1,1,1,1,1,1,90,17,27,
1985,2397,1,1,1,1,1,1,1,1,1,1,1,1,1,75,30,30,
1985,2398,1,1,1,1,1,1,1,1,1,1,1,1,17,1,50,29,
1985,2399,1,1,1,1,1,1,1,1,1,1,1,1,1,35,28,76,
1985,2400,1,1,1,1,1,1,1,1,1,1,1,1,23,1,92,5,
1985,2401,1,1,1,1,1,1,1,1,1,1,1,1,1,86,22,19,
1985,2402,1,1,1,1,1,1,1,1,1,1,1,1,1,87,31,27,
1985,2403,1,1,1,1,1,1,1,1,1,1,1,1,17,1,91,21,
1985,2404,1,1,1,1,1,1,1,1,1,1,1,1,11,1,43,16,
1985,2405,1,1,1,1,1,1,1,1,1,1,1,1,9,1,90,10,
1985,2406,1,1,1,1,1,1,1,1,1,73,1,1,1,1,1,1,
1985,2407,1,1,1,1,1,1,1,1,1,1,59,10,1,1,1,1,
1985,2408,1,1,1,1,1,1,1,1,1,1,82,17,1,1,1,1,
1985,2409,1,1,1,1,1,1,1,1,1,1,83,28,1,1,1,1,
1985,2410,54,1,1,1,1,1,1,1,1,1,1,1,1,1,1,1,
1985,2411,1,1,1,1,1,1,1,1,1,1,1,21,78,1,18,1,
1985,2412,1,1,1,80,20,1,1,1,1,1,1,1,1,1,1,1,
1985,2413,1,1,1,1,1,1,1,1,1,1,1,1,1,81,3,17,
1985,2414,1,1,1,59,17,1,1,1,1,1,1,1,1,1,1,1,
1985,2415,1,1,1,76,23,1,1,1,1,1,1,1,1,1,1,1,
1985,2416,76,1,1,1,1,1,1,1,1,1,1,1,1,1,1,1,
1985,2417,1,1,1,25,82,1,1,1,1,1,1,1,1,1,1,1,
1985,2418,1,1,1,95,21,1,1,1,1,1,1,1,1,1,1,1,
1985,2419,52,1,1,1,1,1,1,1,1,1,1,1,1,1,1,1,
1985,2420,92,1,1,1,1,1,1,1,1,1,1,1,1,1,1,1,
1985,2421,57,1,1,1,1,1,1,1,1,1,1,1,1,1,1,1,
1985,2422,1,58,48,1,1,1,1,1,1,1,1,1,1,1,1,1,
1985,2423,1,78,20,1,1,1,1,1,1,1,1,1,1,1,1,1,
1985,2424,1,36,8,1,1,1,1,1,1,1,1,1,1,1,1,1,
1985,2425,1,38,16,1,1,1,1,1,1,1,1,1,1,1,1,1,
1985,2426,1,65,15,1,1,1,1,1,1,1,1,1,1,1,1,1,
1985,2427,1,83,20,1,1,1,1,1,1,1,1,1,1,1,1,1,
1985,2428,1,89,18,1,1,1,1,1,1,1,1,1,1,1,1,1,
1985,2429,1,88,28,1,1,1,1,1,1,1,1,1,1,1,1,1,
1985,2430,1,90,12,1,1,1,1,1,1,1,1,1,1,1,1,1,
1985,2431,1,51,26,1,1,1,1,1,1,1,1,1,1,1,1,1,
1985,2432,1,1,1,65,18,1,1,1,1,1,1,1,1,1,1,1,
1985,2433,1,1,1,30,12,1,1,1,1,1,1,1,1,1,1,1,
1985,2434,1,1,1,65,6,1,1,1,1,1,1,1,1,1,1,1,
1985,2435,1,1,1,64,22,1,1,1,1,1,1,1,1,1,1,1,
1985,2436,1,1,1,50,24,1,1,1,1,1,1,1,1,1,1,1,
1985,2437,1,1,1,78,6,1,1,1,1,1,1,1,1,1,1,1,
1985,2438,1,1,1,30,8,1,1,1,1,1,1,1,1,1,1,1,
1985,2439,1,1,1,10,84,1,1,1,1,1,1,1,1,1,1,1,
1985,2440,1,1,1,22,97,1,1,1,1,1,1,1,1,1,1,1,
1985,2441,1,1,1,1,1,33,53,38,1,1,1,1,1,1,1,1,
1985,2442,1,1,1,1,1,25,77,15,1,1,1,1,1,1,1,1,
1985,2443,1,1,1,1,1,21,87,21,1,1,1,1,1,1,1,1,
1985,2444,1,1,1,1,1,27,76,31,1,1,1,1,1,1,1,1,
1985,2445,1,1,1,1,1,37,57,23,1,1,1,1,1,1,1,1,
1985,2446,1,1,1,1,1,23,79,28,1,1,1,1,1,1,1,1,
1985,2447,1,1,1,1,1,63,37,30,1,1,1,1,1,1,1,1,
1985,2448,1,1,1,1,1,55,39,32,1,1,1,1,1,1,1,1,
1985,2449,1,1,1,1,1,91,40,34,1,1,1,1,1,1,1,1,
1985,2450,1,1,1,1,1,55,20,28,1,1,1,1,1,1,1,1,
1985,2451,1,1,1,1,1,97,16,5,1,1,1,1,1,1,1,1,
1985,2452,1,1,1,1,1,90,38,35,1,1,1,1,1,1,1,1,
1985,2453,1,1,1,1,1,100,3,24,1,1,1,1,1,1,1,1,
1985,2454,1,1,1,1,1,31,35,61,1,1,1,1,1,1,1,1,
1985,2455,1,1,1,1,1,13,19,56,1,1,1,1,1,1,1,1,
1985,2456,1,1,1,1,1,1,1,1,1,1,45,41,35,1,1,1,
1985,2457,1,1,1,1,1,1,1,1,1,1,18,95,30,1,1,1,
1985,2458,1,1,1,1,1,1,1,1,1,1,35,98,25,1,1,1,
1985,2459,1,1,1,1,1,1,1,1,1,1,44,54,22,1,1,1,
1985,2460,1,1,1,1,1,1,1,1,1,1,34,75,38,1,1,1,
1985,2461,1,1,1,1,1,1,1,1,1,1,11,67,19,1,1,1,
1985,2462,1,1,1,1,1,1,1,1,1,1,32,95,20,1,1,1,
1985,2463,1,1,1,1,1,1,1,1,1,1,26,94,16,1,1,1,
1985,2464,1,1,1,1,1,1,1,1,1,1,17,59,6,1,1,1,
1985,2465,1,1,1,1,1,1,1,1,1,1,1,30,67,1,36,1,
1985,2466,1,1,1,1,1,1,1,1,1,1,1,17,76,1,43,1,
1985,2467,1,1,1,1,1,1,1,1,1,1,1,14,44,1,22,1,
1985,2468,1,1,1,1,1,1,1,1,1,1,1,1,11,1,76,23,
1985,2469,1,1,1,1,1,1,1,1,1,1,1,1,8,1,93,10,
1985,2470,1,1,1,1,1,1,1,1,1,1,1,1,1,22,6,43,
1985,2471,1,1,1,1,1,1,1,1,1,1,1,1,1,11,6,99,
1985,2472,1,1,1,1,1,1,1,1,1,1,1,1,1,19,6,81,
1985,2473,1,1,1,1,1,1,1,1,1,1,1,1,1,1,6,75,
1985,2474,1,1,1,1,1,1,1,1,1,1,1,1,1,36,34,90,
1985,2475,1,1,1,1,1,1,1,1,1,1,1,1,1,31,33,66,
1985,2476,1,1,1,1,1,1,1,1,1,1,1,1,1,1,97,1,
1985,2477,1,1,1,1,1,1,1,1,1,1,1,1,1,79,27,31,
1985,2478,1,1,1,1,1,1,1,1,1,1,1,1,36,1,73,18,
1985,2479,1,1,1,1,1,1,1,1,1,1,1,1,1,18,12,74,
1985,2480,1,1,1,1,1,1,1,1,1,1,1,1,1,65,19,1,
1985,2481,1,1,1,1,1,1,1,1,1,64,1,1,1,1,1,1,
1985,2482,1,1,1,1,1,1,1,1,1,42,1,1,1,1,1,1,
1985,2483,1,1,1,1,1,1,1,1,1,56,1,1,1,1,1,1,
1985,2484,1,1,1,1,1,1,1,1,1,86,1,1,1,1,1,1,
1985,2485,1,1,1,1,1,1,1,1,94,1,1,1,1,1,1,1,
1985,2486,1,1,1,1,1,23,67,36,1,1,1,1,1,1,1,1,
1985,2487,1,1,1,90,16,1,1,1,1,1,1,1,1,1,1,1,
1985,2488,67,1,1,1,1,1,1,1,1,1,1,1,1,1,1,1,
1985,2489,60,1,1,1,1,1,1,1,1,1,1,1,1,1,1,1,
1985,2490,79,1,1,1,1,1,1,1,1,1,1,1,1,1,1,1,
1985,2491,70,1,1,1,1,1,1,1,1,1,1,1,1,1,1,1,
1985,2492,80,1,1,1,1,1,1,1,1,1,1,1,1,1,1,1,
1985,2493,36,1,1,1,1,1,1,1,1,1,1,1,1,1,1,1,
1985,2494,1,40,13,1,1,1,1,1,1,1,1,1,1,1,1,1,
1985,2495,1,30,24,1,1,1,1,1,1,1,1,1,1,1,1,1,
1985,2496,1,81,15,1,1,1,1,1,1,1,1,1,1,1,1,1,
1985,2497,1,68,21,1,1,1,1,1,1,1,1,1,1,1,1,1,
1985,2498,1,27,75,1,1,1,1,1,1,1,1,1,1,1,1,1,
1985,2499,1,21,62,1,1,1,1,1,1,1,1,1,1,1,1,1,
1985,2500,1,1,1,85,27,1,1,1,1,1,1,1,1,1,1,1,
1985,2501,1,1,1,84,28,1,1,1,1,1,1,1,1,1,1,1,
1985,2502,1,1,1,51,22,1,1,1,1,1,1,1,1,1,1,1,
1985,2503,1,1,1,82,17,1,1,1,1,1,1,1,1,1,1,1,
1985,2504,1,1,1,46,13,1,1,1,1,1,1,1,1,1,1,1,
1985,2505,1,1,1,46,26,1,1,1,1,1,1,1,1,1,1,1,
1985,2506,1,1,1,74,1,1,1,1,1,1,1,1,1,1,1,1,
1985,2507,1,1,1,100,1,1,1,1,1,1,1,1,1,1,1,1,
1985,2508,1,1,1,28,55,1,1,1,1,1,1,1,1,1,1,1,
1985,2509,1,1,1,24,43,1,1,1,1,1,1,1,1,1,1,1,
1985,2510,1,1,1,27,57,1,1,1,1,1,1,1,1,1,1,1,
1985,2511,1,1,1,10,79,1,1,1,1,1,1,1,1,1,1,1,
1985,2512,1,1,1,15,84,1,1,1,1,1,1,1,1,1,1,1,
1985,2513,1,1,1,32,68,1,1,1,1,1,1,1,1,1,1,1,
1985,2514,1,1,1,1,1,7,46,4,1,1,1,1,1,1,1,1,
1985,2515,1,1,1,1,1,35,58,27,1,1,1,1,1,1,1,1,
1985,2516,1,1,1,1,1,21,51,24,1,1,1,1,1,1,1,1,
1985,2517,1,1,1,1,1,40,60,29,1,1,1,1,1,1,1,1,
1985,2518,1,1,1,1,1,12,39,24,1,1,1,1,1,1,1,1,
1985,2519,1,1,1,1,1,20,98,16,1,1,1,1,1,1,1,1,
1985,2520,1,1,1,1,1,77,21,21,1,1,1,1,1,1,1,1,
1985,2521,1,1,1,1,1,80,26,28,1,1,1,1,1,1,1,1,
1985,2522,1,1,1,1,1,32,8,6,1,1,1,1,1,1,1,1,
1985,2523,1,1,1,1,1,79,6,22,1,1,1,1,1,1,1,1,
1985,2524,1,1,1,1,1,75,34,33,1,1,1,1,1,1,1,1,
1985,2525,1,1,1,1,1,89,15,27,1,1,1,1,1,1,1,1,
1985,2526,1,1,1,1,1,93,18,6,1,1,1,1,1,1,1,1,
1985,2527,1,1,1,1,1,18,31,62,1,1,1,1,1,1,1,1,
1985,2528,1,1,1,1,1,15,3,77,1,1,1,1,1,1,1,1,
1985,2529,1,1,1,1,1,8,12,87,1,1,1,1,1,1,1,1,
1985,2530,1,1,1,1,1,16,13,58,1,1,1,1,1,1,1,1,
1985,2531,1,1,1,1,1,1,1,1,1,1,28,71,38,1,1,1,
1985,2532,1,1,1,1,1,1,1,1,1,1,37,78,26,1,1,1,
1985,2533,1,1,1,1,1,1,1,1,1,1,45,82,20,1,1,1,
1985,2534,1,1,1,1,1,1,1,1,1,1,25,73,21,1,1,1,
1985,2535,1,1,1,1,1,1,1,1,1,1,29,69,21,1,1,1,
1985,2536,1,1,1,1,1,1,1,1,1,1,9,100,7,1,1,1,
1985,2537,1,1,1,1,1,1,1,1,1,1,1,24,65,1,19,1,
1985,2538,1,1,1,1,1,1,1,1,1,1,1,21,53,1,13,1,
1985,2539,1,1,1,1,1,1,1,1,1,1,1,20,61,1,35,1,
1985,2540,1,1,1,1,1,1,1,1,1,1,1,22,74,1,30,1,
1985,2541,1,1,1,1,1,1,1,1,1,1,1,19,77,1,24,1,
1985,2542,1,1,1,1,1,1,1,1,1,1,1,26,74,1,31,1,
1985,2543,1,1,1,1,1,1,1,1,1,1,1,36,69,1,37,1,
1985,2544,1,1,1,1,1,1,1,1,1,1,1,27,45,1,25,1,
1985,2545,1,1,1,1,1,1,1,1,1,1,1,27,66,1,22,1,
1985,2546,1,1,1,1,1,1,1,1,1,1,1,3,95,1,15,1,
1985,2547,1,1,1,1,1,1,1,1,1,1,1,21,95,1,1,1,
1985,2548,1,1,1,1,1,1,1,1,1,1,1,30,95,1,32,1,
1985,2549,1,1,1,1,1,1,1,1,1,1,1,34,66,1,36,1,
1985,2550,1,1,1,1,1,1,1,1,1,1,1,10,78,1,4,1,
1985,2551,1,1,1,1,1,1,1,1,1,1,1,26,74,1,28,1,
1985,2552,1,1,1,1,1,1,1,1,1,1,1,26,81,1,36,1,
1985,2553,1,1,1,1,1,1,1,1,1,1,1,32,80,1,20,1,
1985,2554,1,1,1,1,1,1,1,1,1,1,1,22,95,1,17,1,
1985,2555,1,1,1,1,1,1,1,1,1,1,1,7,97,1,1,1,
1985,2556,1,1,1,1,1,1,1,1,1,1,1,10,93,1,19,1,
1985,2557,1,1,1,1,1,1,1,1,1,1,1,1,1,37,33,80,
1985,2558,1,1,1,1,1,1,1,1,1,1,1,1,1,25,25,73,
1985,2559,1,1,1,1,1,1,1,1,1,1,1,1,1,8,8,63,
1985,2560,1,1,1,1,1,1,1,1,1,1,1,1,1,19,18,44,
1985,2561,1,1,1,1,1,1,1,1,1,1,1,1,1,18,9,76,
1985,2562,1,1,1,1,1,1,1,1,1,1,1,1,1,21,16,62,
1985,2563,1,1,1,1,1,1,1,1,1,1,1,1,1,30,31,58,
1985,2564,1,1,1,1,1,1,1,1,1,1,1,1,1,4,15,43,
1985,2565,1,1,1,1,1,1,1,1,1,1,1,1,1,14,13,84,
1985,2566,1,1,1,1,1,1,1,1,1,1,1,1,1,2,8,85,
1985,2567,1,1,1,1,1,1,1,1,1,59,1,1,1,1,1,1,
1985,2568,1,1,1,1,1,1,1,1,1,77,1,1,1,1,1,1,
1985,2569,1,1,1,1,1,1,1,1,1,95,1,1,1,1,1,1,
1985,2570,1,1,1,1,1,1,1,1,93,1,1,1,1,1,1,1,
1985,2571,1,1,1,14,54,1,1,1,1,1,1,1,1,1,1,1,
1985,2572,1,1,1,1,1,1,1,1,1,1,1,22,33,1,16,1,
1985,2573,1,1,1,1,1,1,1,1,1,1,1,1,1,12,4,77,
1985,2574,1,1,1,1,1,1,1,1,1,1,1,8,39,1,1,1,
1985,2575,1,1,1,16,60,1,1,1,1,1,1,1,1,1,1,1,
1985,2576,41,1,1,1,1,1,1,1,1,1,1,1,1,1,1,1,
1985,2577,38,1,1,1,1,1,1,1,1,1,1,1,1,1,1,1,
1985,2578,60,1,1,1,1,1,1,1,1,1,1,1,1,1,1,1,
1985,2579,1,62,31,1,1,1,1,1,1,1,1,1,1,1,1,1,
1985,2580,1,29,13,1,1,1,1,1,1,1,1,1,1,1,1,1,
1985,2581,1,52,39,1,1,1,1,1,1,1,1,1,1,1,1,1,
1985,2582,1,85,5,1,1,1,1,1,1,1,1,1,1,1,1,1,
1985,2583,1,89,33,1,1,1,1,1,1,1,1,1,1,1,1,1,
1985,2584,1,68,36,1,1,1,1,1,1,1,1,1,1,1,1,1,
1985,2585,1,83,24,1,1,1,1,1,1,1,1,1,1,1,1,1,
1985,2586,1,16,55,1,1,1,1,1,1,1,1,1,1,1,1,1,
1985,2587,1,1,1,74,21,1,1,1,1,1,1,1,1,1,1,1,
1985,2588,1,1,1,84,37,1,1,1,1,1,1,1,1,1,1,1,
1985,2589,1,1,1,69,30,1,1,1,1,1,1,1,1,1,1,1,
1985,2590,1,1,1,61,8,1,1,1,1,1,1,1,1,1,1,1,
1985,2591,1,1,1,92,17,1,1,1,1,1,1,1,1,1,1,1,
1985,2592,1,1,1,31,60,1,1,1,1,1,1,1,1,1,1,1,
1985,2593,1,1,1,2,95,1,1,1,1,1,1,1,1,1,1,1,
1985,2594,1,1,1,26,86,1,1,1,1,1,1,1,1,1,1,1,
1985,2595,1,1,1,27,83,1,1,1,1,1,1,1,1,1,1,1,
1985,2596,1,1,1,1,1,36,51,34,1,1,1,1,1,1,1,1,
1985,2597,1,1,1,1,1,9,68,12,1,1,1,1,1,1,1,1,
1985,2598,1,1,1,1,1,69,14,4,1,1,1,1,1,1,1,1,
1985,2599,1,1,1,1,1,72,20,42,1,1,1,1,1,1,1,1,
1985,2600,1,1,1,1,1,63,39,34,1,1,1,1,1,1,1,1,
1985,2601,1,1,1,1,1,61,33,27,1,1,1,1,1,1,1,1,
1985,2602,1,1,1,1,1,17,13,83,1,1,1,1,1,1,1,1,
1985,2603,1,1,1,1,1,1,1,1,1,1,16,74,23,1,1,1,
1985,2604,1,1,1,1,1,1,1,1,1,1,1,99,11,1,1,1,
1985,2605,1,1,1,1,1,1,1,1,1,1,19,99,17,1,1,1,
1985,2606,1,1,1,1,1,1,1,1,1,1,1,32,50,1,13,1,
1985,2607,1,1,1,1,1,1,1,1,1,1,1,15,76,1,12,1,
1985,2608,1,1,1,1,1,1,1,1,1,1,1,39,85,1,31,1,
1985,2609,1,1,1,1,1,1,1,1,1,1,1,38,76,1,39,1,
1985,2610,1,1,1,1,1,1,1,1,1,1,1,22,81,1,35,1,
1985,2611,1,1,1,1,1,1,1,1,1,1,1,17,67,1,30,1,
1985,2612,1,1,1,1,1,1,1,1,1,1,1,25,85,1,30,1,
1985,2613,1,1,1,1,1,1,1,1,1,1,1,10,100,1,12,1,
1985,2614,1,1,1,1,1,1,1,1,1,1,1,7,79,1,23,1,
1985,2615,1,1,1,1,1,1,1,1,1,1,1,19,74,1,16,1,
1985,2616,1,1,1,1,1,1,1,1,1,1,1,1,99,1,24,1,
1985,2617,1,1,1,1,1,1,1,1,1,1,1,15,67,1,9,1,
1985,2618,1,1,1,1,1,1,1,1,1,1,1,6,98,1,19,1,
1985,2619,1,1,1,1,1,1,1,1,1,1,1,7,97,1,1,1,
1985,2620,1,1,1,1,1,1,1,1,1,1,1,1,1,57,17,13,
1985,2621,1,1,1,1,1,1,1,1,1,1,1,1,1,64,14,4,
1985,2622,1,1,1,1,1,1,1,1,1,1,1,1,1,88,11,5,
1985,2623,1,1,1,1,1,1,1,1,1,1,1,1,35,1,61,17,
1985,2624,1,1,1,1,1,1,1,1,1,1,1,1,9,1,70,11,
1985,2625,1,1,1,1,1,1,1,1,1,1,1,1,1,39,32,69,
1985,2626,1,1,1,1,1,1,1,1,1,1,1,1,1,26,29,41,
1985,2627,1,1,1,1,1,1,1,1,1,1,1,1,1,8,8,60,
1985,2628,1,1,1,1,1,1,1,1,1,1,1,1,1,36,21,64,
1985,2629,1,1,1,1,1,1,1,1,1,1,1,1,1,25,28,85,
1985,2630,1,1,1,1,1,1,1,1,1,1,1,1,1,16,16,79,
1985,2631,1,1,1,1,1,1,1,1,1,1,1,1,1,32,37,47,
1985,2632,1,1,1,1,1,1,1,1,1,1,1,1,1,21,19,57,
1985,2633,1,1,1,1,1,1,1,1,1,1,1,1,1,19,9,90,
1985,2634,1,1,1,1,1,1,1,1,1,46,1,1,1,1,1,1,
1985,2635,1,1,1,1,1,1,1,1,1,1,89,37,1,1,1,1,
1985,2636,1,1,1,1,1,1,1,1,1,1,97,1,1,1,1,1,
1985,2637,1,1,1,1,1,1,1,1,1,1,75,20,1,1,1,1,
1985,2638,1,1,1,1,1,1,1,1,1,1,100,19,1,1,1,1,
1985,2639,1,1,1,1,1,1,1,1,1,1,93,16,1,1,1,1,
1985,2640,1,1,1,1,1,1,1,1,1,1,1,6,66,1,1,1,
1985,2641,1,1,1,98,22,1,1,1,1,1,1,1,1,1,1,1,
1985,2642,42,1,1,1,1,1,1,1,1,1,1,1,1,1,1,1,
1985,2643,41,1,1,1,1,1,1,1,1,1,1,1,1,1,1,1,
1985,2644,99,1,1,1,1,1,1,1,1,1,1,1,1,1,1,1,
1985,2645,91,1,1,1,1,1,1,1,1,1,1,1,1,1,1,1,
1985,2646,1,44,19,1,1,1,1,1,1,1,1,1,1,1,1,1,
1985,2647,1,33,15,1,1,1,1,1,1,1,1,1,1,1,1,1,
1985,2648,1,46,29,1,1,1,1,1,1,1,1,1,1,1,1,1,
1985,2649,1,51,23,1,1,1,1,1,1,1,1,1,1,1,1,1,
1985,2650,1,57,45,1,1,1,1,1,1,1,1,1,1,1,1,1,
1985,2651,1,91,20,1,1,1,1,1,1,1,1,1,1,1,1,1,
1985,2652,0,54,19,0,0,0,0,0,0,0,0,0,0,0,0,0,
1985,2653,1,74,17,1,1,1,1,1,1,1,1,1,1,1,1,1,
1985,2654,1,53,11,1,1,1,1,1,1,1,1,1,1,1,1,1,
1985,2655,1,33,72,1,1,1,1,1,1,1,1,1,1,1,1,1,
1985,2656,1,32,48,1,1,1,1,1,1,1,1,1,1,1,1,1,
1985,2657,1,36,55,1,1,1,1,1,1,1,1,1,1,1,1,1,
1985,2658,1,21,52,1,1,1,1,1,1,1,1,1,1,1,1,1,
1985,2659,1,1,1,79,34,1,1,1,1,1,1,1,1,1,1,1,
1985,2660,1,1,1,65,39,1,1,1,1,1,1,1,1,1,1,1,
1985,2661,1,1,1,57,13,1,1,1,1,1,1,1,1,1,1,1,
1985,2662,1,1,1,83,33,1,1,1,1,1,1,1,1,1,1,1,
1985,2663,1,1,1,72,18,1,1,1,1,1,1,1,1,1,1,1,
1985,2664,1,1,1,89,2,1,1,1,1,1,1,1,1,1,1,1,
1985,2665,1,1,1,18,95,1,1,1,1,1,1,1,1,1,1,1,
1985,2666,1,1,1,40,73,1,1,1,1,1,1,1,1,1,1,1,
1985,2667,1,1,1,27,53,1,1,1,1,1,1,1,1,1,1,1,
1985,2668,1,1,1,4,72,1,1,1,1,1,1,1,1,1,1,1,
1985,2669,1,1,1,20,31,1,1,1,1,1,1,1,1,1,1,1,
1985,2670,1,1,1,1,1,27,70,23,1,1,1,1,1,1,1,1,
1985,2671,1,1,1,1,1,19,58,35,1,1,1,1,1,1,1,1,
1985,2672,1,1,1,1,1,29,72,17,1,1,1,1,1,1,1,1,
1985,2673,1,1,1,1,1,11,70,11,1,1,1,1,1,1,1,1,
1985,2674,1,1,1,1,1,18,82,18,1,1,1,1,1,1,1,1,
1985,2675,1,1,1,1,1,65,29,40,1,1,1,1,1,1,1,1,
1985,2676,1,1,1,1,1,57,28,27,1,1,1,1,1,1,1,1,
1985,2677,1,1,1,1,1,63,15,24,1,1,1,1,1,1,1,1,
1985,2678,1,1,1,1,1,52,15,23,1,1,1,1,1,1,1,1,
1985,2679,1,1,1,1,1,55,27,15,1,1,1,1,1,1,1,1,
1985,2680,1,1,1,1,1,69,5,8,1,1,1,1,1,1,1,1,
1985,2681,1,1,1,1,1,35,18,54,1,1,1,1,1,1,1,1,
1985,2682,1,1,1,1,1,1,1,1,1,1,1,96,1,1,1,1,
1985,2683,1,1,1,1,1,1,1,1,1,1,11,34,11,1,1,1,
1985,2684,1,1,1,1,1,1,1,1,1,1,61,49,20,1,1,1,
1985,2685,1,1,1,1,1,1,1,1,1,1,20,56,18,1,1,1,
1985,2686,1,1,1,1,1,1,1,1,1,1,1,42,52,1,23,1,
1985,2687,1,1,1,1,1,1,1,1,1,1,1,1,99,1,14,1,
1985,2688,1,1,1,1,1,1,1,1,1,1,1,28,53,1,30,1,
1985,2689,1,1,1,1,1,1,1,1,1,1,1,19,70,1,25,1,
1985,2690,1,1,1,1,1,1,1,1,1,1,1,31,48,1,33,1,
1985,2691,1,1,1,1,1,1,1,1,1,1,1,29,73,1,22,1,
1985,2692,1,1,1,1,1,1,1,1,1,1,1,12,42,1,9,1,
1985,2693,1,1,1,1,1,1,1,1,1,1,1,25,91,1,21,1,
1985,2694,1,1,1,1,1,1,1,1,1,1,1,24,76,1,15,1,
1985,2695,1,1,1,1,1,1,1,1,1,1,1,33,68,1,16,1,
1985,2696,1,1,1,1,1,1,1,1,1,1,1,44,79,1,14,1,
1985,2697,1,1,1,1,1,1,1,1,1,1,1,39,77,1,19,1,
1985,2698,1,1,1,1,1,1,1,1,1,1,1,31,84,1,20,1,
1985,2699,1,1,1,1,1,1,1,1,1,1,1,19,69,1,12,1,
1985,2700,1,1,1,1,1,1,1,1,1,1,1,12,36,1,16,1,
1985,2701,1,1,1,1,1,1,1,1,1,1,1,2,93,1,1,1,
1985,2702,1,1,1,1,1,1,1,1,1,1,1,12,87,1,7,1,
1985,2703,1,1,1,1,1,1,1,1,1,1,1,1,1,46,27,20,
1985,2704,1,1,1,1,1,1,1,1,1,1,1,1,1,43,22,30,
1985,2705,1,1,1,1,1,1,1,1,1,1,1,1,1,60,27,36,
1985,2706,1,1,1,1,1,1,1,1,1,1,1,1,1,80,12,12,
1985,2707,1,1,1,1,1,1,1,1,1,1,1,1,1,81,18,34,
1985,2708,1,1,1,1,1,1,1,1,1,1,1,1,1,89,2,16,
1985,2709,1,1,1,1,1,1,1,1,1,1,1,1,43,1,72,43,
1985,2710,1,1,1,1,1,1,1,1,1,1,1,1,17,1,78,33,
1985,2711,1,1,1,1,1,1,1,1,1,1,1,1,19,1,40,20,
1985,2712,1,1,1,1,1,1,1,1,1,1,1,1,1,13,9,35,
1985,2713,1,1,1,1,1,1,1,1,1,1,1,1,1,18,8,55,
1985,2714,1,1,1,1,1,1,1,1,1,1,1,1,16,1,58,3,
1985,2715,1,1,1,1,1,1,1,1,1,1,1,1,1,68,24,32,
1985,2716,1,1,1,1,1,1,1,1,1,1,1,1,1,8,8,52,
1985,2717,1,1,1,1,1,1,1,1,1,1,1,1,1,86,1,2,
1985,2718,1,1,1,1,1,1,1,1,1,1,41,20,1,1,1,1,
1985,2719,1,1,1,1,1,1,1,1,1,1,45,18,1,1,1,1,
1985,2720,1,1,1,1,1,1,1,1,1,1,63,37,1,1,1,1,
1985,2721,79,1,1,1,1,1,1,1,1,1,1,1,1,1,1,1,
1985,2722,99,1,1,1,1,1,1,1,1,1,1,1,1,1,1,1,
1985,2723,1,69,43,1,1,1,1,1,1,1,1,1,1,1,1,1,
1985,2724,1,50,24,1,1,1,1,1,1,1,1,1,1,1,1,1,
1985,2725,1,61,26,1,1,1,1,1,1,1,1,1,1,1,1,1,
1985,2726,1,32,24,1,1,1,1,1,1,1,1,1,1,1,1,1,
1985,2727,1,32,78,1,1,1,1,1,1,1,1,1,1,1,1,1,
1985,2728,1,1,1,61,27,1,1,1,1,1,1,1,1,1,1,1,
1985,2729,1,1,1,67,33,1,1,1,1,1,1,1,1,1,1,1,
1985,2730,1,1,1,53,22,1,1,1,1,1,1,1,1,1,1,1,
1985,2731,1,1,1,75,4,1,1,1,1,1,1,1,1,1,1,1,
1985,2732,1,1,1,89,1,1,1,1,1,1,1,1,1,1,1,1,
1985,2733,1,1,1,65,16,1,1,1,1,1,1,1,1,1,1,1,
1985,2734,1,1,1,30,60,1,1,1,1,1,1,1,1,1,1,1,
1985,2735,1,1,1,10,80,1,1,1,1,1,1,1,1,1,1,1,
1985,2736,1,1,1,6,93,1,1,1,1,1,1,1,1,1,1,1,
1985,2737,1,1,1,27,72,1,1,1,1,1,1,1,1,1,1,1,
1985,2738,1,1,1,1,1,2,45,10,1,1,1,1,1,1,1,1,
1985,2739,1,1,1,1,1,13,49,21,1,1,1,1,1,1,1,1,
1985,2740,1,1,1,1,1,1,85,8,1,1,1,1,1,1,1,1,
1985,2741,1,1,1,1,1,75,21,45,1,1,1,1,1,1,1,1,
1985,2742,1,1,1,1,1,78,36,21,1,1,1,1,1,1,1,1,
1985,2743,1,1,1,1,1,48,25,25,1,1,1,1,1,1,1,1,
1985,2744,1,1,1,1,1,16,18,47,1,1,1,1,1,1,1,1,
1985,2745,1,1,1,1,1,33,29,64,1,1,1,1,1,1,1,1,
1985,2746,1,1,1,1,1,12,20,70,1,1,1,1,1,1,1,1,
1985,2747,1,1,1,1,1,34,29,48,1,1,1,1,1,1,1,1,
1985,2748,1,1,1,1,1,1,1,1,1,1,21,60,18,1,1,1,
1985,2749,1,1,1,1,1,1,1,1,1,1,28,75,40,1,1,1,
1985,2750,1,1,1,1,1,1,1,1,1,1,18,59,21,1,1,1,
1985,2751,1,1,1,1,1,1,1,1,1,1,8,89,3,1,1,1,
1985,2752,1,1,1,1,1,1,1,1,1,1,25,40,17,1,1,1,
1985,2753,1,1,1,1,1,1,1,1,1,1,22,70,25,1,1,1,
1985,2754,1,1,1,1,1,1,1,1,1,1,1,39,71,1,20,1,
1985,2755,1,1,1,1,1,1,1,1,1,1,1,5,32,1,16,1,
1985,2756,1,1,1,1,1,1,1,1,1,1,1,33,48,1,24,1,
1985,2757,1,1,1,1,1,1,1,1,1,1,1,22,69,1,13,1,
1985,2758,1,1,1,1,1,1,1,1,1,1,1,15,79,1,31,1,
1985,2759,1,1,1,1,1,1,1,1,1,1,1,28,49,1,21,1,
1985,2760,1,1,1,1,1,1,1,1,1,1,1,6,50,1,11,1,
1985,2761,1,1,1,1,1,1,1,1,1,1,1,26,51,1,20,1,
1985,2762,1,1,1,1,1,1,1,1,1,1,1,15,33,1,16,1,
1985,2763,1,1,1,1,1,1,1,1,1,1,1,11,75,1,21,1,
1985,2764,1,1,1,1,1,1,1,1,1,1,1,1,91,1,1,1,
1985,2765,1,1,1,1,1,1,1,1,1,1,1,13,85,1,11,1,
1985,2766,1,1,1,1,1,1,1,1,1,1,1,4,54,1,6,1,
1985,2767,1,1,1,1,1,1,1,1,1,1,1,1,1,63,26,23,
1985,2768,1,1,1,1,1,1,1,1,1,1,1,1,1,69,19,16,
1985,2769,1,1,1,1,1,1,1,1,1,1,1,1,1,51,32,18,
1985,2770,1,1,1,1,1,1,1,1,1,1,1,1,1,93,9,1,
1985,2771,1,1,1,1,1,1,1,1,1,1,1,1,17,1,70,12,
1985,2772,1,1,1,1,1,1,1,1,1,1,1,1,1,27,40,77,
1985,2773,1,1,1,1,1,1,1,1,1,1,1,1,1,4,4,75,
1985,2774,1,1,1,1,1,1,1,1,1,1,1,1,1,13,18,52,
1985,2775,1,1,1,1,1,1,1,1,1,1,1,1,1,39,35,58,
1985,2776,1,1,1,1,1,1,1,1,1,1,1,1,1,25,10,74,
1985,2777,1,1,1,1,1,1,1,1,1,1,1,1,1,81,4,1,
1985,2778,1,1,1,1,1,1,1,1,1,1,1,1,2,1,84,6,
1985,2779,1,1,1,1,1,1,1,1,1,1,1,1,1,1,1,99,
1985,2780,1,1,1,1,1,1,1,1,1,47,1,1,1,1,1,1,
1985,2781,1,1,1,1,1,1,1,1,1,57,1,1,1,1,1,1,
1985,2782,1,1,1,1,1,1,1,1,1,93,1,1,1,1,1,1,
1985,2783,1,1,1,1,1,1,1,1,1,1,54,26,1,1,1,1,
1985,2784,1,1,1,1,1,1,1,1,1,1,71,34,1,1,1,1,
1985,2785,1,1,1,1,1,1,1,1,1,1,51,5,1,1,1,1,
1985,2786,1,1,1,1,1,1,1,1,1,1,89,6,1,1,1,1,
1985,2787,1,1,1,1,1,1,1,1,1,1,4,58,3,1,1,1,
1985,2788,1,1,1,96,14,1,1,1,1,1,1,1,1,1,1,1,
1985,2789,1,1,1,30,7,1,1,1,1,1,1,1,1,1,1,1,
1985,2790,1,1,1,96,13,1,1,1,1,1,1,1,1,1,1,1,
1985,2791,67,1,1,1,1,1,1,1,1,1,1,1,1,1,1,1,
1985,2792,30,1,1,1,1,1,1,1,1,1,1,1,1,1,1,1,
1985,2793,1,44,10,1,1,1,1,1,1,1,1,1,1,1,1,1,
1985,2794,1,35,13,1,1,1,1,1,1,1,1,1,1,1,1,1,
1985,2795,1,60,14,1,1,1,1,1,1,1,1,1,1,1,1,1,
1985,2796,1,63,19,1,1,1,1,1,1,1,1,1,1,1,1,1,
1985,2797,1,36,26,1,1,1,1,1,1,1,1,1,1,1,1,1,
1985,2798,1,66,10,1,1,1,1,1,1,1,1,1,1,1,1,1,
1985,2799,1,30,67,1,1,1,1,1,1,1,1,1,1,1,1,1,
1985,2800,1,1,1,57,22,1,1,1,1,1,1,1,1,1,1,1,
1985,2801,1,1,1,44,17,1,1,1,1,1,1,1,1,1,1,1,
1985,2802,1,1,1,58,34,1,1,1,1,1,1,1,1,1,1,1,
1985,2803,1,1,1,71,15,1,1,1,1,1,1,1,1,1,1,1,
1985,2804,1,1,1,32,4,1,1,1,1,1,1,1,1,1,1,1,
1985,2805,1,1,1,77,20,1,1,1,1,1,1,1,1,1,1,1,
1985,2806,1,1,1,59,17,1,1,1,1,1,1,1,1,1,1,1,
1985,2807,1,1,1,95,2,1,1,1,1,1,1,1,1,1,1,1,
1985,2808,1,1,1,63,21,1,1,1,1,1,1,1,1,1,1,1,
1985,2809,1,1,1,22,61,1,1,1,1,1,1,1,1,1,1,1,
1985,2810,1,1,1,41,45,1,1,1,1,1,1,1,1,1,1,1,
1985,2811,1,1,1,33,58,1,1,1,1,1,1,1,1,1,1,1,
1985,2812,1,1,1,31,45,1,1,1,1,1,1,1,1,1,1,1,
1985,2813,1,1,1,36,71,1,1,1,1,1,1,1,1,1,1,1,
1985,2814,1,1,1,25,59,1,1,1,1,1,1,1,1,1,1,1,
1985,2815,1,1,1,15,89,1,1,1,1,1,1,1,1,1,1,1,
1985,2816,1,1,1,1,1,12,72,16,1,1,1,1,1,1,1,1,
1985,2817,1,1,1,1,1,17,67,20,1,1,1,1,1,1,1,1,
1985,2818,1,1,1,1,1,29,48,29,1,1,1,1,1,1,1,1,
1985,2819,1,1,1,1,1,28,61,41,1,1,1,1,1,1,1,1,
1985,2820,1,1,1,1,1,20,73,27,1,1,1,1,1,1,1,1,
1985,2821,1,1,1,1,1,17,79,25,1,1,1,1,1,1,1,1,
1985,2822,1,1,1,1,1,14,41,22,1,1,1,1,1,1,1,1,
1985,2823,1,1,1,1,1,64,43,35,1,1,1,1,1,1,1,1,
1985,2824,1,1,1,1,1,56,29,34,1,1,1,1,1,1,1,1,
1985,2825,1,1,1,1,1,34,19,24,1,1,1,1,1,1,1,1,
1985,2826,1,1,1,1,1,80,28,22,1,1,1,1,1,1,1,1,
1985,2827,1,1,1,1,1,61,28,28,1,1,1,1,1,1,1,1,
1985,2828,1,1,1,1,1,27,13,59,1,1,1,1,1,1,1,1,
1985,2829,1,1,1,1,1,19,19,42,1,1,1,1,1,1,1,1,
1985,2830,1,1,1,1,1,1,1,1,1,1,36,56,19,1,1,1,
1985,2831,1,1,1,1,1,1,1,1,1,1,1,83,1,1,1,1,
1985,2832,1,1,1,1,1,1,1,1,1,1,33,61,35,1,1,1,
1985,2833,1,1,1,1,1,1,1,1,1,1,8,92,8,1,1,1,
1985,2834,1,1,1,1,1,1,1,1,1,1,1,99,1,1,1,1,
1985,2835,1,1,1,1,1,1,1,1,1,1,1,19,51,1,19,1,
1985,2836,1,1,1,1,1,1,1,1,1,1,1,19,68,1,17,1,
1985,2837,1,1,1,1,1,1,1,1,1,1,1,20,48,1,19,1,
1985,2838,1,1,1,1,1,1,1,1,1,1,1,29,59,1,29,1,
1985,2839,1,1,1,1,1,1,1,1,1,1,1,16,37,1,20,1,
1985,2840,1,1,1,1,1,1,1,1,1,1,1,31,57,1,35,1,
1985,2841,1,1,1,1,1,1,1,1,1,1,1,44,52,1,32,1,
1985,2842,1,1,1,1,1,1,1,1,1,1,1,14,32,1,23,1,
1985,2843,1,1,1,1,1,1,1,1,1,1,1,11,77,1,11,1,
1985,2844,1,1,1,1,1,1,1,1,1,1,1,10,88,1,23,1,
1985,2845,1,1,1,1,1,1,1,1,1,1,1,1,1,56,29,42,
1985,2846,1,1,1,1,1,1,1,1,1,1,1,1,1,51,20,25,
1985,2847,1,1,1,1,1,1,1,1,1,1,1,1,1,76,16,13,
1985,2848,1,1,1,1,1,1,1,1,1,1,1,1,1,14,7,63,
1985,2849,1,1,1,1,1,1,1,1,1,1,1,1,1,54,14,35,
1985,2850,1,1,1,1,1,1,1,1,1,1,1,1,1,42,32,73,
1985,2851,1,1,1,1,1,1,1,1,1,1,1,1,1,61,38,24,
1985,2852,1,1,1,1,1,1,1,1,1,1,1,1,1,62,14,41,
1985,2853,1,1,1,1,1,1,1,1,1,1,1,1,1,72,7,8,
1985,2854,1,1,1,1,1,1,1,1,1,1,1,1,1,55,15,21,
1985,2855,1,1,1,1,1,1,1,1,1,1,1,1,1,44,27,74,
1985,2856,1,1,1,1,1,1,1,1,1,1,1,1,1,5,1,99,
1985,2857,1,1,1,1,1,1,1,1,1,1,1,1,16,1,43,18,
1985,2858,1,1,1,1,1,1,1,1,1,1,1,1,1,1,14,86,
1985,2859,1,1,1,1,1,1,1,1,1,1,1,1,3,1,89,1,
1985,2860,1,1,1,1,1,1,1,1,1,54,1,1,1,1,1,1,
1985,2861,1,1,1,1,1,1,1,1,75,1,1,1,1,1,1,1,
1985,2862,1,1,1,1,1,1,1,1,52,1,1,1,1,1,1,1,
1985,2863,1,1,1,1,1,1,1,1,91,1,1,1,1,1,1,1,
1985,2864,1,1,1,1,1,1,1,1,1,1,42,15,1,1,1,1,
1985,2865,1,1,1,1,1,1,1,1,1,1,41,20,1,1,1,1,
1985,2866,1,1,1,1,1,1,1,1,1,1,56,16,1,1,1,1,
1985,2867,1,1,1,1,1,1,1,1,1,1,55,21,1,1,1,1,
1985,2868,1,1,1,1,1,1,1,1,1,1,67,17,1,1,1,1,
1985,2869,1,1,1,1,1,1,1,1,1,1,66,33,1,1,1,1,
1985,2870,1,1,1,1,1,1,1,1,1,1,81,2,1,1,1,1,
1985,2871,1,1,1,1,1,1,1,1,1,1,1,1,1,1,34,19,
1985,2872,42,1,1,1,1,1,1,1,1,1,1,1,1,1,1,1,
1985,2873,1,75,4,1,1,1,1,1,1,1,1,1,1,1,1,1,
1985,2874,1,60,24,1,1,1,1,1,1,1,1,1,1,1,1,1,
1985,2875,1,82,11,1,1,1,1,1,1,1,1,1,1,1,1,1,
1985,2876,1,8,43,1,1,1,1,1,1,1,1,1,1,1,1,1,
1985,2877,1,1,1,50,18,1,1,1,1,1,1,1,1,1,1,1,
1985,2878,1,1,1,64,36,1,1,1,1,1,1,1,1,1,1,1,
1985,2879,1,1,1,80,17,1,1,1,1,1,1,1,1,1,1,1,
1985,2880,1,1,1,38,29,1,1,1,1,1,1,1,1,1,1,1,
1985,2881,1,1,1,64,15,1,1,1,1,1,1,1,1,1,1,1,
1985,2882,1,1,1,85,6,1,1,1,1,1,1,1,1,1,1,1,
1985,2883,1,1,1,65,13,1,1,1,1,1,1,1,1,1,1,1,
1985,2884,1,1,1,45,19,1,1,1,1,1,1,1,1,1,1,1,
1985,2885,1,1,1,27,52,1,1,1,1,1,1,1,1,1,1,1,
1985,2886,1,1,1,3,80,1,1,1,1,1,1,1,1,1,1,1,
1985,2887,1,1,1,29,59,1,1,1,1,1,1,1,1,1,1,1,
1985,2888,1,1,1,12,87,1,1,1,1,1,1,1,1,1,1,1,
1985,2889,1,1,1,1,1,45,51,50,1,1,1,1,1,1,1,1,
1985,2890,1,1,1,1,1,4,80,1,1,1,1,1,1,1,1,1,
1985,2891,1,1,1,1,1,67,29,38,1,1,1,1,1,1,1,1,
1985,2892,1,1,1,1,1,41,19,24,1,1,1,1,1,1,1,1,
1985,2893,1,1,1,1,1,43,35,42,1,1,1,1,1,1,1,1,
1985,2894,1,1,1,1,1,40,13,11,1,1,1,1,1,1,1,1,
1985,2895,1,1,1,1,1,40,27,30,1,1,1,1,1,1,1,1,
1985,2896,1,1,1,1,1,50,20,18,1,1,1,1,1,1,1,1,
1985,2897,1,1,1,1,1,60,25,29,1,1,1,1,1,1,1,1,
1985,2898,1,1,1,1,1,59,12,11,1,1,1,1,1,1,1,1,
1985,2899,1,1,1,1,1,1,14,79,1,1,1,1,1,1,1,1,
1985,2900,1,1,1,1,1,36,39,57,1,1,1,1,1,1,1,1,
1985,2901,1,1,1,1,1,24,22,48,1,1,1,1,1,1,1,1,
1985,2902,1,1,1,1,1,1,1,1,1,1,11,71,4,1,1,1,
1985,2903,1,1,1,1,1,1,1,1,1,1,25,55,20,1,1,1,
1985,2904,1,1,1,1,1,1,1,1,1,1,10,33,22,1,1,1,
1985,2905,1,1,1,1,1,1,1,1,1,1,1,32,66,1,26,1,
1985,2906,1,1,1,1,1,1,1,1,1,1,1,16,80,1,18,1,
1985,2907,1,1,1,1,1,1,1,1,1,1,1,26,89,1,5,1,
1985,2908,1,1,1,1,1,1,1,1,1,1,1,25,50,1,28,1,
1985,2909,1,1,1,1,1,1,1,1,1,1,1,20,66,1,23,1,
1985,2910,1,1,1,1,1,1,1,1,1,1,1,6,78,1,27,1,
1985,2911,1,1,1,1,1,1,1,1,1,1,1,15,47,1,15,1,
1985,2912,1,1,1,1,1,1,1,1,1,1,1,27,37,1,17,1,
1985,2913,1,1,1,1,1,1,1,1,1,1,1,1,70,1,25,1,
1985,2914,1,1,1,1,1,1,1,1,1,1,1,5,83,1,6,1,
1985,2915,1,1,1,1,1,1,1,1,1,1,1,35,65,1,32,1,
1985,2916,1,1,1,1,1,1,1,1,1,1,1,20,29,1,28,1,
1985,2917,1,1,1,1,1,1,1,1,1,1,1,5,83,1,11,1,
1985,2918,1,1,1,1,1,1,1,1,1,1,1,15,78,1,9,1,
1985,2919,1,1,1,1,1,1,1,1,1,1,1,1,1,61,29,25,
1985,2920,1,1,1,1,1,1,1,1,1,1,1,1,1,30,7,19,
1985,2921,1,1,1,1,1,1,1,1,1,1,1,1,1,89,1,10,
1985,2922,1,1,1,1,1,1,1,1,1,1,1,1,1,68,24,17,
1985,2923,1,1,1,1,1,1,1,1,1,1,1,1,1,40,5,6,
1985,2924,1,1,1,1,1,1,1,1,1,1,1,1,1,1,62,19,
1985,2925,1,1,1,1,1,1,1,1,1,1,1,1,1,44,25,58,
1985,2926,1,1,1,1,1,1,1,1,1,1,1,1,1,28,32,44,
1985,2927,1,1,1,1,1,1,1,1,1,1,1,1,1,36,17,1,
1985,2928,1,1,1,1,1,1,1,1,1,1,1,1,1,58,23,23,
1985,2929,1,1,1,1,1,1,1,1,1,1,1,1,1,1,77,1,
1985,2930,1,1,1,1,1,1,1,1,1,1,1,1,1,99,1,1,
1985,2931,1,1,1,1,1,1,1,1,1,1,1,1,1,12,9,28,
1985,2932,1,1,1,1,1,1,1,1,1,1,1,1,2,1,54,19,
1985,2933,1,1,1,1,1,1,1,1,1,48,1,1,1,1,1,1,
1985,2934,1,1,1,1,1,1,1,1,1,46,1,1,1,1,1,1,
1985,2935,1,1,1,1,1,1,1,1,1,66,1,1,1,1,1,1,
1985,2936,1,1,1,1,1,1,1,1,73,1,1,1,1,1,1,1,
1985,2937,1,1,1,1,1,1,1,1,1,1,58,10,1,1,1,1,
1985,2938,1,1,1,1,1,1,1,1,1,1,61,18,1,1,1,1,
1985,2939,1,1,1,1,1,1,1,1,1,1,91,2,1,1,1,1,
1985,2940,1,55,8,1,1,1,1,1,1,1,1,1,1,1,1,1,
1985,2941,1,37,25,1,1,1,1,1,1,1,1,1,1,1,1,1,
1985,2942,1,59,10,1,1,1,1,1,1,1,1,1,1,1,1,1,
1985,2943,1,17,49,1,1,1,1,1,1,1,1,1,1,1,1,1,
1985,2944,1,1,1,47,10,1,1,1,1,1,1,1,1,1,1,1,
1985,2945,1,1,1,45,35,1,1,1,1,1,1,1,1,1,1,1,
1985,2946,1,1,1,87,5,1,1,1,1,1,1,1,1,1,1,1,
1985,2947,1,1,1,93,11,1,1,1,1,1,1,1,1,1,1,1,
1985,2948,1,1,1,84,7,1,1,1,1,1,1,1,1,1,1,1,
1985,2949,1,1,1,61,14,1,1,1,1,1,1,1,1,1,1,1,
1985,2950,1,1,1,51,11,1,1,1,1,1,1,1,1,1,1,1,
1985,2951,1,1,1,83,1,1,1,1,1,1,1,1,1,1,1,1,
1985,2952,1,1,1,15,80,1,1,1,1,1,1,1,1,1,1,1,
1985,2953,1,1,1,16,37,1,1,1,1,1,1,1,1,1,1,1,
1985,2954,1,1,1,2,83,1,1,1,1,1,1,1,1,1,1,1,
1985,2955,1,1,1,11,96,1,1,1,1,1,1,1,1,1,1,1,
1985,2956,1,1,1,13,97,1,1,1,1,1,1,1,1,1,1,1,
1985,2957,1,1,1,1,1,24,38,21,1,1,1,1,1,1,1,1,
1985,2958,1,1,1,1,1,6,54,28,1,1,1,1,1,1,1,1,
1985,2959,1,1,1,1,1,9,87,10,1,1,1,1,1,1,1,1,
1985,2960,1,1,1,1,1,8,86,7,1,1,1,1,1,1,1,1,
1985,2961,1,1,1,1,1,29,33,24,1,1,1,1,1,1,1,1,
1985,2962,1,1,1,1,1,42,12,20,1,1,1,1,1,1,1,1,
1985,2963,1,1,1,1,1,72,10,6,1,1,1,1,1,1,1,1,
1985,2964,1,1,1,1,1,41,15,27,1,1,1,1,1,1,1,1,
1985,2965,1,1,1,1,1,13,10,38,1,1,1,1,1,1,1,1,
1985,2966,1,1,1,1,1,17,10,66,1,1,1,1,1,1,1,1,
1985,2967,1,1,1,1,1,1,1,1,1,1,18,36,10,1,1,1,
1985,2968,1,1,1,1,1,1,1,1,1,1,2,77,9,1,1,1,
1985,2969,1,1,1,1,1,1,1,1,1,1,13,53,8,1,1,1,
1985,2970,1,1,1,1,1,1,1,1,1,1,22,92,22,1,1,1,
1985,2971,1,1,1,1,1,1,1,1,1,1,14,67,1,1,1,1,
1985,2972,1,1,1,1,1,1,1,1,1,1,1,25,67,1,30,1,
1985,2973,1,1,1,1,1,1,1,1,1,1,1,20,44,1,28,1,
1985,2974,1,1,1,1,1,1,1,1,1,1,1,13,61,1,14,1,
1985,2975,1,1,1,1,1,1,1,1,1,1,1,19,37,1,25,1,
1985,2976,1,1,1,1,1,1,1,1,1,1,1,24,67,1,3,1,
1985,2977,1,1,1,1,1,1,1,1,1,1,1,10,99,1,10,1,
1985,2978,1,1,1,1,1,1,1,1,1,1,1,3,88,1,7,1,
1985,2979,1,1,1,1,1,1,1,1,1,1,1,1,78,1,11,1,
1985,2980,1,1,1,1,1,1,1,1,1,1,1,1,1,42,21,16,
1985,2981,1,1,1,1,1,1,1,1,1,1,1,1,1,49,28,27,
1985,2982,1,1,1,1,1,1,1,1,1,1,1,1,1,69,1,1,
1985,2983,1,1,1,1,1,1,1,1,1,1,1,1,1,21,24,32,
1985,2984,1,1,1,1,1,1,1,1,1,1,1,1,1,77,31,2,
1985,2985,1,1,1,1,1,1,1,1,1,1,1,1,8,1,78,1,
1985,2986,1,1,1,1,1,1,1,1,1,1,1,1,1,47,12,19,
1985,2987,1,1,1,1,1,1,1,1,1,1,1,1,11,1,35,22,
1985,2988,1,1,1,1,1,1,1,1,1,1,1,1,1,76,1,1,
1985,2989,1,1,1,1,1,1,1,1,1,1,1,1,1,81,1,1,
1985,2990,1,1,1,1,1,1,1,1,1,1,1,1,1,4,1,94,
1985,2991,1,1,1,1,1,1,1,1,1,73,1,1,1,1,1,1,
1985,2992,1,1,1,1,1,1,1,1,1,33,1,1,1,1,1,1,
1985,2993,1,1,1,1,1,1,1,1,56,1,1,1,1,1,1,1,
1985,2994,1,1,1,1,1,1,1,1,66,1,1,1,1,1,1,1,
1985,2995,1,1,1,1,1,1,1,1,55,1,1,1,1,1,1,1,
1985,2996,1,1,1,1,1,1,1,1,88,1,1,1,1,1,1,1,
1985,2997,1,1,1,1,1,1,1,1,69,1,1,1,1,1,1,1,
1985,2998,1,1,1,1,1,1,1,1,81,1,1,1,1,1,1,1,
1985,2999,1,1,1,1,1,1,1,1,1,1,54,6,1,1,1,1,
1985,3000,1,1,1,1,1,1,1,1,1,1,31,4,1,1,1,1,
1985,3001,72,1,1,1,1,1,1,1,1,1,1,1,1,1,1,1,
1985,3002,73,1,1,1,1,1,1,1,1,1,1,1,1,1,1,1,
1985,3003,35,1,1,1,1,1,1,1,1,1,1,1,1,1,1,1,
1985,3004,1,56,3,1,1,1,1,1,1,1,1,1,1,1,1,1,
1985,3005,1,41,2,1,1,1,1,1,1,1,1,1,1,1,1,1,
1985,3006,1,1,1,74,8,1,1,1,1,1,1,1,1,1,1,1,
1985,3007,1,1,1,69,12,1,1,1,1,1,1,1,1,1,1,1,
1985,3008,1,1,1,41,10,1,1,1,1,1,1,1,1,1,1,1,
1985,3009,1,1,1,34,11,1,1,1,1,1,1,1,1,1,1,1,
1985,3010,1,1,1,65,6,1,1,1,1,1,1,1,1,1,1,1,
1985,3011,1,1,1,26,61,1,1,1,1,1,1,1,1,1,1,1,
1985,3012,1,1,1,11,99,1,1,1,1,1,1,1,1,1,1,1,
1985,3013,1,1,1,21,35,1,1,1,1,1,1,1,1,1,1,1,
1985,3014,1,1,1,11,34,1,1,1,1,1,1,1,1,1,1,1,
1985,3015,1,1,1,1,1,27,44,24,1,1,1,1,1,1,1,1,
1985,3016,1,1,1,1,1,12,29,1,1,1,1,1,1,1,1,1,
1985,3017,1,1,1,1,1,58,25,16,1,1,1,1,1,1,1,1,
1985,3018,1,1,1,1,1,54,8,1,1,1,1,1,1,1,1,1,
1985,3019,1,1,1,1,1,1,1,1,1,1,3,39,14,1,1,1,
1985,3020,1,1,1,1,1,1,1,1,1,1,7,77,5,1,1,1,
1985,3021,1,1,1,1,1,1,1,1,1,1,20,41,16,1,1,1,
1985,3022,1,1,1,1,1,1,1,1,1,1,1,80,1,1,1,1,
1985,3023,1,1,1,1,1,1,1,1,1,1,12,78,7,1,1,1,
1985,3024,1,1,1,1,1,1,1,1,1,1,21,92,12,1,1,1,
1985,3025,1,1,1,1,1,1,1,1,1,1,1,90,20,1,1,1,
1985,3026,1,1,1,1,1,1,1,1,1,1,6,28,7,1,1,1,
1985,3027,1,1,1,1,1,1,1,1,1,1,1,23,40,1,7,1,
1985,3028,1,1,1,1,1,1,1,1,1,1,1,15,56,1,13,1,
1985,3029,1,1,1,1,1,1,1,1,1,1,1,11,65,1,4,1,
1985,3030,1,1,1,1,1,1,1,1,1,1,1,22,47,1,3,1,
1985,3031,1,1,1,1,1,1,1,1,1,1,1,18,55,1,1,1,
1985,3032,1,1,1,1,1,1,1,1,1,1,1,11,48,1,7,1,
1985,3033,1,1,1,1,1,1,1,1,1,1,1,20,32,1,28,1,
1985,3034,1,1,1,1,1,1,1,1,1,1,1,29,63,1,11,1,
1985,3035,1,1,1,1,1,1,1,1,1,1,1,5,56,1,6,1,
1985,3036,1,1,1,1,1,1,1,1,1,1,1,21,81,1,12,1,
1985,3037,1,1,1,1,1,1,1,1,1,1,1,15,57,1,9,1,
1985,3038,1,1,1,1,1,1,1,1,1,1,1,13,91,1,6,1,
1985,3039,1,1,1,1,1,1,1,1,1,1,1,13,86,1,14,1,
1985,3040,1,1,1,1,1,1,1,1,1,1,1,7,91,1,4,1,
1985,3041,1,1,1,1,1,1,1,1,1,1,1,1,1,44,16,20,
1985,3042,1,1,1,1,1,1,1,1,1,1,1,1,1,37,1,1,
1985,3043,1,1,1,1,1,1,1,1,1,1,1,1,1,75,5,1,
1985,3044,1,1,1,1,1,1,1,1,1,1,1,1,1,44,1,18,
1985,3045,1,1,1,1,1,1,1,1,1,1,1,1,1,6,7,56,
1985,3046,1,1,1,1,1,1,1,1,1,1,1,1,1,45,22,23,
1985,3047,1,1,1,1,1,1,1,1,1,1,1,1,1,91,2,8,
1985,3048,1,1,1,1,1,1,1,1,1,1,1,1,1,72,1,1,
1985,3049,1,1,1,1,1,1,1,1,1,1,1,1,1,4,12,44,
1985,3050,1,1,1,1,1,1,1,1,1,1,1,1,1,5,10,33,
1985,3051,1,1,1,1,1,1,1,1,1,61,1,1,1,1,1,1,
1985,3052,1,1,1,1,1,1,1,1,1,47,1,1,1,1,1,1,
1985,3053,1,1,1,1,1,1,1,1,55,1,1,1,1,1,1,1,
1985,3054,1,1,1,1,1,1,1,1,40,1,1,1,1,1,1,1,
1985,3055,1,1,1,1,1,1,1,1,39,1,1,1,1,1,1,1,
1985,3056,1,1,1,1,1,1,1,1,91,1,1,1,1,1,1,1,
1985,3057,1,1,1,1,1,1,1,1,1,1,40,17,1,1,1,1,
1985,3058,1,1,1,1,1,1,1,1,40,30,1,1,1,1,1,1,
1985,3059,44,1,1,1,1,1,1,1,1,1,1,1,1,1,1,1,
1985,3060,64,1,1,1,1,1,1,1,1,1,1,1,1,1,1,1,
1985,3061,1,34,12,1,1,1,1,1,1,1,1,1,1,1,1,1,
1985,3062,1,17,6,1,1,1,1,1,1,1,1,1,1,1,1,1,
1985,3063,1,13,67,1,1,1,1,1,1,1,1,1,1,1,1,1,
1985,3064,1,1,1,21,15,1,1,1,1,1,1,1,1,1,1,1,
1985,3065,1,1,1,75,12,1,1,1,1,1,1,1,1,1,1,1,
1985,3066,1,1,1,19,13,1,1,1,1,1,1,1,1,1,1,1,
1985,3067,1,1,1,27,10,1,1,1,1,1,1,1,1,1,1,1,
1985,3068,1,1,1,84,15,1,1,1,1,1,1,1,1,1,1,1,
1985,3069,1,1,1,29,23,1,1,1,1,1,1,1,1,1,1,1,
1985,3070,1,1,1,56,13,1,1,1,1,1,1,1,1,1,1,1,
1985,3071,1,1,1,68,27,1,1,1,1,1,1,1,1,1,1,1,
1985,3072,1,1,1,43,2,1,1,1,1,1,1,1,1,1,1,1,
1985,3073,1,1,1,49,4,1,1,1,1,1,1,1,1,1,1,1,
1985,3074,1,1,1,3,88,1,1,1,1,1,1,1,1,1,1,1,
1985,3075,1,1,1,25,56,1,1,1,1,1,1,1,1,1,1,1,
1985,3076,1,1,1,10,87,1,1,1,1,1,1,1,1,1,1,1,
1985,3077,1,1,1,5,70,1,1,1,1,1,1,1,1,1,1,1,
1985,3078,1,1,1,1,1,12,46,22,1,1,1,1,1,1,1,1,
1985,3079,1,1,1,1,1,76,10,6,1,1,1,1,1,1,1,1,
1985,3080,1,1,1,1,1,53,12,14,1,1,1,1,1,1,1,1,
1985,3081,1,1,1,1,1,27,16,45,1,1,1,1,1,1,1,1,
1985,3082,1,1,1,1,1,1,1,1,1,1,11,63,1,1,1,1,
1985,3083,1,1,1,1,1,1,1,1,1,1,5,60,21,1,1,1,
1985,3084,1,1,1,1,1,1,1,1,1,1,1,24,6,1,1,1,
1985,3085,1,1,1,1,1,1,1,1,1,1,30,81,22,1,1,1,
1985,3086,1,1,1,1,1,1,1,1,1,1,11,49,8,1,1,1,
1985,3087,1,1,1,1,1,1,1,1,1,1,1,28,52,1,18,1,
1985,3088,1,1,1,1,1,1,1,1,1,1,1,9,32,1,14,1,
1985,3089,1,1,1,1,1,1,1,1,1,1,1,1,27,1,12,1,
1985,3090,1,1,1,1,1,1,1,1,1,1,1,10,84,1,9,1,
1985,3091,1,1,1,1,1,1,1,1,1,1,1,3,93,1,10,1,
1985,3092,1,1,1,1,1,1,1,1,1,1,1,6,46,1,14,1,
1985,3093,1,1,1,1,1,1,1,1,1,1,1,13,98,1,6,1,
1985,3094,1,1,1,1,1,1,1,1,1,1,1,11,47,1,9,1,
1985,3095,1,1,1,1,1,1,1,1,1,1,1,1,1,48,5,1,
1985,3096,1,1,1,1,1,1,1,1,1,1,1,1,1,35,11,24,
1985,3097,1,1,1,1,1,1,1,1,1,1,1,1,1,42,1,1,
1985,3098,1,1,1,1,1,1,1,1,1,1,1,1,1,53,6,3,
1985,3099,1,1,1,1,1,1,1,1,1,1,1,1,1,6,2,68,
1985,3100,1,1,1,1,1,1,1,1,1,1,1,1,1,9,13,71,
1985,3101,1,1,1,1,1,1,1,1,1,1,1,1,1,10,14,51,
1985,3102,1,1,1,1,1,1,1,1,1,1,1,1,1,87,7,6,
1985,3103,1,1,1,1,1,1,1,1,1,1,1,1,1,6,15,76,
1985,3104,1,1,1,1,1,1,1,1,1,1,1,1,1,47,1,1,
1985,3105,1,1,1,1,1,1,1,1,1,1,1,1,1,70,1,1,
1985,3106,1,1,1,1,1,1,1,1,1,1,1,1,14,1,31,2,
1985,3107,1,1,1,1,1,1,1,1,1,1,1,1,11,1,26,10,
1985,3108,1,1,1,1,1,1,1,1,1,1,1,1,1,93,9,1,
1985,3109,1,1,1,1,1,1,1,1,1,1,1,1,1,61,6,1,
1985,3110,1,1,1,1,1,1,1,1,25,1,1,1,1,1,1,1,
1985,3111,1,1,1,1,1,1,1,1,15,1,1,1,1,1,1,1,
1985,3112,1,1,1,1,1,1,1,1,54,1,1,1,1,1,1,1,
1985,3113,1,1,1,1,1,1,1,1,1,1,60,3,1,1,1,1,
1985,3114,1,1,1,1,1,1,1,1,1,1,71,1,1,1,1,1,
1985,3115,1,1,1,1,1,1,1,1,1,1,61,1,1,1,1,1,
1985,3116,1,1,1,34,8,1,1,1,1,1,1,1,1,1,1,1,
1985,3117,1,1,1,35,14,1,1,1,1,1,1,1,1,1,1,1,
1985,3118,1,1,1,33,13,1,1,1,1,1,1,1,1,1,1,1,
1985,3119,1,1,1,13,54,1,1,1,1,1,1,1,1,1,1,1,
1985,3120,1,1,1,7,25,1,1,1,1,1,1,1,1,1,1,1,
1985,3121,1,1,1,17,61,1,1,1,1,1,1,1,1,1,1,1,
1985,3122,1,1,1,4,54,1,1,1,1,1,1,1,1,1,1,1,
1985,3123,1,1,1,1,1,1,33,13,1,1,1,1,1,1,1,1,
1985,3124,1,1,1,1,1,3,90,1,1,1,1,1,1,1,1,1,
1985,3125,1,1,1,1,1,14,6,5,1,1,1,1,1,1,1,1,
1985,3126,1,1,1,1,1,31,6,6,1,1,1,1,1,1,1,1,
1985,3127,1,1,1,1,1,13,5,36,1,1,1,1,1,1,1,1,
1985,3128,1,1,1,1,1,1,1,1,1,1,22,45,12,1,1,1,
1985,3129,1,1,1,1,1,1,1,1,1,1,1,61,2,1,1,1,
1985,3130,1,1,1,1,1,1,1,1,1,1,1,5,57,1,23,1,
1985,3131,1,1,1,1,1,1,1,1,1,1,1,27,83,1,24,1,
1985,3132,1,1,1,1,1,1,1,1,1,1,1,6,28,1,6,1,
1985,3133,1,1,1,1,1,1,1,1,1,1,1,12,46,1,5,1,
1985,3134,1,1,1,1,1,1,1,1,1,1,1,4,95,1,2,1,
1985,3135,1,1,1,1,1,1,1,1,1,1,1,13,67,1,1,1,
1985,3136,1,1,1,1,1,1,1,1,1,1,1,10,30,1,5,1,
1985,3137,1,1,1,1,1,1,1,1,1,1,1,17,85,1,23,1,
1985,3138,1,1,1,1,1,1,1,1,1,1,1,1,1,45,8,12,
1985,3139,1,1,1,1,1,1,1,1,1,1,1,1,1,86,2,3,
1985,3140,1,1,1,1,1,1,1,1,1,1,1,1,1,46,6,13,
1985,3141,1,1,1,1,1,1,1,1,1,1,1,1,1,1,26,10,
1985,3142,1,1,1,1,1,1,1,1,1,1,1,1,1,88,15,1,
1985,3143,1,1,1,1,1,1,1,1,1,1,1,1,1,13,12,25,
1985,3144,1,1,1,1,1,1,1,1,82,1,1,1,1,1,1,1,
1985,3145,1,1,1,1,1,1,1,1,22,1,1,1,1,1,1,1,
1985,3146,1,1,1,1,1,1,1,1,65,1,1,1,1,1,1,1,
1985,3147,1,1,1,1,1,1,1,1,59,1,1,1,1,1,1,1,
1985,3148,1,1,1,1,1,1,1,1,1,1,64,20,1,1,1,1,
1985,3149,1,1,1,1,1,1,1,1,1,1,73,7,1,1,1,1,
1985,3150,21,1,1,1,1,1,1,1,1,1,1,1,1,1,1,1,
1985,3151,1,17,48,1,1,1,1,1,1,1,1,1,1,1,1,1,
1985,3152,1,1,1,35,11,1,1,1,1,1,1,1,1,1,1,1,
1985,3153,1,1,1,25,13,1,1,1,1,1,1,1,1,1,1,1,
1985,3154,1,1,1,21,15,1,1,1,1,1,1,1,1,1,1,1,
1985,3155,0,0,0,47,28,0,0,0,0,0,0,0,0,0,0,0,
1985,3156,1,1,1,71,5,1,1,1,1,1,1,1,1,1,1,1,
1985,3157,1,1,1,63,15,1,1,1,1,1,1,1,1,1,1,1,
1985,3158,1,1,1,10,35,1,1,1,1,1,1,1,1,1,1,1,
1985,3159,1,1,1,23,67,1,1,1,1,1,1,1,1,1,1,1,
1985,3160,1,1,1,6,48,1,1,1,1,1,1,1,1,1,1,1,
1985,3161,1,1,1,15,44,1,1,1,1,1,1,1,1,1,1,1,
1985,3162,1,1,1,1,1,10,67,2,1,1,1,1,1,1,1,1,
1985,3163,1,1,1,1,1,3,13,1,1,1,1,1,1,1,1,1,
1985,3164,1,1,1,1,1,12,8,53,1,1,1,1,1,1,1,1,
1985,3165,1,1,1,1,1,1,1,1,1,1,1,44,7,1,1,1,
1985,3166,1,1,1,1,1,1,1,1,1,1,4,54,15,1,1,1,
1985,3167,1,1,1,1,1,1,1,1,1,1,15,48,13,1,1,1,
1985,3168,1,1,1,1,1,1,1,1,1,1,1,4,58,1,7,1,
1985,3169,1,1,1,1,1,1,1,1,1,1,1,1,20,1,4,1,
1985,3170,1,1,1,1,1,1,1,1,1,1,1,7,77,1,5,1,
1985,3171,1,1,1,1,1,1,1,1,1,1,1,1,1,26,12,1,
1985,3172,1,1,1,1,1,1,1,1,1,1,1,1,1,44,2,10,
1985,3173,1,1,1,1,1,1,1,1,1,1,1,1,1,24,19,46,
1985,3174,1,1,1,1,1,1,1,1,1,78,1,1,1,1,1,1,
1985,3175,1,1,1,1,1,1,1,1,1,35,1,1,1,1,1,1,
1985,3176,1,1,1,1,1,1,1,1,1,33,1,1,1,1,1,1,
1985,3177,1,1,1,1,1,1,1,1,1,1,60,1,1,1,1,1,
1985,3178,1,1,1,1,1,1,1,1,1,1,60,4,1,1,1,1,
1985,3179,1,5,55,1,1,1,1,1,1,1,1,1,1,1,1,1,
1985,3180,1,1,1,65,1,1,1,1,1,1,1,1,1,1,1,1,
1985,3181,1,1,1,79,6,1,1,1,1,1,1,1,1,1,1,1,
1985,3182,1,1,1,62,3,1,1,1,1,1,1,1,1,1,1,1,
1985,3183,1,1,1,49,1,1,1,1,1,1,1,1,1,1,1,1,
1985,3184,1,1,1,44,13,1,1,1,1,1,1,1,1,1,1,1,
1985,3185,1,1,1,25,14,1,1,1,1,1,1,1,1,1,1,1,
1985,3186,1,1,1,13,64,1,1,1,1,1,1,1,1,1,1,1,
1985,3187,1,1,1,9,45,1,1,1,1,1,1,1,1,1,1,1,
1985,3188,1,1,1,5,77,1,1,1,1,1,1,1,1,1,1,1,
1985,3189,1,1,1,1,1,12,26,11,1,1,1,1,1,1,1,1,
1985,3190,1,1,1,1,1,1,21,3,1,1,1,1,1,1,1,1,
1985,3191,1,1,1,1,1,4,38,4,1,1,1,1,1,1,1,1,
1985,3192,1,1,1,1,1,14,18,2,1,1,1,1,1,1,1,1,
1985,3193,1,1,1,1,1,6,43,1,1,1,1,1,1,1,1,1,
1985,3194,1,1,1,1,1,1,1,1,1,1,1,44,28,1,1,1,
1985,3195,1,1,1,1,1,1,1,1,1,1,3,46,8,1,1,1,
1985,3196,1,1,1,1,1,1,1,1,1,1,1,3,66,1,4,1,
1985,3197,1,1,1,1,1,1,1,1,1,1,1,2,56,1,6,1,
1985,3198,1,1,1,1,1,1,1,1,1,1,1,10,40,1,5,1,
1985,3199,1,1,1,1,1,1,1,1,1,1,1,13,77,1,11,1,
1985,3200,1,1,1,1,1,1,1,1,1,1,1,12,92,1,14,1,
1985,3201,1,1,1,1,1,1,1,1,1,1,1,2,15,1,3,1,
1985,3202,1,1,1,1,1,1,1,1,1,1,1,12,25,1,9,1,
1985,3203,1,1,1,1,1,1,1,1,1,1,1,1,14,1,36,24,
1985,3204,1,1,1,1,1,1,1,1,1,1,1,1,1,2,5,42,
1985,3205,1,1,1,1,1,1,1,1,1,1,1,1,1,70,29,8,
1985,3206,1,1,1,1,1,1,1,1,15,1,1,1,1,1,1,1,
1985,3207,1,1,1,1,1,1,1,1,47,1,1,1,1,1,1,1,
1985,3208,1,1,1,1,1,1,1,1,1,1,50,1,1,1,1,1,
1985,3209,1,1,1,1,1,1,1,1,1,1,50,3,1,1,1,1,
1985,3210,1,1,1,1,1,1,1,1,1,1,81,1,1,1,1,1,
1985,3211,1,1,1,1,1,1,1,1,1,1,60,7,1,1,1,1,
1985,3212,1,1,1,1,1,1,1,1,1,1,73,1,1,1,1,1,
1985,3213,1,1,1,1,1,1,1,1,1,1,93,1,1,1,1,1,
1985,3214,1,1,1,1,1,1,1,1,1,1,46,1,1,1,1,1,
1985,3215,1,1,1,41,11,1,1,1,1,1,1,1,1,1,1,1,
1985,3216,1,1,1,20,3,1,1,1,1,1,1,1,1,1,1,1,
1985,3217,1,1,1,68,14,1,1,1,1,1,1,1,1,1,1,1,
1985,3218,1,1,1,55,1,1,1,1,1,1,1,1,1,1,1,1,
1985,3219,1,1,1,3,69,1,1,1,1,1,1,1,1,1,1,1,
1985,3220,1,1,1,7,72,1,1,1,1,1,1,1,1,1,1,1,
1985,3221,1,1,1,1,1,1,1,1,1,1,9,32,6,1,1,1,
1985,3222,1,1,1,1,1,1,1,1,1,1,32,43,34,1,1,1,
1985,3223,1,1,1,1,1,1,1,1,1,1,1,65,6,1,1,1,
1985,3224,1,1,1,1,1,1,1,1,1,1,1,22,42,1,11,1,
1985,3225,1,1,1,1,1,1,1,1,1,1,1,9,73,1,11,1,
1985,3226,1,1,1,1,1,1,1,1,1,1,1,4,29,1,9,1,
1985,3227,1,1,1,1,1,1,1,1,1,1,1,1,12,1,18,2,
1985,3228,1,1,1,1,1,1,1,1,1,1,1,1,1,3,10,64,
1985,3229,1,1,1,1,1,1,1,1,1,1,1,1,13,1,34,11,
1985,3230,1,1,1,1,1,1,1,1,1,1,39,1,1,1,1,1,
1985,3231,1,1,1,1,1,1,1,1,1,1,49,1,1,1,1,1,
1985,3232,1,1,1,1,1,1,1,1,1,1,52,6,1,1,1,1,
1985,3233,1,1,1,25,7,1,1,1,1,1,1,1,1,1,1,1,
1985,3234,1,1,1,12,53,1,1,1,1,1,1,1,1,1,1,1,
1985,3235,1,1,1,14,24,1,1,1,1,1,1,1,1,1,1,1,
1985,3236,1,1,1,1,1,65,9,10,1,1,1,1,1,1,1,1,
1985,3237,1,1,1,1,1,1,1,1,1,1,15,29,9,1,1,1,
1985,3238,1,1,1,1,1,1,1,1,1,1,1,66,5,1,1,1,
1985,3239,1,1,1,1,1,1,1,1,1,1,1,5,37,1,8,1,
1985,3240,1,1,1,1,1,1,1,1,1,1,1,5,51,1,5,1,
1985,3241,1,1,1,1,1,1,1,1,1,1,1,7,34,1,2,1,
1985,3242,1,1,1,1,1,1,1,1,1,1,1,2,59,1,2,1,
1985,3243,1,1,1,1,1,1,1,1,1,1,1,1,1,86,12,5,
1985,3244,1,1,1,1,1,1,1,1,1,1,1,1,1,2,1,33,
1985,3245,1,1,1,1,1,1,1,1,1,1,1,1,1,12,23,51,
1985,3246,1,1,1,1,1,1,1,1,55,1,1,1,1,1,1,1,
1985,3247,1,1,1,1,1,1,1,1,26,1,1,1,1,1,1,1,
1985,3248,1,1,1,1,1,1,1,1,46,1,1,1,1,1,1,1,
1985,3249,1,1,1,1,1,1,1,1,1,1,43,5,1,1,1,1,
1985,3250,1,1,1,1,1,1,1,1,1,1,85,4,1,1,1,1,
1985,3251,1,1,1,57,22,1,1,1,1,1,1,1,1,1,1,1,
1985,3252,1,1,1,2,28,1,1,1,1,1,1,1,1,1,1,1,
1985,3253,1,1,1,1,34,1,1,1,1,1,1,1,1,1,1,1,
1985,3254,1,1,1,1,1,1,1,1,1,1,6,57,4,1,1,1,
1985,3255,1,1,1,1,1,1,1,1,1,1,13,55,1,1,1,1,
1985,3256,1,1,1,1,1,1,1,1,1,1,1,70,13,1,1,1,
1985,3257,1,1,1,1,1,1,1,1,1,1,7,19,8,1,1,1,
1985,3258,1,1,1,1,1,1,1,1,1,1,4,74,4,1,1,1,
1985,3259,1,1,1,1,1,1,1,1,1,1,13,69,9,1,1,1,
1985,3260,1,1,1,1,1,1,1,1,1,1,11,26,5,1,1,1,
1985,3261,1,1,1,1,1,1,1,1,1,1,1,10,55,1,9,1,
1985,3262,0,0,0,0,0,0,0,0,0,0,0,0,0,31,16,9,
1985,3263,1,1,1,1,1,1,1,1,1,1,1,1,1,69,14,9,
1985,3264,1,1,1,1,1,1,1,1,1,1,58,4,1,1,1,1,
1985,3265,1,1,1,1,1,1,1,1,1,1,10,61,9,1,1,1,
1985,3266,1,1,1,1,1,1,1,1,1,1,10,16,14,1,1,1,
1985,3267,1,1,1,1,1,1,1,1,1,1,1,2,30,1,1,1,
1985,3268,1,1,1,1,1,1,1,1,1,1,1,3,20,1,9,1,
1985,3269,1,1,1,1,1,1,1,1,1,1,1,7,33,1,15,1,
1985,3270,1,1,1,1,1,1,1,1,1,1,1,1,1,40,9,8,
1985,3271,1,1,1,1,1,1,1,1,1,1,1,1,1,47,25,18,
1985,3272,1,1,1,1,1,1,1,1,1,1,64,1,1,1,1,1,
1985,3273,1,1,1,13,23,1,1,1,1,1,1,1,1,1,1,1,
1985,3274,1,1,1,1,1,1,1,1,1,1,1,27,11,1,1,1,
1985,3275,1,1,1,1,1,1,1,1,1,1,11,55,6,1,1,1,
1985,3276,1,1,1,1,1,1,1,1,1,1,14,23,1,1,1,1,
1985,3277,1,1,1,1,1,1,1,1,1,1,1,11,56,1,6,1,
1985,3278,1,1,1,1,1,1,1,1,1,1,1,1,1,56,11,9,
1985,3279,1,1,1,1,1,1,1,1,1,1,1,1,1,41,9,4,
1985,3280,1,1,1,1,1,1,1,1,50,1,1,1,1,1,1,1,
1985,3281,1,1,1,1,1,1,1,1,1,1,13,48,2,1,1,1,
1985,3282,1,1,1,1,1,1,1,1,1,1,2,30,2,1,1,1,
1985,3283,1,1,1,1,1,1,1,1,1,1,46,1,1,1,1,1,
1985,3284,0,53,38,0,0,0,0,0,0,0,0,0,0,0,0,0,
1985,3285,0,0,0,76,23,0,0,0,0,0,0,0,0,0,0,0,
1985,3286,0,0,0,0,0,0,0,0,0,0,65,20,0,0,0,0,
1985,3287,0,0,0,0,0,0,0,0,0,0,0,37,53,0,38,0,
1985,3288,0,0,0,0,0,0,0,0,0,0,0,11,32,0,26,0,
1985,3289,0,0,0,4,59,0,0,0,0,0,0,0,0,0,0,0,
1985,3290,0,0,0,0,0,13,12,41,0,0,0,0,0,0,0,0,
1985,3291,0,85,22,0,0,0,0,0,0,0,0,0,0,0,0,0,
1985,3292,0,0,0,0,0,0,0,0,0,0,89,26,0,0,0,0,
1985,3293,0,54,11,0,0,0,0,0,0,0,0,0,0,0,0,0,
1985,3294,0,53,1,0,0,0,0,0,0,0,0,0,0,0,0,0,
1985,3295,0,42,16,0,0,0,0,0,0,0,0,0,0,0,0,0,
1985,3296,0,0,0,0,0,12,28,58,0,0,0,0,0,0,0,0,
1985,3297,0,0,0,96,2,0,0,0,0,0,0,0,0,0,0,0,
1985,3298,0,0,0,70,2,0,0,0,0,0,0,0,0,0,0,0,
1985,3299,0,0,0,0,0,0,0,0,0,0,53,8,0,0,0,0,
1985,3300,0,27,11,0,0,0,0,0,0,0,0,0,0,0,0,0,
1985,3301,0,0,0,0,0,0,0,0,0,0,30,60,20,0,0,0,
1985,3302,0,0,0,0,0,0,0,0,0,0,0,0,25,0,77,28,
1985,3303,0,0,0,0,0,0,0,0,0,0,96,20,0,0,0,0,
1985,3304,0,0,0,0,0,0,0,0,0,0,0,7,98,0,3,0,
1985,3305,0,0,0,0,0,58,4,4,0,0,0,0,0,0,0,0,
1985,3306,0,0,0,0,0,44,11,0,0,0,0,0,0,0,0,0,
1985,3307,0,0,0,0,0,0,0,0,0,0,0,10,49,0,12,0,
1985,3308,0,0,0,0,0,0,0,0,0,0,0,0,92,0,1,0,
1985,3309,0,38,7,0,0,0,0,0,0,0,0,0,0,0,0,0,
1985,3310,0,0,0,25,13,0,0,0,0,0,0,0,0,0,0,0,
1985,3311,0,0,0,0,0,0,0,0,0,0,0,0,0,40,22,21,
1985,3312,0,0,0,0,0,53,12,0,0,0,0,0,0,0,0,0,
1985,3313,0,0,0,99,27,0,0,0,0,0,0,0,0,0,0,0,
1985,3314,0,0,0,0,0,18,19,82,0,0,0,0,0,0,0,0,
1985,3315,0,0,0,0,0,39,27,18,0,0,0,0,0,0,0,0,
1985,3316,0,0,0,0,0,0,0,0,0,0,0,0,0,12,2,66,
1985,3317,0,0,0,9,41,0,0,0,0,0,0,0,0,0,0,0,
1985,3318,0,0,0,79,15,0,0,0,0,0,0,0,0,0,0,0,
1985,3319,0,27,71,0,0,0,0,0,0,0,0,0,0,0,0,0,
1985,3320,0,73,14,0,0,0,0,0,0,0,0,0,0,0,0,0,
1985,3321,0,0,0,0,0,16,5,3,0,0,0,0,0,0,0,0,
1985,3322,0,0,0,12,25,0,0,0,0,0,0,0,0,0,0,0,
1985,3323,0,73,21,0,0,0,0,0,0,0,0,0,0,0,0,0,
1985,3324,0,0,0,0,0,0,0,0,0,0,0,27,65,0,16,0,
1985,3325,0,0,0,0,0,0,0,0,0,0,68,23,0,0,0,0,
1985,3326,0,0,0,59,22,0,0,0,0,0,0,0,0,0,0,0,
1985,3327,52,0,0,0,0,0,0,0,0,0,0,0,0,0,0,0,
1985,3328,40,0,0,0,0,0,0,0,0,0,0,0,0,0,0,0,
1985,3329,0,0,0,81,12,0,0,0,0,0,0,0,0,0,0,0,
1985,3330,0,40,27,0,0,0,0,0,0,0,0,0,0,0,0,0,
1985,3331,0,0,0,0,0,0,0,0,0,0,3,88,5,0,0,0,
1985,3332,0,65,11,0,0,0,0,0,0,0,0,0,0,0,0,0,
1985,3333,0,0,0,0,0,94,2,10,0,0,0,0,0,0,0,0,
1985,3334,0,0,0,0,0,0,0,0,0,0,0,30,74,0,11,0,
1985,3335,0,0,0,50,15,0,0,0,0,0,0,0,0,0,0,0,
1985,3336,0,0,0,0,0,0,0,0,0,0,0,0,0,82,9,9,
1985,3337,0,0,0,0,0,0,0,0,0,0,0,0,11,0,79,25,
1985,3338,0,0,0,76,13,0,0,0,0,0,0,0,0,0,0,0,
1985,3339,0,0,0,53,19,0,0,0,0,0,0,0,0,0,0,0,
1985,3340,0,0,0,0,0,0,0,0,0,0,0,0,0,21,17,81,
1985,3341,0,0,0,56,13,0,0,0,0,0,0,0,0,0,0,0,
1985,3342,0,0,0,0,0,0,0,0,0,0,41,24,0,0,0,0,
1985,3343,0,0,0,0,0,0,0,0,0,0,0,0,0,0,14,16,
1985,3344,0,0,0,0,0,0,0,0,0,0,0,0,0,13,12,18,
1985,3345,0,0,0,83,45,0,0,0,0,0,0,0,0,0,0,0,
1985,3346,0,0,0,2,26,0,0,0,0,0,0,0,0,0,0,0,
1985,3347,0,0,0,0,0,0,0,0,0,0,16,33,23,0,0,0,
1985,3348,0,0,0,0,0,0,0,0,0,0,19,53,28,0,0,0,
1985,3349,0,0,0,84,13,0,0,0,0,0,0,0,0,0,0,0,
1985,3350,0,0,0,0,0,0,0,0,0,0,0,10,93,0,11,0,
1985,3351,0,0,0,0,0,0,0,0,0,0,0,1,41,0,5,0,
1985,3352,0,0,0,0,0,0,0,0,0,0,10,20,15,0,0,0,
1985,3353,0,0,0,0,0,0,0,0,0,0,0,0,13,0,15,7,
1985,3354,0,0,0,0,0,17,32,28,0,0,0,0,0,0,0,0,
1985,3355,0,0,0,45,12,0,0,0,0,0,0,0,0,0,0,0,
1985,3356,95,0,0,0,0,0,0,0,0,0,0,0,0,0,0,0,
1985,3357,0,0,0,0,0,0,0,0,0,0,90,15,0,0,0,0,
1985,3358,0,0,0,0,0,31,18,16,0,0,0,0,0,0,0,0,
1985,3359,0,0,0,33,17,0,0,0,0,0,0,0,0,0,0,0,
1985,3360,0,0,0,0,0,0,0,0,0,0,19,11,0,0,0,0,
1985,3361,0,0,0,0,0,0,0,0,0,0,0,4,60,0,10,0,
1985,3362,0,0,0,0,0,0,0,0,0,0,50,3,0,0,0,0,
1985,3363,0,0,0,0,0,0,0,0,0,0,46,3,0,0,0,0,
1985,3364,0,0,0,0,0,0,0,0,0,0,12,46,15,0,0,0,
1985,3365,0,0,0,4,82,0,0,0,0,0,0,0,0,0,0,0,
1985,3366,0,0,0,0,0,72,18,20,0,0,0,0,0,0,0,0,
1985,3367,70,0,0,0,0,0,0,0,0,0,0,0,0,0,0,0,
1985,3368,0,0,0,47,18,0,0,0,0,0,0,0,0,0,0,0,
1985,3369,0,0,0,0,0,0,0,0,0,0,0,34,70,0,39,0,
1985,3370,0,0,0,0,0,0,0,0,0,0,0,7,22,0,5,0,
1985,3371,0,0,0,0,0,0,0,0,0,0,0,13,25,0,6,0,
1985,3372,95,0,0,0,0,0,0,0,0,0,0,0,0,0,0,0,
1985,3373,0,0,0,4,78,0,0,0,0,0,0,0,0,0,0,0,
1985,3374,0,0,0,0,0,0,0,0,0,0,0,0,0,22,29,74,
1985,3375,0,0,0,0,0,0,0,0,0,0,0,0,0,46,9,5,
1985,3376,0,0,0,0,0,0,0,0,0,0,80,8,0,0,0,0,
1985,3377,0,0,0,0,0,0,0,0,0,0,29,11,0,0,0,0,
1985,3378,0,0,0,24,85,0,0,0,0,0,0,0,0,0,0,0,
1985,3379,0,0,0,83,18,0,0,0,0,0,0,0,0,0,0,0,
1985,3380,0,0,0,0,0,0,0,0,0,0,0,7,43,0,8,0,
1985,3381,0,0,0,0,0,0,0,0,0,0,0,0,0,40,7,7,
1985,3382,30,0,0,0,0,0,0,0,0,0,0,0,0,0,0,0,
1985,3383,0,0,0,0,0,0,0,0,0,0,94,8,0,0,0,0,
1985,3384,0,0,0,0,0,0,0,0,0,0,0,0,0,14,14,27,
1985,3385,87,0,0,0,0,0,0,0,0,0,0,0,0,0,0,0,
1985,3386,0,0,0,0,0,64,10,20,0,0,0,0,0,0,0,0,
1985,3387,0,0,0,0,0,40,23,12,0,0,0,0,0,0,0,0,
1985,3388,0,0,0,63,11,0,0,0,0,0,0,0,0,0,0,0,
1985,3389,0,0,0,0,0,0,0,0,0,0,0,0,0,57,15,2,
1985,3390,0,98,29,0,0,0,0,0,0,0,0,0,0,0,0,0,
1985,3391,0,0,0,14,83,0,0,0,0,0,0,0,0,0,0,0,
1985,3392,0,0,0,0,0,0,0,0,0,0,1,89,10,0,0,0,
1985,3393,93,0,0,0,0,0,0,0,0,0,0,0,0,0,0,0,
1985,3394,0,0,0,0,0,0,0,0,0,0,0,11,85,0,7,0,
1985,3395,0,22,7,0,0,0,0,0,0,0,0,0,0,0,0,0,
1985,3396,0,0,0,0,0,0,0,0,0,0,0,0,0,97,12,12,
1985,3397,0,0,0,4,62,0,0,0,0,0,0,0,0,0,0,0,
1985,3398,0,0,0,0,0,13,68,13,0,0,0,0,0,0,0,0,
1985,3399,0,62,10,0,0,0,0,0,0,0,0,0,0,0,0,0,
1985,3400,0,0,0,0,0,0,0,0,0,0,0,0,14,0,63,15,
1985,3401,24,0,0,0,0,0,0,0,0,0,0,0,0,0,0,0,
1985,3402,0,0,0,0,0,1,60,9,0,0,0,0,0,0,0,0,
1985,3403,0,0,0,0,0,0,0,0,70,0,0,0,0,0,0,0,
1985,3404,0,72,20,0,0,0,0,0,0,0,0,0,0,0,0,0,
1985,3405,0,0,0,0,0,0,0,0,0,0,0,0,43,0,54,46,
1985,3406,0,0,0,0,0,0,0,0,0,0,0,9,35,0,11,0,
1985,3407,0,0,0,0,0,84,24,16,0,0,0,0,0,0,0,0,
1985,3408,0,67,10,0,0,0,0,0,0,0,0,0,0,0,0,0,
1985,3409,0,0,0,0,0,0,0,0,0,0,1,50,2,0,0,0,
1985,3410,0,0,0,0,0,0,0,0,0,0,0,29,55,0,28,0,
1985,3411,0,0,0,0,0,0,0,0,0,0,0,0,0,14,19,51,
1985,3412,0,71,12,0,0,0,0,0,0,0,0,0,0,0,0,0,
1985,3413,0,0,0,0,0,0,0,0,0,0,29,1,0,0,0,0,
1985,3414,0,0,0,0,0,0,0,0,0,0,0,7,69,0,6,0,
1985,3415,0,0,0,0,0,0,0,0,0,0,0,0,0,86,0,4,
1985,3416,0,24,38,0,0,0,0,0,0,0,0,0,0,0,0,0,
1985,3417,0,0,0,45,22,0,0,0,0,0,0,0,0,0,0,0,
1985,3418,0,0,0,45,12,0,0,0,0,0,0,0,0,0,0,0,
1985,3419,0,0,0,0,0,0,0,0,0,0,0,0,30,0,66,26,
1985,3420,0,0,0,0,0,0,0,0,0,61,0,0,0,0,0,0,
1985,3421,0,0,0,5,97,0,0,0,0,0,0,0,0,0,0,0,
1985,3422,0,0,0,0,0,25,15,77,0,0,0,0,0,0,0,0,
1985,3423,0,0,0,0,0,0,0,0,0,0,0,23,48,0,13,0,
1985,3424,42,0,0,0,0,0,0,0,0,0,0,0,0,0,0,0,
1985,3425,0,0,0,0,0,14,45,14,0,0,0,0,0,0,0,0,
1985,3426,0,0,0,0,0,0,0,0,0,0,0,0,0,66,10,1,
1985,3427,0,0,0,0,0,12,53,26,0,0,0,0,0,0,0,0,
1985,3428,0,0,0,0,0,39,70,46,0,0,0,0,0,0,0,0,
1985,3429,0,52,29,0,0,0,0,0,0,0,0,0,0,0,0,0,
1985,3430,0,0,0,0,0,0,0,0,0,0,23,15,0,0,0,0,
1985,3431,0,0,0,92,24,0,0,0,0,0,0,0,0,0,0,0,
1985,3432,0,0,0,0,0,0,0,0,0,0,69,6,0,0,0,0,
1985,3433,0,98,25,0,0,0,0,0,0,0,0,0,0,0,0,0,
1985,3434,0,100,12,0,0,0,0,0,0,0,0,0,0,0,0,0,
1985,3435,0,0,0,0,0,65,12,23,0,0,0,0,0,0,0,0,
1985,3436,0,0,0,0,0,0,0,0,0,0,15,76,23,0,0,0,
1985,3437,0,0,0,0,0,12,31,25,0,0,0,0,0,0,0,0,
1985,3438,0,0,0,0,0,0,0,0,0,0,10,53,2,0,0,0,
1985,3439,0,0,0,2,100,0,0,0,0,0,0,0,0,0,0,0,
1985,3440,0,8,39,0,0,0,0,0,0,0,0,0,0,0,0,0,
1985,3441,0,0,0,4,35,0,0,0,0,0,0,0,0,0,0,0,
1985,3442,0,0,0,0,0,0,0,0,0,0,8,74,8,0,0,0,
1985,3443,0,0,0,0,0,0,0,0,0,0,1,21,9,0,0,0,
1985,3444,0,0,0,0,0,0,0,0,0,0,0,1,93,0,7,0,
1985,3445,0,0,0,0,0,55,10,27,0,0,0,0,0,0,0,0,
1985,3446,0,0,0,0,0,14,72,27,0,0,0,0,0,0,0,0,
1985,3447,0,0,0,0,0,0,0,0,0,0,0,0,17,0,61,29,
1985,3448,0,0,0,0,0,0,0,0,0,0,25,47,19,0,0,0,
1985,3449,0,45,24,0,0,0,0,0,0,0,0,0,0,0,0,0,
1985,3450,0,0,0,34,9,0,0,0,0,0,0,0,0,0,0,0,
1985,3451,0,0,0,0,0,0,0,0,0,0,16,76,22,0,0,0,
1985,3452,0,0,0,0,0,0,0,0,0,0,0,0,0,18,19,41,
1985,3453,0,0,0,13,22,0,0,0,0,0,0,0,0,0,0,0,
1985,3454,0,0,0,66,26,0,0,0,0,0,0,0,0,0,0,0,
1985,3455,0,0,0,0,0,0,0,0,0,42,0,0,0,0,0,0,
1985,3456,0,0,0,0,0,0,0,0,0,0,74,22,0,0,0,0,
1985,3457,0,0,0,0,0,10,43,15,0,0,0,0,0,0,0,0,
1985,3458,0,0,0,0,0,0,0,0,0,0,0,0,20,0,31,26,
1985,3459,0,0,0,58,6,0,0,0,0,0,0,0,0,0,0,0,
1985,3460,0,0,0,0,0,0,0,0,0,0,45,6,0,0,0,0,
1985,3461,0,0,0,0,0,0,0,0,0,0,0,15,63,0,3,0,
1985,3462,0,41,28,0,0,0,0,0,0,0,0,0,0,0,0,0,
1985,3463,0,0,0,0,0,0,0,0,0,0,0,12,49,0,15,0,
1985,3464,0,0,0,15,90,0,0,0,0,0,0,0,0,0,0,0,
1985,3465,0,0,0,0,0,0,0,0,0,0,0,0,0,91,26,10,
1985,3466,0,0,0,57,26,0,0,0,0,0,0,0,0,0,0,0,
1985,3467,0,0,0,0,0,0,0,0,0,0,9,27,11,0,0,0,
1985,3468,0,0,0,0,0,30,27,45,0,0,0,0,0,0,0,0,
1985,3469,0,0,0,0,0,0,0,0,0,0,0,0,0,59,15,3,
1985,3470,0,0,0,29,12,0,0,0,0,0,0,0,0,0,0,0,
1985,3471,0,0,0,0,0,0,0,0,0,0,10,100,5,0,0,0,
1985,3472,0,0,0,0,0,10,26,100,0,0,0,0,0,0,0,0,
1985,3473,0,0,0,0,0,80,10,6,0,0,0,0,0,0,0,0,
1985,3474,0,0,0,40,9,0,0,0,0,0,0,0,0,0,0,0,
1985,3475,0,0,0,3,24,0,0,0,0,0,0,0,0,0,0,0,
1985,3476,0,0,0,0,0,0,0,0,0,0,0,0,0,27,4,1,
1985,3477,0,0,0,0,0,0,0,0,0,0,16,82,24,0,0,0,
1985,3478,0,45,19,0,0,0,0,0,0,0,0,0,0,0,0,0,
1985,3479,0,0,0,17,0,0,0,0,0,0,0,0,0,0,0,0,
1985,3480,0,0,0,0,0,18,49,11,0,0,0,0,0,0,0,0,
1985,3481,0,71,14,0,0,0,0,0,0,0,0,0,0,0,0,0,
1985,3482,0,54,10,0,0,0,0,0,0,0,0,0,0,0,0,0,
1985,3483,37,0,0,0,0,0,0,0,0,0,0,0,0,0,0,0,
1985,3484,0,0,0,0,0,0,0,0,0,0,0,0,0,61,13,11,
1985,3485,0,0,0,0,0,0,0,0,0,0,0,0,0,3,4,55,
1985,3486,0,0,0,0,0,0,0,0,0,0,0,0,0,11,4,25,
1985,3487,0,0,0,81,3,0,0,0,0,0,0,0,0,0,0,0,
1985,3488,0,0,0,15,76,0,0,0,0,0,0,0,0,0,0,0,
1985,3489,0,0,0,0,0,23,20,85,0,0,0,0,0,0,0,0,
1985,3490,0,95,13,0,0,0,0,0,0,0,0,0,0,0,0,0,
1985,3491,0,0,0,0,0,0,0,0,0,0,0,0,0,4,6,54,
1985,3492,0,0,0,0,0,0,0,0,0,0,30,50,30,0,0,0,
1985,3493,0,0,0,0,0,0,0,0,0,0,0,0,0,3,2,95,
1985,3494,0,0,0,1,33,0,0,0,0,0,0,0,0,0,0,0,
1985,3495,0,0,0,0,0,0,0,0,0,0,0,0,0,19,17,37,
1985,3496,0,0,0,0,0,0,0,0,0,0,0,0,0,60,10,22,
1985,3497,0,0,0,0,0,0,0,0,0,0,54,30,0,0,0,0,
1985,3498,0,0,0,0,0,0,0,0,0,0,0,27,52,0,27,0,
1985,3499,0,0,0,0,0,0,0,0,0,0,7,47,13,0,0,0,
1985,3500,0,0,0,0,0,0,0,0,0,0,0,0,0,10,1,88,
1985,3501,0,0,0,40,17,0,0,0,0,0,0,0,0,0,0,0,
1985,3502,0,80,10,0,0,0,0,0,0,0,0,0,0,0,0,0,
1985,3503,0,0,0,0,0,0,0,0,0,0,0,11,94,0,12,0,
1985,3504,0,0,0,0,0,71,27,18,0,0,0,0,0,0,0,0,
1985,3505,0,0,0,0,0,0,0,0,0,0,54,12,0,0,0,0,
1985,3506,0,0,0,0,0,18,24,65,0,0,0,0,0,0,0,0,
1985,3507,0,0,0,0,0,0,0,0,0,0,0,14,80,0,7,0,
1985,3508,0,0,0,0,0,0,0,0,0,0,13,78,15,0,0,0,
1985,3509,0,0,0,42,4,0,0,0,0,0,0,0,0,0,0,0,
1985,3510,0,0,0,89,16,0,0,0,0,0,0,0,0,0,0,0,
1985,3511,0,0,0,0,0,66,5,3,0,0,0,0,0,0,0,0,
1985,3512,0,0,0,0,0,91,10,16,0,0,0,0,0,0,0,0,
1985,3513,0,0,0,0,0,0,0,0,0,71,0,0,0,0,0,0,
1985,3514,0,0,0,0,0,0,0,0,0,0,5,81,8,0,0,0,
1985,3515,0,0,0,0,0,0,0,0,0,0,0,0,0,71,11,15,
1985,3516,33,0,0,0,0,0,0,0,0,0,0,0,0,0,0,0,
1985,3517,0,65,30,0,0,0,0,0,0,0,0,0,0,0,0,0,
1985,3518,0,86,9,0,0,0,0,0,0,0,0,0,0,0,0,0,
1985,3519,0,0,0,0,0,0,0,0,0,0,4,31,9,0,0,0,
1985,3520,0,0,0,0,0,0,0,0,0,0,13,70,13,0,0,0,
1985,3521,0,0,0,0,0,0,0,0,0,0,0,0,0,20,2,8,
1985,3522,0,55,17,0,0,0,0,0,0,0,0,0,0,0,0,0,
1985,3523,0,0,0,45,3,0,0,0,0,0,0,0,0,0,0,0,
1985,3524,0,0,0,39,4,0,0,0,0,0,0,0,0,0,0,0,
1985,3525,0,0,0,0,0,12,74,16,0,0,0,0,0,0,0,0,
1985,3526,0,0,0,41,27,0,0,0,0,0,0,0,0,0,0,0,
1985,3527,0,0,0,0,0,0,0,0,0,0,0,7,85,0,4,0,
1985,3528,0,36,24,0,0,0,0,0,0,0,0,0,0,0,0,0,
1985,3529,0,0,0,79,3,0,0,0,0,0,0,0,0,0,0,0,
1985,3530,0,0,0,0,0,0,0,0,0,0,0,0,0,57,15,15,
1985,3531,0,0,0,0,0,33,23,16,0,0,0,0,0,0,0,0,
1985,3532,0,0,0,0,0,0,0,0,0,0,0,0,0,45,15,6,
1985,3533,0,0,0,90,11,0,0,0,0,0,0,0,0,0,0,0,
1985,3534,0,73,10,0,0,0,0,0,0,0,0,0,0,0,0,0,
1985,3535,0,0,0,0,0,0,0,0,0,0,0,0,0,18,25,66,
1985,3536,0,0,0,0,0,0,0,0,0,0,0,0,0,80,7,0,
1985,3537,0,0,0,0,0,0,0,0,0,0,0,0,0,98,14,20,
1985,3538,0,0,0,0,0,0,0,0,0,0,0,7,45,0,8,0,
1985,3539,0,0,0,0,0,0,0,0,0,0,29,1,0,0,0,0,
1985,3540,0,0,0,0,0,0,0,0,0,0,0,0,0,13,30,93,
1985,3541,0,0,0,0,0,0,0,0,0,0,0,10,43,0,24,0,
1985,3542,0,0,0,0,0,16,11,65,0,0,0,0,0,0,0,0,
1985,3543,92,0,0,0,0,0,0,0,0,0,0,0,0,0,0,0,
1985,3544,0,0,0,0,0,12,69,16,0,0,0,0,0,0,0,0,
1985,3545,0,0,0,11,64,0,0,0,0,0,0,0,0,0,0,0,
1985,3546,0,0,0,0,0,0,0,0,0,0,0,30,60,0,19,0,
1985,3547,0,87,11,0,0,0,0,0,0,0,0,0,0,0,0,0,
1985,3548,0,0,0,0,0,0,0,0,0,0,81,11,0,0,0,0,
1985,3549,0,0,0,0,0,0,0,0,0,0,0,11,57,0,26,0,
1985,3550,0,0,0,0,0,35,5,14,0,0,0,0,0,0,0,0,
1985,3551,0,0,0,21,13,0,0,0,0,0,0,0,0,0,0,0,
1985,3552,0,0,0,0,0,0,0,0,0,0,0,12,65,0,9,0,
1985,3553,0,0,0,0,0,0,0,0,0,0,10,23,7,0,0,0,
1985,3554,0,0,0,0,0,0,0,0,0,0,12,89,22,0,0,0,
1985,3555,0,0,0,0,0,0,0,0,0,0,0,3,100,0,10,0,
1985,3556,0,68,25,0,0,0,0,0,0,0,0,0,0,0,0,0,
1985,3557,0,56,23,0,0,0,0,0,0,0,0,0,0,0,0,0,
1985,3558,0,0,0,0,0,11,10,97,0,0,0,0,0,0,0,0,
1985,3559,0,0,0,0,0,0,0,0,0,0,0,0,0,0,10,80,
1985,3560,0,0,0,0,0,11,65,12,0,0,0,0,0,0,0,0,
1985,3561,0,0,0,0,0,0,0,0,0,0,0,3,46,0,5,0,
1985,3562,0,0,0,5,89,0,0,0,0,0,0,0,0,0,0,0,
1985,3563,0,0,0,0,0,0,0,0,0,0,23,70,29,0,0,0,
1985,3564,0,0,0,0,0,0,0,0,0,0,0,0,0,64,1,7,
1985,3565,0,0,0,0,0,0,0,0,0,0,0,0,0,27,28,61,
1985,3566,0,0,0,0,0,0,0,0,0,0,0,1,77,0,7,0,
1985,3567,0,0,0,0,0,0,0,0,0,0,32,15,0,0,0,0,
1985,3568,0,0,0,0,0,0,0,0,0,0,0,14,91,0,12,0,
1985,3569,0,0,0,23,45,0,0,0,0,0,0,0,0,0,0,0,
1985,3570,0,0,0,0,0,98,29,30,0,0,0,0,0,0,0,0,
1985,3571,0,0,0,0,0,52,6,9,0,0,0,0,0,0,0,0,
1985,3572,0,0,0,0,0,0,0,0,0,0,0,2,47,0,7,0,
1985,3573,0,0,0,0,0,0,0,0,0,0,0,0,0,8,14,31,
1985,3574,0,0,0,0,0,41,73,34,0,0,0,0,0,0,0,0,
1985,3575,0,11,96,0,0,0,0,0,0,0,0,0,0,0,0,0,
1985,3576,0,0,0,0,0,0,0,0,0,0,0,5,72,0,9,0,
1985,3577,0,0,0,0,0,0,0,0,0,0,24,51,16,0,0,0,
1985,3578,0,0,0,0,0,20,51,28,0,0,0,0,0,0,0,0,
1985,3579,0,0,0,0,0,0,0,0,0,0,62,10,0,0,0,0,
1985,3580,0,0,0,0,0,0,0,0,0,0,0,12,67,0,16,0,
1985,3581,0,0,0,0,0,4,10,17,0,0,0,0,0,0,0,0,
1985,3582,0,34,15,0,0,0,0,0,0,0,0,0,0,0,0,0,
1985,3583,0,0,0,0,0,0,0,0,0,0,0,0,0,88,5,2,
1985,3584,0,65,10,0,0,0,0,0,0,0,0,0,0,0,0,0,
1985,3585,0,0,0,0,0,0,0,0,0,0,0,0,62,0,92,56,
1985,3586,0,0,0,0,0,3,41,12,0,0,0,0,0,0,0,0,
1985,3587,0,0,0,0,0,78,15,11,0,0,0,0,0,0,0,0,
1985,3588,0,0,0,0,0,0,0,0,72,0,0,0,0,0,0,0,
1985,3589,0,64,10,0,0,0,0,0,0,0,0,0,0,0,0,0,
1985,3590,0,0,0,68,6,0,0,0,0,0,0,0,0,0,0,0,
1985,3591,0,0,0,0,0,72,26,27,0,0,0,0,0,0,0,0,
1985,3592,0,0,0,0,0,0,0,0,0,0,0,0,0,30,17,85,
1985,3593,0,0,0,30,78,0,0,0,0,0,0,0,0,0,0,0,
1985,3594,0,0,0,0,0,0,0,0,0,0,0,15,60,0,0,0,
1985,3595,0,0,0,1,87,0,0,0,0,0,0,0,0,0,0,0,
1985,3596,0,73,20,0,0,0,0,0,0,0,0,0,0,0,0,0,
1985,3597,0,0,0,0,0,0,0,0,0,0,72,27,0,0,0,0,
1985,3598,0,0,0,70,7,0,0,0,0,0,0,0,0,0,0,0,
1985,3599,0,0,0,0,0,0,0,0,18,0,0,0,0,0,0,0,
1985,3600,0,0,0,0,0,0,0,0,0,0,0,30,45,0,22,0,
1985,3601,0,0,0,0,0,0,0,0,0,0,11,45,2,0,0,0,
1985,3602,0,0,0,0,0,0,0,0,0,0,0,0,0,36,4,15,
1985,3603,0,0,0,0,0,0,0,0,0,0,0,0,0,88,24,25,
1985,3604,0,0,0,0,0,0,0,0,0,0,0,22,73,0,25,0,
1985,3605,0,0,0,65,26,0,0,0,0,0,0,0,0,0,0,0,
1985,3606,0,0,0,93,12,0,0,0,0,0,0,0,0,0,0,0,
1985,3607,0,0,0,0,0,0,0,0,0,0,0,0,0,42,11,22,
1985,3608,0,0,0,0,0,0,0,0,0,0,0,14,92,0,15,0,
1985,3609,0,0,0,0,0,0,0,0,0,0,0,1,27,0,7,0,
1985,3610,0,0,0,0,0,0,0,0,0,0,0,0,12,0,47,0,
1985,3611,0,0,0,0,0,0,0,0,0,0,0,0,10,0,37,27,
1985,3612,0,0,0,0,0,0,0,0,0,0,0,78,10,0,0,0,
1985,3613,0,0,0,0,0,0,0,0,0,0,0,0,0,96,14,13,
1985,3614,0,0,0,0,0,0,0,0,0,0,0,6,58,0,11,0,
1985,3615,0,0,0,0,0,0,0,0,0,0,36,23,0,0,0,0,
1985,3616,0,0,0,0,0,0,0,0,0,0,0,8,50,0,12,0,
1985,3617,0,0,0,0,0,0,0,0,0,0,0,0,0,97,12,4,
1985,3618,0,65,20,55,25,0,0,0,0,0,15,55,15,0,0,0,
1985,3619,0,0,0,75,15,0,0,0,0,0,15,55,15,0,0,0,
1985,3620,50,65,25,0,0,0,0,0,0,40,0,0,10,40,55,30,
1985,3621,0,95,25,0,0,0,0,0,0,0,0,0,0,0,0,0,
1985,3622,0,95,10,0,0,0,0,0,0,0,0,0,0,0,0,0,
1985,3623,0,0,0,0,0,0,0,0,0,0,95,30,20,0,0,0,
1985,3624,55,25,0,0,0,0,0,0,0,0,0,0,0,0,0,0,
1985,3625,0,0,85,0,0,25,50,15,0,0,80,15,10,0,0,0,
1985,3626,95,0,0,0,0,0,0,0,0,0,0,0,0,0,0,0,
