PlayerID,Leadership,Work Ethic,Competitiveness,Team Player,Sportsmanship,Social Disposition,Money,Security,Loyalty,Winning,Playing Time,Close To Home,Market Size,Morale
1809,76,69,81,73,62,89,79,49,40,34,74,47,45,100
1810,27,64,78,21,60,83,70,41,46,56,100,46,63,94
1811,100,37,67,62,63,43,83,39,38,66,90,36,62,100
1812,31,60,75,33,82,70,77,36,49,35,95,38,53,95
1813,48,40,39,67,54,70,72,44,47,55,79,41,41,53
1814,96,58,60,77,69,31,92,50,33,32,76,33,35,90
1815,40,60,68,67,90,99,75,30,37,69,94,49,60,100
1816,96,70,64,89,52,36,78,47,43,67,100,44,54,100
1817,36,64,71,5,83,98,90,35,48,54,71,33,62,72
1818,66,78,63,75,63,65,80,41,37,30,86,33,46,100
1819,31,50,41,48,45,53,93,45,33,38,82,36,53,100
1820,63,47,66,98,46,59,71,41,43,54,72,43,34,88
1821,76,62,85,71,66,86,80,39,48,54,80,49,32,69
1822,69,72,88,69,93,77,95,37,44,34,71,47,69,83
1823,68,50,56,61,32,36,83,42,37,66,91,44,62,100
1824,44,66,87,60,95,61,71,32,44,50,71,50,31,100
1825,71,74,96,63,92,78,93,37,33,69,96,45,60,66
1826,61,52,66,60,65,44,83,37,36,61,92,41,69,77
1827,14,78,81,24,78,64,82,35,49,58,96,46,44,100
1828,19,99,100,7,79,76,94,35,50,41,72,50,31,59
1829,7,93,95,29,95,87,79,34,38,57,77,37,64,80
1830,62,37,62,63,44,63,81,47,45,45,95,46,35,78
1831,16,65,58,27,12,28,70,31,30,67,97,42,55,93
1832,79,46,67,82,37,36,99,38,41,38,84,32,37,59
1833,31,98,95,47,92,85,79,46,43,40,82,44,66,96
1834,42,71,89,69,95,84,76,48,41,33,75,48,39,95
1835,90,57,56,85,58,64,74,45,33,63,81,48,33,100
1836,61,55,57,34,64,58,83,30,33,48,85,41,50,100
1837,69,67,55,70,41,36,85,33,45,31,89,35,39,88
1838,6,92,94,14,72,87,96,41,46,40,97,30,62,39
1839,87,85,85,87,90,91,83,43,40,64,96,35,38,97
1840,82,60,100,78,93,62,81,34,32,59,91,32,50,100
1841,56,68,74,45,74,96,83,45,47,38,87,45,59,10
1842,83,57,32,69,47,47,97,35,40,47,89,42,42,62
1843,68,53,44,38,46,37,87,33,39,42,88,30,70,91
1844,50,90,63,46,66,97,78,32,40,62,94,39,39,99
1845,43,66,69,54,61,85,70,48,31,34,77,40,49,100
1846,42,98,63,37,87,96,93,49,40,30,96,41,58,39
1847,68,64,45,40,69,69,78,35,44,36,83,33,46,70
1848,59,79,73,61,74,78,81,45,43,59,78,40,36,91
1849,54,49,53,36,45,58,80,33,49,63,99,50,42,39
1850,41,64,67,43,64,95,74,40,43,34,81,36,36,50
1851,98,41,54,100,69,61,82,42,42,48,74,41,39,100
1852,44,56,60,30,38,69,79,48,33,56,97,47,70,90
1853,48,93,90,65,73,77,71,31,40,70,100,40,49,96
1854,76,71,97,98,73,80,96,30,36,50,71,34,49,97
1855,54,69,45,47,56,61,81,37,33,31,90,36,67,51
1856,36,43,36,33,42,34,88,32,40,53,94,37,65,35
1857,91,69,76,81,78,71,74,33,47,48,92,49,41,37
1858,83,62,69,79,34,52,81,40,47,59,79,30,70,100
1859,7,76,91,18,81,84,99,44,38,64,90,42,44,55
1860,4,56,67,39,20,14,95,50,35,62,70,46,33,91
1861,38,70,96,32,66,72,85,44,50,49,86,48,66,1
1862,35,74,71,47,81,63,89,33,35,55,72,38,45,100
1863,43,40,69,32,39,37,77,34,50,34,74,30,61,65
1864,56,89,76,30,68,66,79,50,31,63,77,35,51,99
1865,64,64,45,54,40,36,100,30,47,55,93,31,37,44
1866,99,78,100,88,94,64,91,38,47,54,89,30,35,12
1867,61,95,73,49,91,89,99,45,33,37,83,39,56,30
1868,43,38,68,48,67,44,84,47,40,58,73,40,39,71
1869,65,89,74,49,94,90,92,45,45,35,100,46,49,100
1870,61,64,55,31,58,69,85,49,35,30,82,38,31,100
1871,68,34,55,65,41,57,72,48,49,45,74,44,39,15
1872,64,61,54,72,45,68,80,41,39,35,76,34,35,49
1873,77,37,66,88,47,33,91,44,41,64,100,40,57,14
1874,35,39,53,54,56,36,87,39,39,51,87,30,66,58
1875,15,85,72,29,88,75,73,42,50,61,70,43,48,100
1876,59,94,96,48,73,70,91,34,42,42,99,31,39,63
1878,59,60,59,34,37,47,97,32,32,64,71,46,44,66
1879,12,49,62,4,31,31,94,41,41,37,79,38,51,97
1880,58,87,83,48,99,64,74,45,50,46,88,45,70,3
1881,53,61,34,58,43,41,90,46,40,39,87,42,70,74
1882,68,94,74,63,74,98,81,37,34,33,97,36,60,1
1883,80,76,66,78,99,93,72,47,35,37,76,49,48,71
1884,51,63,44,63,39,61,74,45,42,59,90,50,39,21
1885,42,43,63,49,50,58,92,47,38,47,71,46,34,10
1886,71,46,70,72,38,63,84,45,43,35,76,31,46,69
1887,68,60,84,67,61,60,95,36,48,39,90,37,47,35
1888,42,95,93,57,66,83,78,44,33,52,82,46,59,62
1889,96,82,84,80,70,68,75,31,46,52,92,50,63,100
1890,74,65,62,75,66,96,80,49,50,37,93,43,59,60
1891,61,60,33,70,58,67,80,48,31,34,100,33,52,1
1892,55,33,58,45,56,37,100,47,34,43,99,38,48,93
1894,96,45,61,73,35,56,79,47,46,33,74,50,60,74
1895,68,62,70,95,62,82,96,41,35,43,73,40,40,26
1896,66,84,99,100,63,69,88,44,41,35,71,46,63,49
1897,72,39,63,50,48,60,100,45,35,59,93,36,65,93
1898,27,77,82,12,92,79,100,37,36,47,80,47,60,100
1899,55,64,45,63,40,42,86,49,39,35,98,48,46,43
1900,55,72,90,47,80,96,99,42,35,60,98,38,52,57
1901,64,30,56,66,64,54,83,45,31,70,92,44,54,1
1902,18,33,63,15,12,22,81,45,38,60,71,36,39,76
1903,36,64,88,46,67,77,97,40,37,58,87,34,47,92
1904,12,77,84,28,65,71,78,40,47,60,93,33,40,100
1906,60,75,89,44,86,97,76,43,32,55,100,49,53,69
1907,83,41,44,97,65,66,75,35,38,32,89,41,59,79
1908,37,99,92,18,90,79,97,49,34,42,83,45,62,13
1909,38,92,72,68,86,99,93,33,32,51,88,48,40,76
1910,91,39,33,80,58,53,92,43,32,68,99,34,32,92
1911,25,68,99,4,83,78,78,40,48,58,93,43,35,54
1912,60,65,100,54,69,84,95,30,44,64,80,38,49,31
1913,59,79,89,71,62,74,97,40,44,33,81,32,59,19
1914,53,80,96,66,81,86,91,41,50,41,84,33,46,28
1915,66,75,61,77,67,83,71,37,45,62,96,50,32,46
1916,23,89,69,25,70,99,80,48,36,57,100,50,70,98
1917,84,96,69,80,89,65,83,49,32,60,75,45,50,7
1918,69,58,59,56,41,48,77,38,33,48,70,47,57,100
1919,89,64,64,69,72,72,86,31,42,41,72,47,49,54
1920,10,68,57,31,26,13,95,40,47,55,79,47,65,46
1921,25,90,93,37,70,71,88,42,45,34,85,44,62,75
1922,32,68,97,27,88,95,89,48,47,34,87,31,67,10
1923,49,42,44,40,58,34,99,40,41,32,88,45,39,89
1924,50,84,77,47,75,70,80,40,39,49,83,38,44,54
1925,69,33,36,60,34,50,72,37,40,63,96,30,65,44
1926,65,31,43,70,67,38,98,39,31,57,78,42,59,93
1927,69,85,84,50,97,99,96,39,32,67,100,42,31,72
1928,59,62,91,68,89,88,99,43,39,67,91,45,54,92
1929,92,62,44,64,53,44,72,39,35,34,98,36,51,56
1930,67,93,90,68,93,87,79,42,39,36,93,32,35,83
1931,82,84,70,79,74,85,92,44,45,30,91,46,69,38
1932,61,33,37,68,61,38,84,30,36,36,77,38,52,97
1933,34,69,75,64,87,91,79,45,45,58,90,42,30,100
1934,62,61,46,90,50,42,84,37,34,40,91,46,65,20
1936,52,66,94,44,99,73,97,45,35,48,79,34,32,64
1937,70,65,70,92,77,74,73,34,34,48,82,33,30,1
1938,80,88,62,83,74,60,98,33,42,44,72,39,50,98
1939,49,96,63,60,77,68,80,32,42,30,75,45,39,40
1940,40,52,37,37,38,63,87,31,31,53,83,39,70,69
1941,25,66,40,14,32,38,84,50,46,56,92,33,59,100
1942,41,90,84,62,88,82,78,37,30,47,86,50,47,92
1943,31,60,90,48,79,93,85,43,41,59,79,38,52,100
1944,71,98,64,100,92,63,75,31,33,40,98,40,49,8
1945,70,76,82,63,90,70,93,34,34,70,95,46,65,20
1946,35,54,59,32,59,30,97,41,31,33,87,42,70,93
1947,32,78,74,70,64,84,92,35,50,41,80,46,67,35
1948,18,34,58,37,25,16,83,45,50,39,85,38,34,17
1949,16,97,94,31,89,92,92,33,34,30,89,49,63,85
1950,10,80,91,4,77,90,85,42,33,57,86,34,32,69
1951,89,45,68,89,69,68,74,43,42,34,80,49,60,27
1952,60,68,45,59,36,57,76,39,42,55,98,31,60,44
1953,87,82,90,100,82,85,73,33,50,59,91,36,45,100
1954,45,48,52,40,59,33,91,35,33,33,95,33,39,89
1955,68,68,50,57,60,33,90,35,40,44,82,30,33,99
1956,63,65,92,33,62,61,73,41,31,36,80,47,58,82
1957,79,77,61,87,70,85,88,46,40,64,89,39,49,66
1958,25,61,82,10,96,77,97,38,41,36,79,48,62,22
1959,32,34,41,36,33,38,85,49,33,41,75,39,61,75
1960,52,93,99,54,92,83,100,36,39,52,81,43,59,2
1961,64,50,41,36,31,38,72,39,48,46,83,37,59,90
1962,32,67,91,42,98,78,88,40,41,46,96,45,58,16
1963,41,42,30,61,43,55,94,43,39,68,73,36,65,12
1964,95,57,35,99,34,38,70,30,40,62,90,50,68,79
1965,7,55,60,22,40,27,71,37,45,46,88,39,34,17
1966,40,57,36,38,13,4,88,31,37,56,73,39,45,47
1967,31,85,65,36,61,76,84,48,39,65,84,48,36,64
1968,16,57,54,1,4,33,71,32,40,58,94,36,69,34
1969,4,91,65,38,63,97,88,48,30,44,83,43,56,95
1970,36,48,46,20,12,13,99,39,30,34,96,35,33,76
1971,36,54,49,43,61,70,70,43,44,47,72,47,35,43
1972,46,45,51,40,66,51,91,47,40,68,89,40,42,100
1973,45,61,33,38,34,34,83,42,30,55,85,36,52,63
1974,34,60,93,30,74,72,83,37,49,54,88,44,43,37
1975,33,31,55,36,45,55,87,49,43,66,77,32,52,54
1976,81,38,35,91,48,62,95,35,43,44,96,36,55,65
1977,39,72,82,55,93,77,79,49,45,35,84,37,33,50
1978,95,65,32,91,59,69,76,40,48,67,91,37,31,94
1979,57,88,70,41,97,80,82,48,44,68,81,47,33,68
1980,22,74,68,23,82,60,93,47,44,40,93,34,54,6
1981,36,81,98,52,65,78,72,48,37,66,75,37,38,95
1982,66,59,68,81,47,30,93,43,45,54,88,37,39,36
1983,62,68,80,47,71,90,82,39,48,32,70,50,65,14
1984,69,62,53,96,54,54,70,31,40,46,86,48,32,16
1985,32,60,78,13,76,72,97,47,48,61,81,41,54,83
1986,43,95,72,59,96,78,86,34,50,57,74,43,53,40
1987,35,84,97,45,68,99,74,46,47,42,73,38,53,72
1988,53,52,32,63,42,56,97,33,31,51,96,30,42,96
1989,33,43,45,66,54,35,73,47,31,30,71,30,65,52
1991,28,79,95,35,77,79,70,31,38,65,78,31,44,31
1992,45,87,97,70,92,77,70,30,42,40,88,35,64,75
1993,6,61,33,32,6,36,80,35,35,54,89,44,38,62
1994,54,95,91,36,86,86,96,31,48,57,95,46,36,42
1995,40,100,86,17,66,98,79,37,50,61,80,44,59,72
1996,57,44,33,53,35,30,82,44,32,33,98,49,34,69
1997,68,65,75,81,88,100,73,41,30,33,85,36,46,64
1998,82,32,62,68,56,52,89,46,43,62,95,49,39,84
1999,90,82,79,85,95,71,75,41,35,30,91,40,44,83
2000,68,79,91,70,78,89,88,33,35,57,91,32,42,78
2002,67,89,96,42,73,94,88,47,42,43,82,42,60,16
2003,30,45,39,54,59,30,88,42,41,67,92,44,36,55
2004,31,82,98,61,79,84,98,44,45,30,86,45,56,84
2005,93,90,99,87,72,100,76,48,32,30,92,40,60,52
2007,56,97,83,69,90,97,95,40,40,31,90,50,51,94
2008,40,92,69,29,98,66,91,30,47,47,83,33,33,40
2009,81,68,34,73,48,48,88,44,46,64,93,32,58,22
2010,52,96,73,34,64,79,91,34,36,46,97,35,40,21
2011,20,60,57,34,32,17,88,30,49,36,87,38,52,59
2012,52,42,57,56,33,69,95,32,43,50,96,34,39,22
2013,68,76,64,56,76,83,90,45,33,34,71,45,45,42
2014,29,63,37,15,30,26,100,45,45,69,91,50,54,76
2015,58,47,44,50,62,38,97,35,33,51,100,45,41,94
2016,72,60,34,64,56,48,75,45,50,70,74,38,38,45
2017,68,77,82,40,69,88,83,41,31,60,83,31,48,80
2018,90,33,68,82,52,65,90,32,47,37,94,50,32,30
2019,69,40,47,88,42,36,80,31,38,40,88,35,33,59
2020,36,82,82,24,94,95,87,50,50,32,91,33,51,7
2021,66,55,64,100,70,36,80,31,45,55,72,47,64,90
2022,78,63,92,96,69,87,70,37,32,30,84,44,54,1
2023,34,70,72,6,61,93,89,34,36,57,89,41,54,40
2024,13,67,52,27,5,5,70,47,50,53,90,36,36,15
2025,43,53,52,69,65,65,83,49,47,57,81,36,50,98
2026,35,88,61,49,96,97,86,40,47,39,97,37,67,42
2027,64,62,89,56,91,69,100,31,32,47,75,43,56,1
2028,67,76,95,67,87,95,86,44,34,41,83,47,62,88
2029,85,96,67,93,80,76,72,34,38,43,83,48,59,9
2030,47,49,53,61,54,36,83,50,41,47,81,47,35,76
2031,60,52,45,95,63,35,78,45,40,61,98,33,38,42
2032,64,77,60,61,79,68,96,50,42,39,76,31,32,44
2033,44,81,94,64,82,63,86,46,35,38,88,38,33,94
2034,47,94,90,67,100,79,93,46,50,49,70,45,64,27
2035,94,63,69,87,65,53,76,39,50,51,77,33,50,50
2036,51,61,75,43,71,66,98,36,32,35,72,43,47,100
2038,84,71,68,100,36,47,99,45,36,48,74,39,68,93
2039,40,88,74,63,86,87,86,50,43,31,84,49,39,89
2040,41,88,74,58,76,100,97,47,33,64,99,32,48,10
2041,13,64,69,25,35,14,88,35,35,39,88,41,61,8
2042,33,62,49,59,35,55,92,41,42,70,86,33,39,62
2043,62,82,83,89,92,79,76,38,41,36,87,36,61,86
2044,44,88,98,63,78,91,76,31,45,53,74,48,42,80
2045,40,83,97,44,99,90,100,44,37,30,98,50,44,100
2046,68,49,33,64,34,34,100,45,36,66,83,48,35,27
2047,36,92,85,50,84,81,80,39,34,65,79,34,47,47
2048,61,81,88,82,73,74,72,48,32,32,97,50,49,1
2049,28,34,39,27,23,5,96,48,34,53,93,36,69,49
2050,20,60,65,25,19,14,70,42,49,39,80,44,66,11
2051,64,42,33,58,56,59,72,49,47,64,95,45,65,65
2052,46,46,41,48,49,34,78,42,42,47,90,48,65,52
2053,93,74,72,91,68,84,92,31,45,39,75,45,51,28
2054,64,69,40,59,45,59,78,30,35,40,95,48,58,92
2055,89,52,59,100,51,51,75,33,44,32,99,49,39,93
2056,62,85,100,33,93,67,95,39,45,36,98,31,38,25
2057,89,96,65,100,69,77,74,47,39,37,94,44,42,31
2058,55,54,44,57,38,66,75,37,41,54,85,32,50,51
2059,5,92,68,37,98,92,73,38,38,46,89,45,45,40
2060,20,60,44,9,24,10,79,43,49,38,80,50,66,33
2061,50,34,56,59,35,50,86,30,32,70,77,35,56,88
2062,72,83,63,91,62,70,89,33,34,45,100,30,38,100
2063,10,75,94,18,98,71,96,43,31,40,84,38,65,23
2064,84,63,60,74,46,33,95,40,50,60,89,31,49,43
2065,55,30,53,62,46,66,87,46,30,63,81,41,70,100
2066,88,32,53,77,61,70,95,46,34,67,81,45,39,97
2067,28,34,45,22,13,9,97,48,32,62,90,31,38,37
2068,18,84,87,19,60,71,88,31,44,39,96,46,60,100
2069,72,73,83,70,75,75,100,43,44,67,86,50,58,7
2070,8,96,77,18,69,96,84,34,39,57,77,43,37,32
2071,58,80,70,46,83,87,94,37,30,32,72,41,36,26
2072,72,78,100,83,88,88,79,50,41,68,95,34,37,76
2076,23,58,65,9,5,26,91,31,43,58,73,41,30,10
2077,77,76,63,100,60,69,76,46,38,57,98,32,67,66
2078,87,50,38,77,32,37,86,39,46,49,74,45,59,18
2079,74,63,84,68,89,70,79,30,38,67,79,34,59,22
2080,59,96,69,52,97,63,76,36,32,63,80,35,53,100
2081,45,68,81,36,74,60,87,46,34,68,77,41,57,11
2082,60,99,78,84,83,96,73,35,45,42,77,50,41,6
2083,85,32,37,72,30,70,75,31,49,69,91,31,52,54
2084,69,81,74,67,93,65,77,43,35,41,78,49,37,13
2085,1,86,79,16,69,76,86,31,40,68,91,33,45,68
2086,66,34,57,54,37,38,77,43,39,40,88,35,37,100
2087,58,34,65,32,48,67,81,43,41,61,80,34,65,38
2088,66,99,72,33,75,88,73,45,35,55,87,38,47,42
2089,31,96,70,36,83,97,94,44,44,48,97,48,50,93
2090,9,90,74,18,66,76,79,42,44,43,76,49,58,84
2091,88,81,64,97,62,95,83,37,36,62,98,44,35,42
2092,6,89,62,1,71,87,75,46,49,54,98,36,47,88
2093,47,67,37,62,63,70,78,43,33,66,75,32,39,41
2094,62,54,67,67,57,44,72,36,41,34,100,49,42,66
2095,68,67,98,38,85,70,88,49,31,32,72,38,61,21
2096,38,61,54,38,1,33,99,30,30,42,89,35,37,57
2097,1,61,75,40,67,78,90,30,41,70,81,48,46,54
2098,43,63,46,51,47,54,94,35,49,36,87,45,62,24
2099,74,63,46,83,57,32,89,36,34,56,79,43,45,63
2100,19,44,38,38,29,1,94,37,45,69,87,39,68,3
2101,85,45,46,94,46,67,77,40,45,65,82,38,31,54
2102,40,43,60,50,67,59,98,47,35,62,90,35,42,89
2103,41,78,75,52,75,83,98,49,41,64,87,32,53,44
2104,83,90,88,83,84,74,94,48,36,49,75,39,59,14
2105,77,87,99,97,72,66,81,46,47,50,83,36,67,50
2106,46,69,35,36,45,47,94,46,30,43,74,48,59,19
2107,30,94,63,59,87,85,95,35,45,65,86,48,58,34
2108,20,41,59,11,38,34,90,45,41,43,86,48,42,83
2109,42,36,59,56,43,45,96,38,33,40,79,32,41,76
2110,60,35,39,67,47,40,72,50,48,38,70,30,61,31
2111,25,89,92,39,92,100,74,31,40,45,90,34,67,37
2112,51,93,60,33,98,96,96,37,38,63,79,42,66,71
2113,41,74,78,33,86,92,71,38,37,62,96,44,43,93
2114,68,98,71,39,64,61,79,44,40,64,83,47,64,60
2115,65,48,53,77,37,39,78,46,45,53,84,49,36,49
2116,34,100,99,29,100,80,82,46,44,40,96,44,63,22
2117,66,63,51,46,62,68,73,43,46,40,96,49,63,63
2118,71,62,82,96,86,97,82,42,34,58,94,48,54,60
2119,90,91,85,69,72,64,96,33,33,42,99,49,44,24
2120,10,65,93,4,93,94,82,43,31,63,82,47,58,39
2121,67,47,43,42,31,52,94,42,38,38,72,34,66,75
2122,48,41,38,68,36,41,76,40,44,36,88,39,51,1
2123,62,48,44,51,45,31,98,44,30,51,86,46,34,3
2124,28,54,64,24,13,24,100,43,49,46,95,48,35,86
2125,67,54,34,37,70,50,98,39,33,39,92,40,56,49
2127,83,53,30,90,64,38,100,32,33,65,76,40,59,6
2128,55,88,87,49,95,82,81,41,41,56,86,39,42,100
2129,21,45,46,29,37,6,84,36,39,42,95,45,57,96
2130,67,90,82,59,65,82,84,40,32,44,77,30,31,60
2131,48,50,55,68,38,58,90,37,39,31,86,40,58,65
2132,73,63,62,92,69,55,87,44,30,48,95,31,54,56
2133,59,71,81,80,98,74,79,49,39,42,88,32,65,77
2135,60,72,95,45,87,85,78,39,40,56,71,49,60,75
2136,99,66,33,92,51,40,76,31,45,70,89,30,50,43
2137,76,84,82,69,62,95,98,30,45,64,82,30,45,36
2138,45,82,100,56,70,77,83,31,45,68,83,38,34,63
2139,25,87,100,42,62,78,86,31,44,31,90,47,30,62
2140,31,77,86,34,86,92,92,48,42,50,83,33,61,3
2141,48,49,59,38,64,42,81,45,38,43,88,38,42,79
2142,34,33,53,21,9,27,89,43,44,51,94,49,68,8
2143,72,72,94,100,71,99,96,40,48,42,94,50,51,82
2144,80,78,90,87,61,66,87,33,30,32,99,46,44,94
2145,40,67,56,35,6,21,78,34,32,66,91,46,60,100
2146,82,64,63,79,71,43,97,34,36,54,94,48,70,9
2147,8,74,69,11,86,94,85,39,41,47,88,41,63,60
2148,71,68,54,82,48,52,78,36,34,56,75,43,36,63
2149,30,39,51,68,47,38,74,38,41,53,97,42,49,31
2150,51,59,30,62,66,56,89,32,36,60,96,36,57,1
2151,83,35,53,100,42,32,76,50,44,53,79,38,51,86
2152,68,64,71,51,64,92,82,40,40,44,78,47,67,100
2153,73,75,61,78,64,80,96,46,47,48,86,46,66,5
2154,24,42,52,32,4,1,82,30,36,69,87,36,56,40
2155,48,34,38,31,49,55,92,31,40,50,94,36,33,52
2156,45,71,62,34,97,82,99,42,34,55,96,50,37,82
2158,34,62,43,34,32,16,84,31,34,65,77,40,63,79
2159,82,66,60,86,77,99,89,45,35,65,71,30,36,30
2160,67,30,42,59,59,50,71,33,50,68,80,49,41,46
2161,52,46,57,60,52,64,70,46,38,31,95,33,62,96
2162,22,65,89,4,89,71,85,32,37,66,71,46,31,14
2163,34,92,100,46,93,89,87,43,36,41,70,44,37,48
2164,74,72,63,65,61,84,93,36,33,35,79,42,50,16
2165,55,68,96,31,75,73,71,38,30,36,77,42,32,99
2166,56,94,64,64,64,96,74,37,33,51,85,43,48,75
2168,60,34,34,60,46,48,71,32,48,47,77,46,67,11
2169,63,37,70,36,47,33,97,34,48,56,73,33,39,80
2170,32,100,82,50,72,65,83,35,38,39,77,43,70,29
2171,82,90,85,62,83,69,84,31,49,69,84,30,55,57
2172,64,65,99,30,61,62,97,47,36,68,94,37,49,73
2173,74,77,90,81,62,67,81,40,40,31,85,37,49,44
2174,16,59,43,41,5,17,78,49,50,53,83,48,65,95
2175,32,61,47,28,53,40,93,35,39,66,94,38,63,86
2176,21,37,38,7,27,24,75,32,39,63,81,34,50,86
2177,60,63,98,88,93,78,84,45,41,42,70,45,67,13
2178,39,85,82,37,76,64,96,46,37,53,100,50,57,8
2179,18,99,86,25,74,93,88,36,46,66,71,30,37,77
2180,95,89,71,86,88,62,73,37,30,43,80,48,59,47
2181,34,58,37,34,25,31,100,31,44,52,97,44,60,37
2182,27,46,37,12,10,17,86,39,36,69,91,41,57,98
2183,9,57,54,31,34,25,76,43,36,66,95,40,57,76
2184,9,35,35,2,31,24,99,42,34,49,86,43,32,30
2185,74,83,68,77,67,88,74,37,50,54,80,38,68,74
2186,88,49,60,81,39,58,98,44,33,64,86,45,55,14
2187,26,86,68,3,60,88,94,40,40,39,88,39,41,34
2188,68,60,39,33,32,58,77,40,38,51,93,46,67,30
2189,97,80,72,83,88,82,87,40,46,61,99,33,34,77
2190,43,62,62,47,71,70,100,35,33,42,95,45,30,77
2191,12,90,69,5,88,80,85,49,36,56,99,50,67,44
2192,34,70,33,36,23,15,80,31,39,70,100,30,70,92
2193,42,64,69,63,46,63,86,42,42,43,90,35,61,9
2194,62,59,38,80,63,70,91,34,30,43,72,32,42,53
2195,31,82,80,50,89,89,83,31,40,65,98,50,45,99
2197,46,34,66,63,40,39,76,38,38,47,89,43,42,42
2198,35,83,62,35,78,73,88,36,30,65,100,49,60,5
2199,52,98,62,57,75,73,93,44,35,42,97,38,52,67
2200,63,34,55,64,57,36,93,30,43,41,91,34,51,12
2201,64,69,60,88,47,49,77,39,35,38,80,42,48,94
2202,33,57,63,35,58,30,94,33,30,66,78,44,61,52
2203,44,76,82,41,77,90,99,41,43,68,70,39,45,41
2204,52,63,62,41,84,85,70,37,41,62,88,43,70,79
2205,63,93,72,43,98,96,72,35,45,36,91,48,47,78
2206,7,82,65,42,91,74,85,37,36,62,100,31,40,34
2207,72,79,99,71,91,92,71,47,36,41,99,45,64,69
2208,4,31,44,39,28,7,91,49,31,42,74,44,34,45
2209,78,45,35,85,67,37,85,47,45,59,80,40,58,54
2210,47,60,66,63,71,68,99,49,34,33,87,45,46,46
2212,86,74,81,72,95,79,76,49,46,30,86,39,56,91
2214,48,58,53,30,63,32,82,49,30,42,89,38,70,96
2215,4,45,48,14,9,26,75,41,30,39,72,33,58,96
2216,81,37,38,89,31,39,79,49,40,37,76,44,56,92
2217,95,47,69,77,39,46,81,34,35,44,90,35,41,86
2218,91,30,45,66,62,70,94,40,47,70,70,46,54,15
2219,66,39,46,53,32,35,83,46,44,40,99,41,38,27
2220,34,80,88,32,99,87,97,47,37,60,88,39,37,66
2221,1,72,39,38,12,27,86,40,32,36,89,46,31,34
2222,11,99,76,14,80,100,76,32,44,43,78,32,33,90
2225,63,75,65,53,60,96,74,42,44,42,91,38,30,15
2226,3,51,46,22,39,33,78,47,50,37,98,36,67,74
2227,20,79,76,27,94,88,100,35,43,37,96,46,43,82
2229,69,60,82,88,81,91,94,49,34,36,72,35,59,36
2231,55,84,74,35,74,94,71,32,47,50,84,34,33,8
2232,17,67,80,2,75,83,70,39,30,38,70,44,62,58
2233,81,35,69,82,47,66,90,40,49,51,93,30,54,6
2234,25,30,47,38,10,12,72,50,43,61,84,45,55,1
2235,67,68,73,45,70,66,72,50,35,38,80,38,55,31
2236,75,80,65,77,68,91,84,35,44,59,76,38,68,1
2237,37,60,63,5,22,1,87,41,47,30,79,33,56,80
2238,70,68,65,35,95,94,98,37,47,46,72,49,63,3
2239,85,62,65,76,56,54,79,48,34,65,78,35,37,90
2240,51,41,56,58,61,52,76,45,34,59,70,37,50,65
2241,100,95,90,99,85,94,99,43,47,42,96,32,52,27
2242,26,46,38,32,7,39,83,42,48,43,80,31,65,63
2243,34,62,65,52,96,100,84,49,43,30,87,44,40,87
2244,66,60,92,64,81,95,90,47,36,52,74,46,67,29
2245,20,67,66,39,100,63,78,44,48,39,81,38,38,75
2246,24,62,79,15,97,65,85,42,30,64,86,43,37,12
2247,8,49,44,11,16,15,88,38,42,46,78,48,45,4
2248,63,48,30,36,32,34,80,37,42,37,91,35,38,68
2249,68,61,71,54,67,78,96,41,36,55,95,34,40,48
2250,80,56,53,88,40,30,99,40,30,47,86,47,33,52
2251,34,87,65,36,62,89,97,36,37,36,84,35,59,18
2252,63,41,37,72,39,69,100,35,36,34,84,45,65,32
2253,73,34,46,65,32,63,81,39,50,68,98,41,36,72
2254,13,92,97,6,86,87,71,46,47,41,74,48,31,83
2255,98,78,83,74,88,78,84,37,49,51,82,43,58,73
2256,33,31,55,48,48,67,77,44,37,63,86,30,41,38
2257,68,71,74,66,63,75,80,42,44,59,97,45,66,81
2258,23,62,98,23,79,76,92,30,44,44,100,47,43,100
2259,69,36,67,70,64,70,73,34,34,55,72,44,37,11
2260,19,66,66,32,81,88,94,45,43,42,77,39,43,92
2261,67,42,42,93,35,43,97,39,44,45,95,37,58,67
2262,38,49,41,48,69,53,98,49,38,65,72,40,65,61
2263,47,58,60,46,57,33,70,37,37,40,77,48,35,82
2264,50,44,67,48,38,67,89,46,32,64,90,48,39,31
2265,45,86,76,61,69,62,79,38,38,33,98,40,70,91
2266,75,34,31,93,47,61,92,43,35,44,89,31,32,95
2267,36,50,42,42,52,43,70,47,42,43,85,50,41,36
2268,10,39,36,40,18,6,87,39,42,64,89,30,48,70
2269,38,47,49,34,55,70,80,38,46,59,94,36,41,84
2270,33,65,66,33,91,83,77,46,48,47,72,33,47,21
2271,67,49,30,60,60,37,92,47,40,36,91,32,51,83
2272,85,30,47,67,34,44,97,33,34,56,75,32,60,18
2273,54,91,72,55,61,65,96,46,34,57,98,41,40,82
2274,32,67,33,32,32,43,71,37,37,65,96,44,31,67
2275,100,40,44,71,48,43,91,33,45,62,85,42,37,67
2276,2,33,60,40,38,38,98,37,42,43,77,36,65,21
2277,70,83,96,46,85,88,78,45,40,66,73,33,46,91
2278,95,88,75,98,94,67,96,40,40,38,91,33,41,55
2279,66,60,30,53,64,38,96,33,33,63,95,40,43,55
2280,50,65,75,66,77,75,94,42,44,34,93,46,43,43
2281,66,89,94,57,89,84,81,40,38,53,96,32,56,4
2282,75,83,67,79,77,85,98,40,42,68,76,44,54,100
2283,29,90,70,13,64,71,90,30,37,64,76,40,56,93
2284,72,72,62,91,78,92,99,33,31,60,82,36,40,47
2285,64,69,70,52,35,50,89,46,34,66,77,49,44,19
2286,97,31,51,83,45,43,83,39,30,47,85,40,63,44
2288,83,78,91,92,98,89,80,42,37,35,73,30,47,67
2289,39,66,73,37,82,61,94,50,39,48,94,49,67,1
2290,5,58,56,27,16,37,84,33,46,58,96,46,52,18
2291,48,70,30,54,40,45,97,46,34,43,85,41,36,74
2292,68,36,61,99,67,65,73,47,40,49,83,43,31,81
2293,38,68,53,3,1,12,74,48,34,68,90,46,55,89
2294,67,70,63,39,92,78,80,31,43,64,91,31,30,40
2297,4,67,67,16,17,3,71,43,32,47,91,38,43,15
2298,13,61,52,29,8,29,95,43,43,51,81,37,68,81
2299,99,30,49,100,38,61,85,30,33,52,73,48,52,87
2300,31,72,97,7,79,90,96,30,48,68,70,41,65,88
2301,69,35,52,80,49,56,91,30,30,42,70,36,39,17
2302,54,81,87,41,79,74,74,34,48,40,88,45,68,81
2303,2,31,56,24,4,21,86,40,41,37,70,42,63,71
2304,49,61,67,31,70,62,78,47,37,68,78,42,36,68
2305,40,60,74,44,64,70,97,47,46,35,78,34,37,25
2306,49,97,74,63,69,91,86,40,42,41,80,33,45,89
2307,27,35,55,25,39,33,84,30,30,32,73,39,49,71
2308,78,65,79,92,68,95,92,42,32,41,85,31,55,33
2309,3,55,62,29,37,40,83,30,45,63,89,43,47,97
2311,22,82,87,15,91,75,96,44,35,38,95,42,64,35
2312,42,42,70,45,61,60,74,48,33,36,78,39,51,12
2313,72,46,70,65,61,32,88,40,41,32,95,49,39,16
2314,13,87,63,6,63,61,77,30,35,36,76,30,56,44
2315,13,94,86,9,91,61,85,48,45,51,70,33,65,1
2316,7,91,58,15,61,67,99,45,44,33,71,33,49,55
2317,65,69,73,47,81,85,72,50,32,53,100,41,33,11
2318,99,66,54,68,53,41,75,38,39,52,78,50,61,78
2319,58,70,43,30,32,54,77,31,39,32,72,32,66,30
2320,49,82,64,52,82,84,86,31,37,53,100,34,64,7
2321,59,69,30,70,62,48,99,31,46,63,77,47,65,31
2322,97,66,95,62,81,100,73,34,43,43,73,40,70,100
2323,23,52,70,12,17,9,80,47,39,57,71,44,38,55
2324,38,41,46,4,25,8,80,30,42,68,92,49,33,55
2325,34,50,61,10,21,37,92,49,45,58,83,36,47,42
2326,98,90,65,90,82,99,94,35,43,46,74,46,40,1
2327,11,34,57,8,14,34,99,36,39,47,99,50,39,77
2328,63,70,43,42,70,35,76,35,36,56,78,36,46,43
2329,28,52,66,29,6,34,83,36,48,32,90,30,30,70
2330,28,66,91,23,76,96,91,45,38,47,83,42,32,59
2331,80,92,63,88,66,70,98,48,30,68,94,46,46,37
2332,51,67,89,40,80,71,97,42,37,41,92,32,48,97
2333,61,48,60,69,56,55,74,47,33,66,90,44,37,11
2334,5,62,85,7,78,74,75,50,46,62,87,38,32,84
2335,45,74,91,59,80,75,88,35,47,61,83,34,58,87
2336,45,63,78,52,60,81,80,39,41,69,82,32,33,90
2337,93,66,64,72,96,81,78,40,49,49,70,39,52,100
2338,65,98,96,65,72,73,100,50,33,55,83,33,54,74
2339,85,53,37,76,41,68,87,42,41,49,94,35,44,54
2340,92,55,65,70,56,54,99,32,41,45,78,33,47,81
2341,60,87,80,42,77,85,97,49,43,49,96,50,58,71
2342,40,100,74,34,63,68,74,43,39,58,77,38,34,27
2343,66,88,95,41,87,74,96,30,47,49,96,48,37,83
2344,41,86,85,39,90,83,95,50,42,63,85,31,41,52
2345,50,50,33,51,63,34,83,46,50,46,98,41,51,64
2346,78,60,61,86,68,70,82,35,42,64,76,39,63,87
2347,4,91,95,9,82,95,92,36,48,67,71,30,32,78
2348,64,37,51,99,49,33,81,35,30,51,88,33,64,82
2349,42,100,82,62,95,65,70,32,45,48,92,40,34,89
2350,33,52,35,70,36,52,80,38,32,32,71,45,37,60
2351,85,33,39,76,66,58,87,31,41,36,96,44,32,60
2352,87,91,87,61,98,87,89,42,37,59,91,40,61,79
2353,93,95,100,100,85,67,98,36,46,50,100,41,46,1
2354,59,35,55,59,63,42,79,50,46,38,79,44,64,60
2355,64,32,58,88,64,65,73,32,35,64,74,31,69,91
2358,37,80,73,65,68,97,98,34,49,55,98,39,67,51
2359,30,75,97,62,62,75,82,35,48,61,82,38,36,66
2360,75,86,68,89,88,77,77,41,45,57,75,33,61,83
2361,41,56,44,56,32,56,72,47,49,61,70,44,66,77
2362,20,70,41,19,24,25,85,37,34,65,83,47,48,100
2364,94,77,98,97,81,73,86,48,50,48,92,33,52,53
2365,22,82,78,6,68,83,70,33,40,57,98,45,49,3
2366,87,89,99,93,94,77,82,43,50,42,95,35,47,16
2367,53,77,90,63,78,87,89,49,44,42,81,40,62,52
2368,7,81,67,15,92,96,78,35,46,41,78,34,66,64
2369,30,66,68,14,61,93,82,34,50,30,78,44,52,47
2370,14,95,78,14,79,63,81,49,43,70,91,33,55,97
2371,33,42,50,68,56,43,85,49,46,37,72,42,37,82
2372,8,63,69,38,93,79,99,45,32,39,81,39,41,80
2373,49,51,50,59,46,59,81,40,45,30,77,50,61,41
2374,10,77,95,23,91,76,88,40,48,44,72,38,42,90
2375,33,28,30,56,41,45,86,40,47,66,92,46,62,47
2376,93,60,62,67,82,69,84,46,40,49,88,45,40,27
2377,93,53,33,97,42,55,73,38,32,35,73,50,42,21
2378,80,84,68,69,94,88,89,43,39,63,85,38,48,87
2379,38,39,38,46,36,41,73,31,41,48,74,40,48,36
2380,41,61,50,63,68,53,75,48,42,42,95,39,38,93
2381,13,82,73,9,96,68,74,30,36,39,90,33,53,74
2382,48,100,69,39,93,61,81,45,46,33,73,39,42,21
2383,52,49,45,51,40,41,86,41,31,34,75,43,33,1
2384,47,67,100,43,70,84,98,30,42,31,79,38,62,42
2385,46,57,40,50,65,32,98,43,44,36,88,35,39,45
2386,24,100,100,40,71,89,70,45,41,49,71,40,37,11
2387,52,70,88,48,94,84,91,43,33,63,74,42,56,94
2389,47,79,74,66,98,79,85,30,48,64,85,36,34,87
2390,73,59,70,66,47,62,91,42,50,65,95,32,66,45
2391,66,47,30,74,70,68,93,33,39,43,81,41,67,66
2392,49,54,55,48,56,43,80,50,50,56,79,36,44,88
2393,76,67,61,77,76,89,98,38,31,31,76,30,52,10
2394,1,80,72,34,68,83,94,38,48,61,70,30,38,87
2395,5,89,70,27,84,70,80,31,33,55,99,38,41,98
2396,43,62,86,65,92,65,81,47,34,69,93,49,64,93
2398,92,61,77,76,82,69,83,48,43,43,91,43,32,75
2399,30,95,86,74,82,96,83,40,30,70,91,41,53,59
2400,76,61,55,62,41,70,79,47,31,53,86,33,42,39
2401,12,66,65,31,78,85,73,30,31,32,87,30,50,90
2402,87,93,64,95,100,87,98,39,46,61,96,47,70,72
2403,88,66,31,77,43,39,75,44,46,57,86,46,40,25
2404,13,96,96,5,91,93,90,34,43,68,73,50,41,72
2405,11,71,91,15,77,73,95,45,43,65,80,48,58,10
2406,44,74,68,36,81,75,79,47,35,36,77,33,67,97
2407,37,98,92,43,79,100,81,32,45,42,81,47,34,52
2408,51,76,71,36,100,66,75,49,36,44,94,49,32,84
2409,8,86,97,40,71,98,84,49,33,56,85,33,30,2
2410,25,64,44,27,14,24,87,44,37,50,75,39,51,63
2411,87,85,65,67,85,78,98,37,39,45,85,46,51,55
2412,2,51,49,33,10,5,71,47,34,30,97,37,34,29
2413,59,72,65,57,69,95,93,30,31,40,86,40,62,21
2414,93,82,66,100,83,85,85,42,39,59,81,47,47,59
2415,62,89,78,75,73,67,82,30,35,42,93,50,33,64
2416,29,54,60,57,34,43,84,50,46,40,99,48,42,84
2417,37,65,66,34,72,62,85,35,31,41,80,47,59,97
2418,35,70,41,4,38,14,74,45,47,54,85,32,52,83
2419,93,68,69,60,66,97,86,48,38,62,72,46,30,69
2420,34,64,99,61,90,70,93,46,40,45,91,34,66,92
2421,29,96,89,6,85,75,86,31,45,32,85,31,30,52
2422,53,81,87,48,65,98,80,33,47,67,75,48,66,75
2423,22,84,72,14,90,67,79,31,40,37,81,31,37,73
2424,64,82,84,53,87,93,86,32,42,69,78,32,40,56
2425,60,93,65,67,74,99,74,36,50,32,97,41,31,100
2431,92,39,31,99,52,41,79,34,39,47,84,43,66,66
2432,63,74,90,30,77,84,93,45,44,53,88,44,49,93
2433,54,67,47,39,63,58,87,42,30,39,76,39,51,92
2434,66,46,46,42,67,47,84,40,46,46,100,47,47,30
2435,61,61,66,85,100,75,82,31,42,62,78,46,32,84
2436,38,49,45,8,22,11,100,41,46,32,75,37,69,34
2437,46,80,63,55,79,84,92,44,35,54,99,44,59,82
2438,66,75,95,52,99,94,73,33,39,39,99,34,56,60
2439,81,80,80,72,62,67,88,31,42,60,76,30,68,20
2440,94,54,35,61,50,42,79,35,30,53,100,30,48,32
2441,34,39,53,34,25,28,97,35,49,63,74,41,49,99
2442,57,66,58,54,63,66,100,30,39,30,72,47,64,79
2443,40,34,59,53,63,53,80,31,43,43,99,30,68,80
2444,92,62,66,91,34,32,85,43,46,59,81,39,60,1
2445,97,65,69,75,59,66,70,39,38,30,91,45,57,100
2446,28,58,89,41,87,64,94,30,32,42,77,30,35,78
2447,58,49,56,38,51,46,72,43,32,58,87,41,70,92
2448,47,71,97,47,85,81,83,46,44,38,95,33,49,89
2450,17,73,77,21,86,86,90,31,44,68,78,38,39,92
2451,3,64,68,15,85,84,81,42,50,61,77,41,67,87
2452,58,83,72,49,64,72,85,33,37,44,84,39,34,59
2453,36,67,75,30,75,96,96,45,42,67,85,42,31,34
2455,19,97,97,8,83,91,79,46,47,38,84,36,33,29
2456,69,97,62,64,76,88,84,36,36,50,78,34,50,31
2457,24,64,54,22,3,26,73,48,40,70,72,34,66,55
2458,23,80,80,25,86,69,95,46,33,64,91,31,62,62
2460,32,92,95,34,60,74,84,40,33,44,90,45,51,77
2461,17,54,31,40,21,30,79,37,32,33,76,47,64,52
2462,73,98,62,66,98,72,77,49,47,47,75,33,54,99
2463,61,65,30,35,32,56,70,50,35,47,98,43,39,94
2464,37,36,52,40,2,15,84,48,46,57,72,50,52,93
2465,30,87,89,38,83,61,99,33,34,39,87,31,56,83
2466,34,65,70,46,42,31,89,40,50,56,72,36,34,50
2467,36,39,56,59,31,60,91,37,35,31,91,30,36,24
2468,52,66,91,44,62,76,94,33,36,56,73,39,70,96
2469,88,93,99,78,72,70,94,37,34,67,77,36,65,62
2470,78,34,59,84,40,65,89,43,31,31,92,32,41,87
2471,11,72,66,20,94,85,82,48,37,62,74,49,38,53
2472,97,96,79,95,80,61,82,35,31,62,79,48,66,6
2473,56,60,32,52,65,56,91,39,32,46,73,45,70,73
2474,39,38,66,38,36,10,71,40,45,57,79,48,37,64
2475,39,60,37,19,19,5,88,49,31,52,95,38,66,69
2476,9,44,50,3,11,28,75,30,37,33,88,50,33,37
2477,96,58,39,67,35,66,76,33,41,58,80,41,67,39
2478,45,72,62,67,86,96,93,41,36,42,87,35,62,99
2479,61,64,63,51,98,98,89,47,36,52,84,46,30,19
2480,31,73,66,21,65,73,73,31,42,67,86,36,44,14
2481,11,95,88,38,91,77,93,33,37,33,94,32,56,94
2482,18,34,36,25,38,5,79,41,49,42,94,31,32,73
2483,58,95,74,61,81,61,97,38,30,54,79,39,44,24
2485,58,99,93,31,84,90,84,47,40,68,76,45,52,67
2486,29,67,88,16,66,79,99,49,41,57,84,31,42,16
2487,33,84,72,11,73,84,78,37,39,33,84,31,41,22
2488,55,39,47,66,55,61,99,39,33,31,87,31,70,64
2490,30,98,82,18,78,98,99,46,36,32,73,33,46,64
2495,95,67,69,88,53,63,94,45,38,36,90,37,65,67
2496,21,72,82,17,81,76,80,33,40,41,82,49,64,97
2497,59,90,64,57,75,88,86,42,38,43,77,34,38,81
2498,20,80,60,4,77,70,85,45,34,54,88,35,70,10
2499,16,82,66,16,78,98,76,30,33,52,91,39,42,70
2500,78,37,54,97,51,43,82,37,31,65,76,48,53,11
2501,55,55,52,69,67,35,82,50,45,54,81,30,59,64
2502,88,70,57,90,51,35,85,50,35,31,77,44,48,68
2503,71,42,50,63,71,45,98,48,36,57,84,32,55,83
2504,33,43,60,49,51,57,94,40,41,34,81,39,53,100
2505,93,48,44,82,61,48,87,32,41,47,92,47,32,90
2506,59,48,54,60,65,41,82,41,39,69,90,31,33,76
2507,18,66,54,40,38,10,98,39,33,60,72,42,64,1
2508,16,83,78,26,89,74,77,49,38,45,79,36,53,27
2509,53,92,73,54,78,88,70,45,48,51,87,35,67,35
2510,60,61,42,55,51,53,76,50,44,58,86,39,45,48
2511,50,96,74,65,96,81,77,39,49,30,86,31,58,61
2512,80,49,60,83,33,54,75,38,44,70,78,34,40,61
2513,20,65,57,19,33,3,99,32,40,66,100,35,51,90
2514,66,95,70,63,95,95,81,30,31,45,84,39,54,100
2515,68,92,90,70,61,68,94,39,34,58,71,46,33,51
2516,65,76,92,97,85,88,99,37,33,34,72,39,31,23
2517,46,59,38,67,52,37,84,39,33,62,75,37,54,21
2518,62,44,62,45,36,46,75,47,36,32,85,46,30,5
2520,71,60,53,60,55,44,70,46,36,34,90,50,40,71
2521,39,53,55,44,66,66,83,41,38,33,94,49,62,59
2522,37,79,92,30,61,69,100,46,38,51,71,48,40,33
2523,76,53,30,66,70,50,82,37,46,70,71,38,42,54
2525,3,66,56,3,1,36,77,44,39,40,96,47,44,33
2526,70,70,66,79,100,96,73,41,39,54,94,48,51,66
2527,32,92,60,31,88,69,74,44,46,59,91,35,56,60
2530,69,75,76,45,74,69,82,40,43,37,73,42,35,65
2531,60,60,73,39,75,98,89,44,30,58,97,43,65,78
2532,45,97,82,38,65,94,77,37,32,30,100,36,60,13
2533,15,93,64,29,77,98,70,49,30,55,80,36,62,71
2534,68,63,70,36,46,69,76,32,43,32,88,37,57,68
2535,27,43,34,33,2,2,100,46,35,31,100,46,30,100
2536,3,68,57,40,5,28,93,43,36,55,92,46,42,1
2537,62,84,62,38,74,90,88,45,49,40,77,41,45,74
2538,97,60,44,89,42,38,72,48,46,42,81,42,43,46
2539,17,96,68,28,98,76,77,43,44,38,82,31,64,78
2540,17,63,94,11,92,76,86,30,49,53,73,45,34,93
2541,38,32,67,7,35,12,75,48,44,55,90,40,44,44
2542,33,44,55,39,55,69,100,48,44,56,73,39,68,96
2543,46,73,69,52,86,60,73,48,34,66,86,41,37,11
2544,52,49,31,45,61,50,92,37,42,67,97,40,41,71
2545,18,58,45,33,32,16,97,45,49,37,73,47,45,91
2546,30,88,61,34,61,100,74,33,39,52,76,40,33,56
2547,95,68,87,87,72,95,98,39,49,64,98,35,31,65
2548,32,70,44,30,49,52,86,37,44,60,80,49,34,73
2549,88,58,53,98,68,67,72,44,32,50,89,34,59,28
2550,78,89,65,66,90,83,86,33,50,62,96,35,55,99
2551,3,67,100,8,84,67,84,45,50,59,78,33,56,91
2552,4,79,61,43,71,89,95,36,45,38,76,34,54,37
2553,75,60,45,100,52,67,84,42,40,67,76,30,62,69
2554,71,58,47,94,64,68,93,40,44,63,76,49,41,99
2555,99,42,35,99,58,59,100,39,40,51,86,32,45,16
2556,26,89,78,16,91,71,85,30,49,58,91,30,43,31
2558,59,86,92,61,80,85,85,48,50,57,86,35,40,92
2559,14,55,47,22,28,34,73,32,33,34,74,38,38,90
2560,89,69,78,70,98,97,89,36,42,63,86,39,31,2
2561,84,38,39,80,35,47,75,41,48,45,85,46,60,88
2562,37,71,43,27,30,23,70,49,43,45,89,33,44,60
2563,61,92,96,70,85,72,91,32,46,55,70,37,48,12
2564,35,36,66,23,23,40,70,30,41,30,97,40,48,35
2565,47,42,50,54,65,54,71,37,49,62,73,42,68,80
2566,69,93,84,67,78,93,81,46,32,57,83,33,52,60
2567,62,65,67,96,80,79,76,34,33,68,79,38,37,26
2568,1,39,33,13,37,39,74,44,32,31,83,45,66,55
2570,49,44,54,41,64,38,79,46,48,52,72,39,70,35
2571,25,47,42,21,32,34,82,30,39,33,71,43,38,25
2572,14,50,35,6,15,27,72,42,35,37,98,33,58,68
2573,77,64,74,91,68,62,91,35,31,64,71,41,62,17
2574,67,92,85,36,88,90,76,39,36,48,94,42,38,79
2575,66,38,55,37,46,58,92,30,47,55,98,50,57,33
2586,27,64,61,8,34,15,92,35,46,58,76,34,36,35
2587,38,97,73,39,83,85,91,47,44,65,93,50,36,44
2588,58,38,35,69,55,48,92,50,46,70,77,44,42,41
2589,31,56,50,28,31,23,100,48,32,42,90,37,55,10
2590,50,51,50,57,55,59,95,49,34,69,96,34,64,49
2591,1,64,89,1,60,96,80,39,40,38,93,48,35,93
2592,15,84,85,29,90,82,83,49,47,31,76,34,48,77
2593,54,67,54,50,45,61,82,32,37,43,91,32,56,83
2594,33,85,92,48,75,77,97,36,34,59,79,48,60,29
2595,65,32,53,95,38,58,89,41,42,58,84,49,61,74
2596,65,54,32,32,50,70,76,36,50,69,86,34,56,71
2598,41,37,31,43,38,56,86,43,44,57,73,46,41,80
2599,60,33,69,67,52,32,90,44,32,59,84,45,30,77
2600,33,79,61,36,89,80,96,33,32,40,89,46,62,57
2601,70,70,100,68,96,86,79,38,38,66,85,30,41,49
2603,32,82,87,30,81,95,77,34,44,42,79,49,54,17
2604,79,56,42,97,60,39,100,30,39,48,80,34,63,82
2605,68,61,60,60,64,70,76,30,42,41,71,49,46,84
2606,36,94,80,56,65,88,93,33,46,40,76,32,41,99
2607,24,62,60,19,34,5,72,35,33,53,80,39,69,63
2608,55,59,51,59,55,52,96,49,37,54,70,33,48,44
2611,6,65,36,30,35,32,90,41,41,62,81,50,49,83
2612,60,79,94,35,93,78,75,30,35,48,70,50,49,51
2613,81,74,76,93,69,89,81,44,33,44,86,32,43,78
2614,33,58,45,37,9,28,78,39,37,51,86,33,65,61
2615,13,96,63,36,76,75,90,32,42,39,92,44,69,83
2616,65,46,45,49,55,65,77,40,32,61,86,30,64,34
2617,77,80,98,61,88,77,81,37,42,69,71,34,63,49
2618,37,69,31,34,59,65,83,45,32,45,80,45,38,62
2619,81,67,62,74,99,70,94,46,38,61,74,43,43,92
2620,38,33,49,11,9,31,98,33,41,43,82,37,55,58
2621,95,67,54,78,47,63,99,44,39,54,85,48,50,61
2622,66,59,56,44,54,62,75,42,33,55,81,50,36,36
2623,33,40,35,13,26,13,100,30,35,39,96,44,65,73
2624,3,63,80,25,79,87,72,36,31,63,87,48,66,90
2625,22,81,68,6,74,67,97,45,47,60,73,41,45,89
2626,70,86,80,68,91,96,72,37,32,66,81,46,60,83
2627,58,61,94,67,73,73,83,45,44,56,71,45,52,95
2628,20,90,66,19,73,65,70,35,41,30,87,31,51,50
2629,63,52,31,49,31,40,77,35,32,69,85,32,39,98
2630,56,63,45,44,67,47,80,36,41,46,73,50,59,55
2631,53,49,52,45,68,61,90,39,45,45,83,44,49,55
2632,40,70,67,68,83,96,91,37,47,68,77,34,55,36
2633,98,54,65,84,39,39,74,32,35,45,92,38,61,68
2634,64,88,90,40,79,100,82,40,33,44,83,42,65,72
2635,45,91,85,56,68,71,78,30,49,31,84,36,65,3
2636,51,97,96,39,92,69,88,43,34,67,85,47,51,100
2637,66,68,41,66,52,61,95,47,33,34,97,41,60,98
2638,83,95,83,94,75,94,88,45,46,33,78,36,37,4
2639,68,32,68,51,52,31,87,32,35,46,87,37,67,88
2640,43,72,68,39,69,55,84,50,43,57,89,37,34,97
2641,30,53,31,1,37,36,85,44,50,62,97,38,47,33
2644,81,35,50,65,49,39,98,47,31,64,77,40,55,94
2647,32,78,80,42,96,98,93,42,47,40,82,38,67,87
2648,66,83,80,87,79,93,75,47,40,59,86,31,53,93
2649,32,78,98,61,81,84,79,41,41,49,84,31,54,83
2652,53,75,94,59,96,65,97,49,46,69,91,44,63,92
2654,98,47,63,89,68,48,77,43,46,59,80,30,37,75
2655,100,77,71,100,65,84,94,48,38,64,84,32,48,75
2656,56,79,66,70,99,81,87,30,47,69,91,42,62,91
2658,73,40,61,92,62,44,75,31,46,31,84,44,44,53
2659,75,68,78,71,67,94,99,46,32,64,96,36,59,83
2660,98,92,97,69,63,95,99,42,31,34,87,46,40,56
2662,40,91,94,59,99,95,100,48,34,53,79,33,55,39
2663,39,91,73,46,85,86,90,45,41,34,72,33,38,68
2664,27,85,89,13,100,86,85,42,33,45,91,35,61,65
2668,70,61,87,57,98,73,91,47,41,67,90,34,63,95
2669,47,75,98,49,60,62,90,43,33,58,75,42,65,70
2671,42,83,100,55,82,62,94,49,30,33,70,36,42,8
2672,7,79,73,12,100,67,83,36,47,31,77,44,57,21
2673,1,64,94,38,80,64,79,30,44,47,78,40,30,99
2674,88,56,44,99,61,61,97,43,40,36,91,32,38,86
2678,28,76,76,36,63,95,79,46,45,39,97,45,40,76
2679,80,96,94,82,61,94,88,30,31,49,98,39,70,92
2681,24,75,81,32,69,80,99,34,33,34,92,43,30,82
2682,31,32,65,9,31,17,89,36,36,65,72,46,52,82
2683,19,48,57,29,13,6,79,48,36,61,97,46,68,90
2684,11,72,88,37,67,74,86,43,34,43,94,46,31,8
2685,39,63,50,66,30,49,97,38,31,33,70,39,69,2
2689,30,79,62,68,64,87,78,50,41,37,86,46,57,1
2690,25,70,98,33,89,92,95,38,35,37,78,48,48,37
2692,38,97,76,37,94,98,75,43,33,57,83,37,44,9
2693,91,96,95,92,69,67,81,40,34,46,97,48,61,97
2694,68,66,40,75,31,40,94,40,36,60,81,46,35,60
2695,31,68,75,50,63,71,75,43,38,67,83,46,34,97
2696,60,83,82,33,99,81,80,48,33,39,91,33,49,84
2698,3,96,90,3,72,100,76,30,30,57,71,50,31,70
2700,55,31,32,64,40,32,94,43,50,30,96,41,35,100
2701,59,68,83,55,63,64,89,32,44,52,80,45,39,75
2703,38,99,75,43,95,70,84,48,31,41,83,39,36,51
2704,69,45,64,78,63,32,77,32,43,57,90,43,35,30
2705,45,31,47,68,64,50,83,50,36,67,73,30,61,100
2706,60,68,31,41,41,61,74,36,41,57,96,48,67,52
2707,37,42,37,57,46,40,74,41,34,40,77,34,68,89
2708,21,63,96,37,65,66,87,47,39,66,90,38,37,22
2709,9,69,89,38,82,76,76,41,47,59,86,48,30,45
2710,53,78,79,58,61,93,97,34,35,44,87,38,41,67
2711,65,76,95,47,60,66,91,50,50,62,73,43,69,100
2712,89,85,96,81,92,90,80,47,45,55,99,30,50,43
2713,10,55,68,38,38,4,70,49,40,66,83,34,55,73
2714,43,70,49,40,47,32,75,31,31,47,99,41,65,10
2715,89,64,79,90,87,89,71,36,36,64,71,36,48,14
2716,57,80,97,56,72,80,95,41,45,36,89,42,47,99
2717,28,89,86,36,88,84,87,42,35,47,74,31,42,72
2718,28,64,53,12,19,39,71,36,40,59,93,46,34,65
2719,61,72,82,36,96,96,75,30,43,45,86,42,31,78
2720,68,38,48,43,47,39,78,40,30,48,80,49,64,50
2724,5,98,89,35,78,100,96,44,46,31,96,43,63,81
2726,57,45,34,40,49,55,72,37,50,42,76,49,41,83
2727,82,59,32,85,45,40,73,35,32,50,99,32,46,88
2729,82,40,40,79,35,63,90,32,38,67,91,38,41,85
2730,30,60,66,14,3,39,75,32,38,44,83,31,54,60
2731,21,61,81,19,81,100,75,34,45,65,89,34,43,67
2732,35,32,45,57,53,63,95,31,36,43,87,43,47,38
2735,93,62,58,71,43,32,89,50,36,62,84,43,64,60
2738,28,46,38,8,28,19,75,31,31,39,97,30,52,98
2739,39,62,39,29,20,11,70,32,31,37,79,30,57,77
2740,13,87,62,8,90,71,97,41,32,70,80,49,36,87
2746,17,61,71,11,84,95,96,33,50,46,80,35,53,55
2748,37,75,66,59,81,71,83,34,47,40,84,41,39,93
2749,50,88,64,69,83,73,97,36,37,50,80,46,56,90
2750,86,50,34,82,53,59,90,35,40,40,83,34,30,98
2751,23,58,64,27,4,2,90,39,31,54,73,39,47,59
2752,84,63,40,85,64,44,70,47,33,51,98,44,48,62
2753,30,54,50,52,43,54,75,40,33,32,73,41,51,34
2755,34,49,68,69,39,44,72,39,36,64,82,46,42,74
2756,35,51,61,30,14,33,74,31,42,48,79,47,35,81
2757,67,61,68,80,50,63,78,50,40,70,75,31,57,37
2759,69,57,43,69,40,63,72,38,36,66,97,32,69,45
2760,7,75,61,6,67,83,96,43,49,39,85,49,46,100
2762,60,97,66,73,87,62,80,48,38,59,70,32,60,66
2763,65,59,56,45,31,62,99,46,41,46,83,39,59,75
2765,40,70,95,16,69,73,87,45,43,63,90,47,53,13
2766,67,73,68,82,75,76,90,38,45,58,81,46,66,99
2767,58,66,82,36,62,73,95,46,31,42,80,33,55,48
2768,32,56,33,53,52,47,74,38,30,42,73,49,60,5
2769,93,50,57,83,31,41,72,38,45,64,98,40,55,88
2770,67,59,52,49,60,48,77,49,40,37,79,39,70,85
2771,48,65,99,51,80,60,89,44,40,56,76,36,57,35
2773,58,65,60,48,73,100,76,41,34,66,74,37,42,67
2774,60,61,74,50,94,68,83,49,35,30,94,49,63,80
2777,32,73,71,37,80,95,70,37,42,39,84,42,65,1
2778,23,72,90,35,65,73,75,33,30,33,81,31,61,48
2779,9,80,88,9,83,67,98,35,34,44,84,49,44,96
2781,51,43,49,34,36,47,70,34,49,50,91,48,49,66
2783,9,49,69,18,7,2,72,36,39,59,76,39,67,89
2784,98,47,45,85,45,44,89,37,36,38,94,37,62,50
2785,61,46,57,80,53,34,89,32,31,47,76,42,69,37
2786,83,63,67,68,41,35,85,44,43,66,91,39,44,88
2787,46,39,51,62,38,70,75,35,48,67,82,40,53,72
2790,39,43,44,2,36,15,74,46,46,34,89,31,70,93
2796,36,37,58,57,60,36,75,46,30,36,88,46,33,99
2803,56,56,53,41,59,60,93,33,36,55,86,30,38,88
2804,39,60,70,12,65,68,100,43,31,32,94,39,59,45
2806,10,68,83,39,88,94,84,44,36,43,92,37,30,74
2807,31,63,48,4,7,12,85,39,46,66,72,35,37,67
2811,38,54,43,56,38,30,96,44,42,53,75,43,63,79
2817,96,64,54,84,40,36,84,36,46,55,75,32,55,79
2825,67,80,92,60,86,89,77,49,34,64,77,48,40,87
2830,64,56,46,63,52,45,91,49,37,53,94,46,70,57
2831,23,55,56,23,24,20,72,41,33,66,100,36,36,35
2832,75,38,42,85,70,57,75,50,50,41,92,45,63,21
2833,65,52,55,65,44,54,80,49,35,63,73,37,41,73
2834,41,50,36,71,51,38,81,49,34,56,89,34,67,65
2842,35,88,80,25,82,66,89,36,35,44,79,46,33,50
2846,68,69,98,33,93,87,92,43,45,36,99,31,66,1
2847,17,61,46,38,32,4,92,41,44,43,86,42,38,63
2848,65,94,94,70,78,76,95,39,41,52,90,50,65,29
2849,100,81,93,95,76,94,86,48,42,30,94,33,46,71
2851,100,57,40,89,34,61,93,32,39,57,90,37,33,84
2852,38,41,57,41,37,59,78,33,50,36,73,49,56,73
2853,53,81,77,51,88,76,76,41,32,36,70,39,33,55
2854,72,100,63,100,94,75,86,34,37,48,81,37,55,1
2856,11,33,34,7,6,30,77,48,47,70,79,33,46,80
2857,68,37,65,82,35,68,93,45,44,60,91,38,39,83
2859,8,38,69,11,36,27,77,42,36,32,90,36,66,13
2860,93,41,38,70,62,60,91,50,39,47,75,40,47,70
2861,38,90,89,29,64,73,74,48,30,51,73,38,44,15
2862,61,91,73,36,67,68,95,47,49,42,81,38,59,17
2863,50,72,45,61,43,67,73,49,40,59,98,47,66,67
2864,52,87,90,32,77,71,80,41,48,67,80,33,50,1
2865,46,96,92,51,88,94,79,48,39,42,99,33,67,1
2866,63,40,52,52,53,52,70,50,49,54,88,44,33,67
2867,69,63,77,36,73,77,100,39,41,68,80,45,32,54
2868,32,30,66,1,6,4,99,44,48,48,88,50,33,11
2869,61,69,35,64,42,56,88,31,37,57,98,46,44,78
2870,89,49,38,95,66,69,83,37,34,67,92,42,65,40
2871,13,87,92,18,70,89,76,49,30,44,80,30,62,83
2872,87,64,34,83,32,51,87,36,37,61,100,47,70,91
2873,4,36,40,39,31,2,88,46,41,35,78,48,41,84
2876,39,66,88,10,61,74,74,38,33,65,79,41,48,20
2877,80,94,68,80,86,78,90,49,38,62,76,44,60,80
2880,79,41,56,92,68,58,81,44,45,35,95,33,33,93
2881,62,70,41,60,38,43,95,48,31,63,72,30,44,86
2882,93,48,31,90,39,60,92,47,49,38,99,43,32,93
2890,64,94,71,66,66,99,100,41,32,68,88,43,40,81
2894,70,83,77,33,66,81,82,39,49,56,86,37,50,70
2896,38,95,83,68,97,67,74,32,39,52,76,42,36,82
2904,4,65,71,31,60,89,96,50,49,52,80,45,67,55
2909,80,40,64,60,70,59,89,36,31,35,95,38,66,89
2911,70,72,84,60,77,89,75,34,36,68,90,44,63,80
2914,72,65,31,98,42,43,97,44,49,56,92,43,30,70
2917,51,94,99,59,70,99,100,34,31,47,78,33,41,87
2918,31,46,31,54,65,34,88,44,48,32,78,48,58,92
2919,50,61,96,48,100,65,84,32,31,38,75,31,66,100
2920,69,92,76,96,70,68,73,30,33,36,97,46,57,87
2921,40,58,42,36,50,34,81,38,47,60,70,33,54,93
2923,24,73,72,12,80,71,82,42,48,35,99,49,32,39
2924,94,60,66,94,39,52,84,48,39,34,80,44,68,85
2927,45,51,57,41,54,56,74,34,33,58,89,39,57,18
2928,71,98,67,81,87,100,85,47,32,44,96,45,53,37
2929,63,71,96,99,78,80,96,38,40,65,87,41,39,69
2930,8,79,79,5,64,73,80,31,39,56,90,33,40,38
2931,49,54,38,57,36,48,70,34,37,31,81,47,64,82
2932,64,56,42,41,39,46,88,43,44,38,99,47,55,84
2933,61,50,47,64,47,30,99,46,45,31,76,50,46,32
2934,61,100,73,63,100,96,87,42,41,51,79,31,34,78
2935,16,97,63,7,99,66,87,49,50,42,75,35,35,87
2936,31,64,42,43,36,68,82,42,45,33,78,45,53,74
2937,63,63,78,33,99,60,97,41,47,54,96,43,53,82
2938,1,29,59,32,3,1,72,40,34,53,85,48,39,59
2939,85,79,84,69,100,78,77,41,44,44,93,37,59,76
2942,65,40,55,61,65,38,94,39,33,39,100,43,38,91
2943,51,62,51,43,57,68,99,36,44,67,97,44,54,62
2947,28,35,70,7,6,22,99,36,49,44,80,41,47,83
2951,7,50,51,21,18,3,92,30,32,58,77,40,67,76
2956,64,40,50,56,65,40,91,38,48,57,94,38,38,73
2960,82,99,77,93,89,72,87,44,32,45,91,32,41,82
2961,64,81,72,72,70,79,87,35,43,56,95,48,58,70
2962,41,96,88,35,100,62,93,47,44,45,88,49,52,74
2964,9,95,66,35,83,96,85,37,41,58,83,42,48,76
2965,100,62,93,68,76,93,95,47,30,47,86,47,46,82
2967,53,76,70,38,78,67,95,43,49,43,98,49,42,25
2971,16,87,87,2,80,77,98,40,35,58,95,44,54,79
2973,60,94,91,29,84,97,81,31,50,44,91,43,49,98
2977,50,47,47,49,49,50,80,50,30,66,71,42,62,75
2980,31,49,50,40,8,39,73,30,49,36,85,31,39,53
2981,41,61,71,68,97,95,79,36,31,55,97,30,41,10
2982,95,34,51,60,36,40,74,32,46,66,90,44,68,93
2985,40,34,62,57,41,41,82,43,35,67,78,32,61,71
2986,89,78,61,64,95,61,72,43,48,54,83,34,61,58
2988,45,96,98,60,82,80,82,47,32,60,74,32,51,68
2989,9,92,88,36,81,84,83,46,34,67,73,34,68,29
2993,53,81,96,47,64,87,81,49,30,32,99,42,38,80
2994,51,57,40,40,43,53,75,37,32,37,98,37,58,41
2995,27,46,58,39,38,30,89,35,42,62,96,43,61,79
2996,48,64,49,43,52,55,89,41,39,43,85,37,50,4
2997,64,93,88,39,72,75,80,44,30,31,79,47,45,75
2998,11,46,49,6,28,40,77,48,33,38,77,39,49,95
2999,34,64,70,43,38,57,98,46,37,39,83,33,53,1
3000,48,65,37,69,41,69,71,38,46,43,81,48,37,71
3004,70,59,43,92,60,64,85,41,46,58,72,34,42,98
3012,62,62,72,62,60,100,100,31,45,63,85,42,35,97
3013,95,39,54,99,56,32,90,41,32,60,86,34,32,90
3016,38,99,83,38,90,100,85,30,35,54,70,32,70,95
3019,4,68,96,6,80,75,90,47,47,61,94,46,58,79
3022,91,50,30,64,40,48,77,42,48,37,87,30,45,100
3028,53,100,64,55,98,82,91,41,38,42,82,44,37,70
3039,46,34,54,56,46,64,92,50,48,65,94,42,47,72
3042,65,55,50,65,48,30,87,32,37,67,84,37,37,96
3046,66,34,58,37,43,46,93,40,47,39,85,39,37,74
3047,53,78,71,40,71,89,84,50,42,39,79,33,35,72
3048,70,44,31,53,41,59,75,33,39,42,82,45,63,78
3049,91,46,62,85,38,31,81,30,35,39,100,32,56,100
3050,3,65,55,15,13,38,90,34,44,51,79,44,47,88
3051,79,60,89,60,73,92,95,31,31,60,82,41,32,100
3052,87,67,82,75,78,83,78,32,36,44,94,45,58,83
3053,81,77,80,95,98,89,70,33,36,46,75,43,35,24
3054,92,79,79,87,67,64,70,45,32,64,79,40,52,69
3055,68,49,65,91,38,69,84,41,32,54,73,50,62,53
3057,30,49,53,34,24,39,95,46,34,65,97,37,63,55
3058,66,49,48,61,34,68,75,37,40,30,90,31,50,96
3061,62,78,83,61,84,70,91,41,47,48,89,48,33,76
3063,14,60,73,12,65,61,81,46,35,67,89,41,36,97
3070,33,42,68,25,29,9,100,45,47,59,78,34,53,78
3071,60,38,34,40,42,34,92,33,42,37,70,41,49,98
3072,45,69,35,34,36,45,89,30,43,46,81,42,40,78
3073,17,70,37,25,36,23,79,40,32,52,89,35,63,84
3081,55,50,48,69,60,48,79,37,46,31,93,37,37,77
3082,35,36,62,1,1,20,75,32,34,52,98,32,36,85
3092,99,88,88,67,81,62,75,47,41,64,82,50,46,88
3094,39,74,68,51,69,87,93,38,40,31,92,40,36,87
3095,10,32,46,20,20,29,95,42,39,31,89,33,41,84
3098,83,95,75,78,79,87,92,46,41,59,78,44,57,88
3099,91,80,94,68,77,76,83,34,35,52,86,35,59,71
3104,26,65,97,35,93,70,84,48,48,67,96,50,43,75
3105,79,83,86,90,95,72,86,46,50,37,91,42,60,35
3108,27,61,60,5,6,27,79,37,36,45,89,36,47,66
3113,44,64,39,65,34,44,73,49,50,56,71,32,67,77
3114,22,69,48,24,35,23,93,43,47,68,74,39,36,48
3115,21,75,89,32,79,69,82,38,45,32,80,46,70,37
3122,94,75,97,66,77,63,78,31,41,56,92,45,69,70
3125,65,68,97,80,86,74,86,42,45,33,79,49,31,98
3128,75,82,93,100,69,94,80,49,35,31,74,37,48,50
3129,87,60,69,100,43,37,87,40,40,48,90,33,50,78
3139,63,44,60,62,41,49,70,30,40,31,73,30,32,84
3143,66,68,50,97,33,47,100,46,46,59,86,39,59,98
3144,75,86,93,91,77,87,92,43,32,52,91,39,55,75
3146,36,74,85,29,68,66,71,47,44,30,98,42,38,98
3148,20,59,69,23,32,16,74,37,35,69,95,36,38,34
3149,89,64,69,79,51,54,84,41,38,59,85,48,46,91
3150,84,66,42,76,62,48,76,39,44,47,87,47,49,96
3154,37,99,61,40,81,87,99,49,44,35,90,41,42,82
3155,1,67,64,25,76,85,74,46,30,47,96,35,42,75
3156,4,33,64,30,31,21,80,33,37,36,87,45,40,72
3169,74,31,33,69,39,42,77,44,34,62,94,35,56,73
3170,68,68,62,63,96,84,78,46,39,30,75,31,64,100
3171,51,62,100,34,96,66,82,46,47,41,79,35,62,91
3172,30,94,98,7,71,71,96,47,46,67,89,50,57,90
3174,52,86,78,67,85,61,77,50,33,63,71,34,68,84
3177,24,76,66,5,82,63,98,35,40,62,84,34,48,59
3178,44,38,48,30,50,68,76,33,37,53,79,48,64,99
3182,44,57,43,34,57,40,100,38,40,55,77,36,38,100
3183,51,70,31,58,30,62,93,33,47,33,76,44,61,92
3189,46,96,86,58,95,90,81,32,45,35,93,48,44,89
3201,60,97,73,67,95,77,80,30,34,39,85,34,70,74
3204,60,30,64,52,32,49,73,49,30,46,75,46,46,90
3206,29,98,66,25,69,60,91,44,40,39,76,33,59,95
3207,90,66,77,97,95,90,97,39,39,37,95,30,45,98
3208,63,75,84,31,86,64,81,43,39,40,95,47,31,54
3209,13,85,98,32,84,72,74,33,31,31,70,35,63,96
3210,5,57,64,34,25,35,99,49,31,33,99,31,64,90
3211,93,46,65,70,30,60,84,40,31,51,98,45,47,61
3212,13,35,57,36,14,7,98,36,36,40,96,31,31,69
3213,66,31,39,88,50,42,73,30,35,46,82,40,69,1
3214,51,44,52,66,45,39,75,46,50,45,79,44,59,99
3215,91,68,69,67,60,62,89,33,42,69,92,39,62,84
3216,59,43,32,36,34,45,93,50,46,32,77,43,61,92
3220,65,62,68,30,78,66,82,45,35,68,76,30,38,98
3228,37,67,67,57,87,88,100,37,41,58,74,36,51,71
3229,70,61,88,96,74,92,97,50,48,37,95,43,65,76
3230,32,84,69,56,82,80,82,40,35,42,95,41,60,91
3231,61,76,84,31,97,70,87,44,40,64,76,43,55,100
3232,67,72,72,63,82,69,94,35,43,63,92,47,50,48
3233,17,39,51,29,36,18,100,33,33,36,92,43,55,89
3235,37,86,86,25,81,76,100,32,35,43,80,47,49,73
3241,34,46,44,65,31,32,99,36,30,44,78,44,62,100
3242,97,98,64,100,100,95,94,39,44,51,95,47,36,92
3243,62,71,65,65,90,90,71,35,40,31,85,50,52,84
3248,88,71,100,76,63,64,95,47,37,55,80,49,33,81
3249,26,67,73,9,94,100,98,34,49,47,79,50,56,80
3250,37,47,70,63,40,59,78,44,40,57,77,45,44,68
3253,59,39,34,40,62,55,94,50,41,58,72,31,64,96
3262,30,45,48,17,10,18,82,49,31,56,93,34,68,98
3263,3,65,90,35,81,62,78,47,38,40,82,37,57,96
3264,66,69,46,62,63,30,73,49,41,57,89,38,35,81
3266,32,47,34,14,10,8,99,33,47,60,96,34,54,72
3267,7,87,92,20,92,99,100,41,42,56,70,41,39,82
3268,30,92,64,30,88,87,98,33,42,70,70,41,63,95
3269,15,84,84,17,66,79,71,46,49,59,71,43,66,90
3270,35,40,48,62,68,68,71,39,47,69,83,41,61,97
3272,60,72,66,78,78,97,81,35,32,70,93,45,41,30
3277,8,62,36,2,40,35,82,35,48,61,91,48,41,83
3279,34,46,30,36,19,40,75,44,46,47,87,30,59,89
3283,31,58,59,2,25,11,85,35,32,31,80,30,54,73
3284,36,71,91,42,75,92,87,42,50,64,71,49,63,38
3285,54,100,61,55,67,89,86,50,34,62,84,34,42,46
3286,40,69,88,56,78,78,97,41,49,68,99,47,30,1
3287,87,51,35,94,56,48,73,35,36,70,73,47,39,83
3288,34,34,70,48,37,67,89,40,33,52,92,40,49,48
3289,62,83,83,50,84,87,96,31,41,70,83,43,53,95
3290,25,72,68,32,93,84,72,42,46,65,95,48,38,26
3291,3,69,69,39,76,63,89,39,44,41,97,39,45,91
3292,85,60,69,89,66,90,75,32,42,54,90,43,33,74
3293,95,54,57,74,30,57,84,46,50,54,70,40,62,96
3294,19,87,77,25,79,88,87,44,41,35,98,32,58,83
3295,42,69,60,62,48,51,96,47,31,39,84,34,61,86
3296,75,96,96,96,82,72,99,43,31,45,79,37,44,79
3297,25,76,61,17,77,76,77,32,35,63,71,34,34,77
3298,36,46,36,37,31,10,100,39,34,54,76,45,59,72
3299,47,59,50,39,31,35,77,48,46,59,77,46,64,89
3300,48,44,41,69,42,58,98,44,42,65,84,34,35,82
3301,78,86,92,98,80,98,81,33,30,44,77,45,38,84
3302,84,67,39,71,37,70,88,42,42,39,84,45,38,77
3303,63,64,56,70,52,66,99,32,43,33,90,49,32,62
3304,30,35,33,46,63,68,70,30,35,67,98,34,70,83
3305,34,64,42,10,16,20,73,39,44,70,85,38,69,74
3306,33,36,67,53,31,68,76,47,43,32,97,34,31,79
3307,32,79,97,32,68,69,75,42,44,35,95,31,39,70
3308,31,93,80,35,84,71,81,37,46,35,91,39,66,90
3309,37,39,37,20,3,10,92,48,46,42,89,46,45,78
3310,57,98,70,38,69,66,76,43,32,38,86,42,49,81
3311,67,83,62,80,85,70,72,38,46,49,80,35,57,63
3312,52,88,77,70,100,80,88,41,31,48,77,41,56,82
3313,32,85,67,38,92,89,92,37,38,40,77,32,49,85
3314,66,56,40,74,49,33,80,40,46,48,80,43,59,68
3315,57,86,91,30,71,82,90,32,50,53,81,43,40,95
3316,64,32,60,69,68,40,86,42,33,39,84,30,43,85
3317,10,45,54,32,2,4,83,46,38,60,88,32,45,78
3318,60,77,93,60,92,92,81,35,31,44,72,39,35,65
3319,68,96,75,90,91,68,81,32,50,60,98,38,69,81
3320,56,83,73,43,85,99,71,48,30,43,99,42,54,82
3321,77,95,97,74,70,76,95,47,45,34,79,30,65,90
3322,61,78,84,63,89,72,86,45,35,65,90,30,61,98
3323,35,100,84,24,73,74,75,46,30,51,89,39,64,86
3324,18,95,78,37,93,64,79,31,48,69,73,32,34,51
3325,56,40,67,70,44,43,87,38,47,54,97,48,61,97
3326,21,65,44,1,1,30,75,32,47,58,92,45,37,48
3327,58,91,84,57,73,85,83,33,31,62,71,44,43,43
3328,34,93,93,51,82,64,88,45,47,46,76,44,30,72
3329,66,59,69,91,50,56,94,32,48,50,87,37,30,85
3330,35,99,78,69,71,68,80,47,37,64,92,36,54,90
3331,26,58,59,28,14,18,78,42,37,34,81,46,61,87
3332,57,51,38,31,46,32,81,42,36,42,74,41,70,82
3333,95,63,95,67,64,68,84,34,30,40,81,48,47,93
3334,84,72,88,91,96,92,98,33,38,66,100,48,55,5
3335,31,88,74,64,90,67,87,45,45,31,71,44,49,91
3336,55,60,32,63,52,61,71,38,34,41,100,44,40,86
3337,23,58,58,26,13,36,86,45,36,65,82,47,50,71
3338,84,79,68,63,94,75,91,36,30,32,94,39,30,96
3339,65,34,52,84,47,41,96,40,50,47,77,48,31,93
3340,39,61,68,35,68,57,96,32,48,46,99,38,67,92
3341,33,70,33,28,34,36,99,44,48,36,93,47,62,99
3342,39,99,89,68,89,71,99,46,33,69,80,44,49,37
3343,32,92,84,60,64,99,84,31,35,58,96,47,46,87
3344,66,90,85,83,74,61,75,49,50,53,73,35,41,81
3345,28,50,48,18,22,34,97,33,46,45,88,38,30,100
3346,56,70,91,47,64,92,75,48,32,39,81,42,53,79
3347,63,93,100,69,94,74,99,34,50,38,95,31,49,76
3348,41,63,69,52,74,80,86,50,41,61,98,38,40,91
3349,64,47,54,60,69,30,87,36,32,45,99,49,54,86
3350,35,33,54,48,54,55,98,37,41,51,72,47,56,41
3351,95,64,64,71,100,90,82,35,44,33,97,40,66,88
3352,51,63,69,66,39,53,85,37,37,35,76,48,67,98
3353,12,70,55,24,37,31,70,43,47,48,98,37,40,87
3354,86,63,35,74,52,30,95,50,48,30,80,39,66,92
3355,90,59,59,83,65,38,93,38,36,67,79,42,36,82
3356,58,45,49,48,50,34,75,34,45,36,97,42,69,78
3357,75,55,70,93,41,70,74,50,48,65,76,50,62,44
3358,97,83,60,85,88,70,83,37,30,34,90,34,42,7
3359,14,68,78,5,91,80,86,43,48,40,80,37,60,99
3360,43,100,86,58,69,77,75,40,47,56,85,32,41,93
3361,38,93,63,45,93,79,93,49,40,44,85,35,42,75
3362,51,55,41,49,61,34,84,35,45,59,90,50,53,89
3363,70,75,63,50,86,68,83,33,36,62,92,35,44,86
3364,90,51,65,83,50,64,98,50,41,62,72,30,46,93
3365,34,94,93,3,95,61,97,44,41,51,79,44,41,85
3366,32,51,57,63,66,56,77,46,41,45,83,48,65,70
3367,35,68,40,42,52,57,89,31,30,30,72,31,53,77
3368,70,59,63,59,44,61,82,38,44,44,92,42,51,13
3369,60,34,59,62,41,32,92,50,30,36,72,45,61,94
3370,69,37,49,62,58,65,100,44,48,48,91,46,64,90
3371,53,63,89,64,89,64,85,31,43,64,76,45,35,72
3372,64,73,97,89,65,76,95,37,37,40,73,42,52,69
3373,32,80,60,63,92,60,100,45,36,41,80,38,51,100
3374,97,66,74,69,83,94,90,45,33,61,72,43,58,98
3375,17,62,96,38,85,82,87,30,32,56,96,42,44,91
3376,43,81,81,51,98,80,90,45,47,70,82,41,61,99
3377,70,55,67,49,36,69,100,38,49,42,95,39,58,75
3378,62,66,88,83,68,72,98,50,44,60,76,42,68,65
3379,2,52,63,29,20,12,76,38,49,43,94,32,52,94
3380,73,83,89,92,71,79,78,47,36,49,87,36,43,77
3381,7,66,95,26,65,99,94,34,47,30,97,39,64,87
3382,31,65,46,33,27,21,96,40,38,37,83,48,41,77
3383,27,83,82,34,96,61,95,46,48,61,92,32,46,93
3384,5,34,45,7,32,33,86,48,49,60,85,39,39,84
3385,17,31,41,1,27,4,89,39,34,34,70,32,37,28
3386,68,87,91,75,91,74,76,48,34,38,74,36,55,91
3387,38,66,93,52,62,94,84,40,35,46,89,31,40,66
3388,17,39,56,5,38,36,72,35,35,35,95,44,66,100
3389,73,62,92,63,77,99,76,32,48,46,97,47,39,92
3390,54,79,83,30,83,88,79,35,50,46,98,47,50,34
3391,71,85,74,97,81,72,85,42,37,45,86,33,33,91
3392,11,78,68,36,84,100,86,31,48,57,72,32,50,85
3393,12,64,30,29,35,19,86,37,33,47,90,34,64,43
3394,37,79,99,13,77,72,80,50,34,32,91,38,65,75
3395,3,85,79,10,79,82,93,43,48,39,98,49,67,85
3396,24,85,84,24,92,82,99,48,38,64,95,40,70,34
3397,67,72,79,45,71,67,96,49,45,31,79,33,67,90
3398,68,65,61,87,45,32,96,43,39,70,83,40,69,100
3399,94,97,80,66,88,89,90,49,32,33,76,34,60,92
3400,25,53,65,8,3,24,100,39,37,35,90,35,57,91
3401,86,93,91,98,86,66,72,38,44,34,82,48,39,53
3402,25,31,49,30,10,40,71,50,34,40,86,32,43,97
3403,77,96,61,86,72,69,76,50,46,61,73,48,51,98
3404,11,37,52,25,25,25,83,32,36,52,74,33,57,91
3405,3,61,55,23,30,19,99,39,48,33,84,30,43,100
3406,12,85,98,2,63,74,89,32,40,46,99,45,50,73
3407,37,67,44,67,52,33,84,45,43,46,82,34,43,84
3408,51,66,84,52,64,75,93,35,37,43,95,30,38,82
3409,47,100,71,67,92,64,84,38,41,60,70,48,33,79
3410,67,35,69,40,36,36,93,47,42,34,77,48,50,59
3411,25,32,60,29,21,34,98,32,42,41,75,41,56,64
3412,38,66,86,48,77,81,85,39,49,41,89,46,63,74
3413,64,57,42,63,49,43,84,39,32,55,83,40,37,87
3414,89,55,70,95,34,64,99,42,47,53,70,44,55,89
3415,61,41,44,30,67,45,80,44,37,41,97,47,43,100
3416,41,43,68,43,38,55,79,30,37,37,90,35,67,89
3417,78,39,44,84,36,53,78,50,46,58,84,43,70,65
3418,54,65,71,61,60,90,87,47,31,32,84,43,31,38
3419,38,87,65,28,76,64,80,35,33,45,88,42,58,69
3420,64,69,53,70,42,56,83,40,32,59,73,50,46,83
3421,60,64,94,79,85,72,83,34,43,53,87,48,70,98
3422,78,90,93,90,99,65,96,49,41,34,78,50,42,53
3423,71,73,62,81,74,61,74,49,42,42,81,49,36,94
3424,8,85,99,29,65,99,75,36,34,52,85,30,43,93
3425,41,61,62,43,68,32,76,37,49,32,92,34,30,79
3426,51,89,84,31,97,71,72,32,43,51,76,30,59,71
3427,24,42,37,33,37,21,99,50,34,57,71,43,70,59
3428,58,42,42,33,45,61,78,42,43,53,82,30,45,57
3429,13,37,44,37,7,15,99,43,48,31,84,42,67,84
3430,65,96,100,61,88,92,87,50,33,32,78,48,70,73
3431,40,31,46,47,64,56,96,42,36,38,97,33,70,87
3432,13,82,100,38,71,72,73,35,47,60,86,49,62,94
3433,45,60,39,65,66,51,88,50,36,48,90,49,32,44
3434,73,66,56,74,69,54,76,31,41,70,87,36,38,89
3435,26,67,93,32,81,64,89,37,44,53,96,48,51,86
3436,73,36,52,95,62,58,74,31,48,35,83,47,58,56
3437,65,41,46,38,33,40,72,36,41,30,80,31,46,89
3438,70,55,37,84,41,62,76,33,45,32,91,46,39,72
3439,64,67,84,51,65,62,99,38,49,51,95,34,69,54
3440,38,55,34,61,41,39,75,36,31,49,71,34,61,77
3441,91,64,67,97,34,37,78,34,38,52,86,33,49,98
3442,13,43,45,4,5,33,99,33,47,67,85,50,67,79
3443,53,66,30,61,48,45,98,38,42,63,83,36,63,77
3444,60,55,60,62,64,45,87,46,50,31,80,49,52,78
3445,77,96,81,94,73,89,75,46,33,57,95,30,44,15
3446,10,82,89,10,84,74,96,31,31,55,100,43,31,78
3447,20,61,50,34,16,23,98,40,32,69,73,36,36,60
3448,36,36,37,8,9,1,80,40,38,46,76,49,54,51
3449,69,62,59,55,57,57,93,41,48,46,71,44,40,79
3450,35,44,50,32,38,41,82,39,49,30,78,40,64,92
3451,62,86,89,75,73,70,89,41,37,41,95,30,33,96
3452,22,69,68,35,73,60,75,39,44,68,97,30,35,78
3453,47,61,50,32,44,39,71,36,33,63,95,43,36,83
3454,10,67,68,23,85,91,70,46,40,69,83,43,49,70
3455,33,62,72,2,100,65,72,37,38,65,77,30,44,81
3456,11,56,60,20,25,1,70,30,50,52,88,49,61,63
3457,74,46,55,64,48,37,93,49,40,65,99,41,39,77
3458,95,100,77,88,93,69,81,39,40,66,100,30,52,85
3459,35,62,49,53,66,69,92,43,46,43,72,34,35,73
3460,34,55,30,34,65,54,77,42,41,39,90,33,62,83
3461,45,93,83,58,91,88,86,30,46,33,97,44,41,71
3462,47,97,70,54,98,74,80,48,34,36,100,44,58,64
3463,21,33,51,36,9,1,80,50,32,39,90,44,47,94
3464,41,80,64,54,71,68,70,50,36,46,90,32,49,73
3465,65,82,86,53,93,99,78,30,44,53,89,42,37,22
3466,79,89,68,78,84,65,92,46,40,66,73,36,52,96
3467,57,83,72,32,75,71,77,45,31,56,75,30,54,82
3468,64,30,40,92,49,43,77,40,36,65,86,45,67,98
3469,60,97,73,35,62,95,80,42,50,33,100,45,65,71
3470,36,63,95,52,82,64,93,30,34,51,96,49,66,71
3471,16,77,93,6,90,85,84,45,39,38,92,43,44,84
3472,30,96,98,26,69,72,81,31,30,39,87,49,34,81
3473,42,71,86,42,66,81,76,42,38,53,99,50,55,86
3474,57,68,80,31,64,60,93,33,45,62,98,34,64,82
3475,37,44,70,61,52,59,82,35,30,68,95,40,45,71
3476,30,97,61,70,79,67,80,48,31,40,85,37,68,81
3477,65,67,52,54,47,54,79,49,32,70,83,40,40,56
3478,91,70,78,61,78,69,86,34,31,36,90,45,65,85
3479,47,63,77,55,64,70,70,39,48,54,86,34,63,78
3480,4,72,71,24,94,98,95,39,41,59,89,33,40,72
3481,46,87,80,32,70,65,80,40,41,69,73,44,69,82
3482,68,95,68,45,94,94,87,31,50,51,79,37,51,83
3483,97,94,90,84,95,70,77,44,50,69,90,36,45,82
3484,14,66,69,30,39,10,99,37,46,46,98,36,36,92
3485,39,92,88,63,80,100,79,34,42,31,70,32,60,100
3486,78,44,40,85,36,31,73,47,41,54,92,38,43,74
3487,61,93,82,63,81,77,80,48,34,30,93,40,44,87
3488,60,41,62,75,34,60,94,34,41,55,90,40,62,85
3489,74,73,66,83,82,79,86,37,48,49,82,36,33,93
3490,80,69,91,77,91,81,95,45,33,56,78,33,70,97
3491,83,69,66,89,46,61,74,43,34,69,80,48,40,98
3492,22,82,66,1,86,90,91,34,46,35,97,48,47,78
3493,47,84,90,58,92,63,82,44,35,51,95,38,51,96
3494,30,93,61,63,83,85,84,47,32,41,92,49,48,73
3495,56,81,84,62,85,68,97,49,37,59,81,40,64,80
3496,64,49,52,72,64,37,77,32,35,39,85,33,53,78
3497,13,52,56,39,7,25,98,44,50,32,93,47,52,32
3498,58,93,88,56,63,87,90,50,30,56,97,32,31,87
3499,46,56,60,66,33,70,73,38,42,41,73,38,53,34
3500,17,32,43,9,18,38,100,46,34,55,93,50,49,84
3501,93,92,89,80,97,71,76,37,50,45,90,49,63,53
3502,16,53,54,29,11,31,74,46,43,38,90,37,53,79
3503,25,44,63,4,5,29,79,45,36,59,95,48,57,82
3504,97,76,86,77,89,96,71,37,44,43,95,41,62,36
3505,3,52,65,37,28,36,76,50,45,55,87,34,65,89
3506,24,54,67,23,37,26,89,46,35,30,71,32,62,74
3507,35,89,81,46,96,97,85,33,34,69,84,31,63,89
3508,65,67,69,52,72,84,93,41,45,60,72,34,30,80
3509,91,89,76,89,64,86,73,31,37,55,98,32,34,90
3510,67,48,45,36,45,40,90,36,36,51,82,32,30,45
3511,70,61,74,36,75,63,100,41,40,37,80,48,52,91
3512,95,83,96,85,82,81,97,32,31,67,96,49,44,66
3513,42,31,38,35,61,70,76,32,44,37,92,48,50,100
3514,76,58,62,75,45,60,81,38,37,46,89,38,45,29
3515,94,32,37,72,48,70,75,32,41,57,74,36,40,69
3516,68,68,52,63,50,50,73,35,35,39,86,50,35,81
3517,14,40,68,33,8,16,96,45,33,63,71,50,39,81
3518,32,37,47,5,5,28,81,40,42,52,95,36,49,85
3519,65,80,66,42,63,64,87,45,40,33,73,30,47,71
3520,31,89,61,61,68,94,71,40,31,40,96,34,60,94
3521,35,38,61,63,50,49,91,34,30,58,71,46,55,92
3522,54,79,86,66,65,79,92,30,42,55,82,43,66,96
3523,59,33,54,31,57,40,96,44,48,35,99,48,64,86
3524,34,69,70,42,76,75,86,32,44,70,72,32,38,78
3525,61,33,61,90,51,42,77,50,38,30,70,46,70,88
3526,5,56,37,10,1,20,84,30,35,32,77,45,66,84
3527,66,97,74,69,98,63,85,43,34,35,83,49,46,75
3528,88,38,46,93,64,35,99,48,43,59,76,30,34,62
3529,55,33,70,64,48,55,74,45,45,55,92,41,46,50
3530,39,99,100,12,60,98,84,31,30,33,74,46,69,85
3531,13,75,78,11,84,88,96,44,49,36,81,41,62,86
3532,96,98,78,67,80,81,90,43,44,61,75,43,43,79
3533,100,51,69,72,51,64,86,44,49,58,87,44,44,97
3534,66,61,64,60,35,44,97,39,50,64,98,32,67,91
3535,24,93,62,14,60,67,99,50,43,42,71,40,70,33
3536,75,42,41,87,42,51,73,30,41,38,91,31,66,81
3537,5,36,36,9,32,13,85,43,33,60,97,49,49,77
3538,93,68,31,82,44,33,81,50,49,37,88,43,43,86
3539,56,60,47,32,44,60,98,43,40,40,72,34,67,97
3540,31,99,83,38,97,62,96,42,45,52,86,34,65,84
3541,42,86,81,50,91,66,78,32,50,32,93,35,38,72
3542,81,62,51,81,66,53,82,46,44,38,97,38,50,47
3543,93,85,64,94,80,72,77,48,31,68,81,44,63,88
3544,38,70,49,61,31,38,94,36,31,34,94,35,54,80
3545,19,90,62,40,99,70,99,49,30,69,89,37,59,71
3546,36,96,93,53,66,77,93,32,50,56,71,46,48,99
3547,9,68,36,26,13,20,87,33,46,46,78,47,66,74
3548,34,64,87,53,81,96,89,42,35,50,98,31,37,13
3549,81,94,88,84,63,69,85,38,50,63,89,39,35,78
3550,60,31,44,74,57,51,84,49,31,48,71,44,62,78
3551,84,93,81,84,85,86,83,47,43,57,96,42,44,95
3552,25,37,62,23,24,13,86,42,32,41,74,46,53,73
3553,3,57,51,10,34,4,99,41,33,66,99,41,69,79
3554,54,83,75,62,85,89,97,33,35,55,90,34,55,62
3555,33,69,90,35,98,97,90,31,45,40,100,43,52,73
3556,92,89,78,74,74,76,98,39,31,32,76,34,51,99
3557,92,97,90,61,63,72,86,34,45,67,95,49,63,92
3558,42,83,64,50,91,97,97,46,36,35,99,38,30,77
3559,90,54,38,85,35,40,96,45,50,42,93,49,61,75
3560,88,32,45,85,53,58,74,47,48,30,92,42,38,92
3561,66,72,65,96,100,99,75,42,49,46,72,31,69,88
3562,29,40,51,13,21,19,87,49,32,34,98,46,38,76
3563,47,91,86,61,67,78,72,33,31,35,96,46,70,81
3564,33,81,66,65,64,72,75,31,49,65,97,43,55,77
3565,62,42,58,75,69,33,72,44,32,66,77,38,66,90
3566,66,94,71,78,95,71,74,46,33,39,80,38,68,94
3567,56,87,80,58,87,64,95,48,49,58,93,45,57,70
3568,86,51,33,68,37,65,72,37,35,33,90,35,47,78
3569,31,46,56,56,36,42,94,42,46,58,95,49,48,72
3570,70,30,46,38,58,68,82,43,40,70,75,32,63,86
3571,68,99,93,47,64,96,85,30,40,36,81,31,40,87
3572,58,56,64,40,69,67,95,36,50,42,98,30,48,80
3573,74,58,39,64,55,61,75,30,38,66,95,46,40,94
3574,46,77,100,64,67,75,73,42,44,46,91,47,51,81
3575,64,58,49,61,32,35,77,41,40,46,78,33,30,71
3576,46,66,72,58,77,79,92,35,49,36,76,30,50,93
3577,23,64,39,4,40,10,100,45,44,41,99,33,69,60
3578,100,40,69,66,33,63,84,36,31,54,95,39,49,49
3579,52,55,61,54,64,40,98,49,44,65,91,49,64,93
3580,55,31,34,41,34,50,92,31,46,36,84,44,45,53
3581,58,83,62,34,74,66,90,48,39,32,70,41,62,92
3582,39,58,54,28,13,29,77,38,39,43,83,50,55,93
3583,36,47,40,30,36,16,75,42,42,58,96,34,43,70
3584,21,69,62,9,15,3,70,44,35,59,82,45,64,78
3585,67,84,95,45,85,62,96,37,47,55,88,39,66,83
3586,35,86,82,66,98,62,89,47,50,69,83,31,50,95
3587,7,52,64,23,19,20,94,49,43,55,72,38,53,80
3588,24,64,65,22,97,67,72,37,40,52,74,49,61,90
3589,55,61,78,33,91,87,95,39,41,65,89,35,66,88
3590,9,60,91,32,62,97,79,31,32,55,87,46,61,73
3591,34,87,90,8,82,64,88,48,43,52,99,38,31,18
3592,43,54,45,37,68,40,88,40,34,36,97,38,60,65
3593,68,65,61,85,48,45,77,34,48,50,70,44,31,100
3594,29,68,38,22,38,28,97,48,33,61,77,30,58,74
3595,63,53,64,76,53,54,80,33,33,32,89,40,65,72
3596,10,65,63,7,84,60,95,47,48,56,97,30,32,100
3597,93,50,46,93,41,37,99,35,47,36,93,33,42,53
3598,87,49,41,94,46,31,71,38,34,46,87,44,42,72
3599,36,45,47,34,42,67,75,34,47,37,71,33,39,91
3600,43,41,58,57,34,34,91,35,39,70,70,33,61,85
3601,32,95,82,43,75,70,80,48,30,43,89,43,55,82
3602,65,72,64,55,62,70,77,35,42,69,91,41,69,74
3603,31,58,64,62,35,31,80,33,31,35,78,35,56,78
3604,62,59,51,92,43,50,94,34,31,54,83,31,47,94
3605,58,37,38,62,60,49,84,35,50,35,84,35,50,66
3606,4,34,43,8,15,1,98,40,50,65,98,47,62,90
3607,25,87,93,16,61,74,72,48,44,45,99,46,44,94
3608,93,88,98,64,70,77,76,31,34,70,93,32,67,19
3609,19,44,32,21,26,33,86,33,34,46,76,30,30,76
3610,3,70,78,1,67,78,88,45,33,50,89,47,63,71
3611,89,61,75,79,67,99,100,45,38,38,87,38,32,79
3612,11,64,40,1,40,8,80,43,37,54,82,43,40,82
3613,32,64,68,27,10,8,88,41,48,70,85,36,32,76
3614,93,92,72,98,62,89,85,35,43,65,74,34,31,92
3615,34,58,34,37,26,10,73,47,41,68,97,45,67,64
3616,61,65,75,45,93,87,77,40,35,40,96,30,60,81
3617,14,69,71,9,65,85,94,41,32,54,99,44,70,86
3618,95,90,55,90,55,35,75,45,46,54,73,30,66,100
3619,90,80,90,65,45,50,100,30,34,44,71,47,50,100
3620,75,95,95,55,35,25,77,46,45,64,92,50,35,44
3621,37,80,79,30,98,95,78,49,35,59,80,45,65,74
3622,38,56,61,39,65,55,73,40,30,61,97,48,41,92
3623,99,55,68,69,54,50,86,40,38,49,79,33,54,67
3624,61,68,77,68,65,64,74,55,36,62,75,40,31,58
3625,50,80,80,55,55,35,77,38,48,64,98,39,66,62
3626,33,61,60,23,66,97,77,38,45,31,91,41,33,80
5330,47,35,70,57,45,69,96,43,50,55,72,39,63,85
5331,44,32,45,54,37,42,79,38,34,64,76,47,54,80
5332,25,60,65,36,99,89,95,46,31,70,90,45,61,79
5333,48,64,65,45,53,67,94,43,37,38,91,49,30,95
5334,29,73,92,30,85,64,97,34,41,55,88,34,59,83
5335,90,79,82,100,86,70,85,33,40,44,100,45,58,78
5336,60,70,41,60,65,46,81,38,35,36,88,33,58,98
5337,62,41,53,68,36,61,83,43,38,52,94,36,53,84
5338,40,63,70,1,17,30,71,47,35,37,93,31,65,79
5339,70,82,80,54,80,89,76,35,31,68,84,41,54,96
5340,78,82,96,84,93,100,72,38,42,62,95,49,33,70
5341,53,61,35,48,56,60,89,31,44,30,80,44,40,98
5342,62,94,88,66,72,73,98,46,44,35,84,35,60,87
5343,99,68,37,65,49,47,71,41,49,67,71,31,51,78
5344,74,100,77,81,78,77,86,44,31,51,91,33,32,70
5345,74,62,68,64,67,74,83,40,30,30,92,35,53,94
5346,39,88,67,10,87,85,95,38,42,47,84,36,35,80
5347,58,84,87,70,88,68,87,42,32,61,72,48,37,70
5348,40,33,45,12,17,38,79,33,49,36,81,48,70,80
5349,75,98,68,96,62,65,80,32,30,65,98,35,66,74
5350,66,72,73,63,84,62,88,44,45,66,84,49,60,94
5351,61,65,65,68,87,88,76,35,42,50,100,39,70,78
5352,1,95,78,18,92,95,70,34,35,35,97,48,43,91
5353,100,77,84,87,100,67,75,37,32,51,90,48,49,70
5354,53,69,80,53,80,71,95,49,46,49,86,43,40,79
5355,45,36,69,60,40,68,83,49,50,61,93,48,34,82
5356,41,32,45,68,52,41,94,42,47,44,72,38,33,82
5357,48,69,63,44,95,65,72,38,32,52,94,42,41,88
5358,60,56,30,70,39,51,75,41,33,60,94,47,69,83
5359,70,62,61,65,100,70,83,44,46,48,90,31,59,98
5360,44,69,80,60,96,67,99,30,44,38,78,40,53,77
5361,85,70,38,69,49,37,98,41,42,54,96,37,63,86
5362,49,57,69,43,60,33,96,48,38,47,72,49,60,81
5363,100,33,54,74,34,45,71,39,38,40,88,31,66,82
5364,11,61,68,32,4,5,73,30,38,64,92,48,43,95
5365,42,63,50,36,59,69,75,31,40,50,86,40,68,97
5366,99,59,44,84,32,32,94,33,39,57,94,43,56,90
5367,8,52,30,1,6,12,85,40,41,59,95,40,57,77
5368,60,73,87,89,75,75,71,39,39,54,84,37,37,100
5369,57,53,32,60,30,47,89,49,48,66,90,36,33,96
5370,44,53,67,33,36,45,72,35,39,32,100,47,55,83
5371,62,77,85,63,96,76,89,32,50,41,84,46,34,91
5372,93,94,83,67,83,81,96,43,44,60,81,43,61,88
5373,86,86,99,60,70,88,84,36,47,55,83,40,43,84
5374,16,66,85,3,64,65,93,37,39,54,91,39,70,81
5375,70,57,58,70,48,46,98,40,40,30,81,50,63,85
5376,86,54,31,61,61,49,99,32,33,35,92,47,66,71
5377,39,33,32,19,15,12,81,35,39,31,88,50,31,77
5378,12,63,62,4,84,75,78,36,30,59,83,38,60,72
5379,6,37,61,40,32,7,99,31,36,45,92,35,67,75
5380,69,45,69,40,39,52,86,34,35,47,85,32,30,96
5381,15,43,67,2,13,35,88,47,43,41,91,36,33,80
5382,53,76,89,66,91,96,87,46,46,42,76,39,50,92
5383,36,55,58,68,37,56,89,30,31,70,85,35,62,76
5384,49,70,48,42,51,46,72,46,43,63,81,36,32,100
5385,39,73,95,50,90,95,90,46,42,69,76,36,50,89
5386,19,42,46,7,19,5,82,48,38,68,82,32,50,86
5387,70,34,62,41,62,58,87,36,49,58,75,37,35,96
5388,62,62,91,74,89,62,92,37,49,60,87,48,37,86
5389,21,92,78,30,92,77,97,32,44,53,80,50,57,81
5390,31,80,73,17,89,82,84,41,32,70,93,48,62,85
5391,53,67,78,60,82,96,77,45,49,31,93,49,34,100
5392,66,90,90,57,92,73,76,35,39,32,73,47,55,85
5393,70,77,98,57,71,83,83,32,48,63,78,46,39,92
5394,51,64,69,61,64,33,93,31,42,45,88,38,57,81
5395,61,74,65,62,94,91,72,40,34,46,75,34,42,80
5396,32,73,68,36,67,94,71,32,45,44,78,45,54,87
5397,5,86,97,21,75,81,85,47,48,31,97,46,63,81
5398,59,96,69,44,61,96,92,41,43,51,80,41,38,86
5399,26,69,41,17,29,31,94,35,40,33,99,32,54,82
5400,32,83,91,46,75,91,80,37,30,55,100,37,37,76
5401,44,89,84,66,85,74,81,47,46,34,97,30,62,79
5402,21,88,81,9,70,82,88,43,31,49,89,34,31,96
5403,27,51,66,31,33,11,80,41,37,39,92,47,46,100
5404,10,39,66,25,2,10,85,34,38,66,100,50,39,75
5405,39,74,92,34,60,75,71,37,36,41,79,40,48,97
5406,63,91,93,53,89,96,86,40,43,39,84,45,37,94
5407,41,83,85,44,81,83,72,39,32,60,80,43,43,87
5408,41,89,70,55,90,71,98,30,45,58,100,37,46,84
5409,99,90,80,74,92,75,87,32,37,43,82,46,60,100
5410,67,99,71,80,80,100,91,46,37,38,87,34,65,70
5411,37,35,50,33,16,27,79,39,39,55,75,50,35,95
5412,37,74,83,39,94,71,78,38,41,31,70,34,62,76
5413,99,75,87,65,86,76,73,40,32,62,82,44,58,84
5414,55,59,38,64,57,65,89,44,35,50,91,41,45,94
5415,56,36,42,67,45,67,100,37,33,37,82,32,53,96
5416,87,67,83,81,65,72,93,47,33,63,100,30,66,86
5417,60,85,78,98,76,72,94,33,36,44,89,45,47,70
5418,63,89,83,68,95,98,90,40,43,38,77,46,43,93
5419,48,76,61,42,71,75,89,30,42,47,93,31,39,77
5420,63,71,75,63,60,84,78,45,34,61,75,46,33,88
5421,44,38,53,48,45,66,87,43,44,70,70,33,43,96
5422,28,65,79,15,82,97,85,44,37,60,90,33,30,99
5423,62,60,67,60,65,45,87,35,33,55,88,35,42,98
5424,2,66,92,37,92,70,74,44,35,52,72,47,36,73
5425,38,42,47,33,21,31,81,46,31,44,72,43,32,87
5426,55,91,82,68,93,90,89,37,44,51,78,46,41,100
5427,53,31,64,63,40,58,85,30,30,60,84,41,54,72
5428,23,64,41,20,21,7,99,42,30,47,86,46,40,84
5429,55,93,60,38,74,60,75,41,40,43,79,38,56,85
5430,76,68,42,67,31,54,81,32,49,70,97,42,36,91
5431,39,42,31,56,64,47,99,33,48,30,96,42,30,89
5432,31,66,45,68,37,32,76,46,39,45,83,42,38,79
5433,26,80,90,27,90,100,75,45,30,55,94,48,51,84
5434,34,90,95,33,87,100,89,44,39,59,70,40,60,94
5435,13,30,68,33,33,24,89,44,37,50,74,35,49,93
5436,83,63,65,69,67,61,77,49,33,55,80,49,47,82
5437,30,77,91,33,85,60,81,35,33,46,89,47,41,78
5438,28,42,59,38,19,26,70,36,38,48,78,30,38,77
5439,20,49,52,6,32,38,99,42,41,52,94,33,60,70
5440,36,51,70,40,68,48,97,50,46,53,79,30,70,75
5441,37,95,77,69,93,67,88,43,44,66,100,35,59,85
5442,80,68,63,61,57,32,77,39,38,64,71,44,53,91
5443,79,38,61,80,36,30,89,43,30,51,81,34,36,84
5444,28,77,89,16,63,92,96,40,38,63,79,40,67,83
5445,36,81,66,53,76,92,95,41,40,60,78,32,33,77
5446,62,79,63,69,77,81,85,49,47,67,85,35,58,89
5447,50,35,51,45,40,43,74,34,39,64,77,40,68,92
5448,31,98,65,3,90,61,95,38,47,59,91,48,67,86
5449,40,66,37,36,59,49,84,46,33,64,89,49,54,73
5450,69,100,92,46,95,99,90,36,45,63,73,47,43,88
5451,54,95,72,63,92,87,75,50,37,66,75,43,46,72
5452,93,40,43,94,43,39,73,38,48,52,71,42,68,74
5453,75,75,79,62,84,63,80,43,40,59,77,36,57,72
5454,95,61,44,100,48,48,92,34,43,63,99,40,54,99
5455,80,48,49,92,57,35,89,32,43,66,100,37,66,75
5456,61,68,39,41,33,63,90,40,31,68,78,30,60,98
5457,37,65,52,70,48,53,78,31,35,50,81,33,56,93
5458,31,99,63,12,67,95,72,49,32,41,86,30,43,79
5459,62,97,88,60,86,64,100,41,50,35,71,35,36,96
5460,94,96,87,63,82,64,95,42,44,64,80,35,63,82
5461,63,65,34,57,44,50,70,43,48,36,93,45,67,87
5462,65,41,42,66,53,48,92,32,42,38,78,48,56,77
5463,31,98,89,56,86,97,70,30,40,56,72,48,40,82
5464,100,67,90,97,77,91,70,43,42,39,79,44,70,90
5465,14,38,54,9,19,19,93,40,30,67,74,38,42,87
5466,4,64,82,4,81,98,71,37,40,50,80,31,61,92
5467,66,78,75,38,64,90,91,35,47,50,97,43,57,94
5468,72,62,72,79,60,89,91,50,33,46,75,36,68,87
5469,49,34,65,63,48,31,87,49,47,69,79,33,50,72
5470,34,90,91,62,81,100,96,39,45,36,74,41,46,90
5471,93,81,94,77,79,71,99,38,41,63,96,45,48,88
5472,89,47,54,75,64,59,89,35,45,62,87,41,70,72
5473,70,62,37,61,53,59,92,40,47,32,99,32,65,90
5474,39,34,67,31,24,31,97,46,47,51,96,35,44,88
5475,35,62,99,30,79,67,96,33,44,37,75,42,68,96
5476,31,67,61,60,37,70,95,41,44,48,91,44,64,72
5477,63,62,90,91,95,93,84,36,31,30,99,33,35,92
5478,40,55,42,60,57,55,80,32,47,68,93,49,49,83
5479,77,76,96,65,87,67,73,39,44,54,73,48,38,89
5480,9,66,37,18,23,2,88,32,43,52,75,50,40,81
5481,51,46,70,54,54,61,95,41,30,53,98,39,33,77
5482,45,62,78,63,96,82,84,46,36,40,87,34,57,87
5483,51,62,64,70,54,41,95,50,40,52,79,45,37,91
5484,26,70,57,18,33,34,87,41,43,49,73,37,40,100
5485,80,66,70,99,82,85,72,38,42,31,79,40,59,83
5486,46,66,55,42,31,64,74,32,33,65,99,32,31,75
5487,35,36,65,37,64,60,95,43,30,69,71,50,40,91
5488,33,99,63,36,80,65,71,36,36,60,92,33,43,74
5489,65,38,40,42,30,51,89,35,33,58,70,42,65,82
5490,31,64,87,64,63,63,76,37,31,65,76,37,42,99
5491,22,61,67,9,86,72,80,32,34,64,92,40,37,72
5492,40,86,81,35,82,92,93,34,32,43,100,35,33,94
5493,17,59,59,12,6,1,75,30,43,49,84,36,50,88
5494,82,61,82,76,99,65,94,48,38,66,75,33,68,79
5495,100,92,78,80,79,100,81,41,37,70,99,50,43,89
5496,51,94,76,42,68,60,97,49,33,40,92,45,42,91
5497,66,56,40,62,33,63,91,31,49,62,98,46,67,86
5498,70,70,62,84,99,78,84,38,32,50,71,39,59,82
5499,84,92,89,96,66,72,86,49,40,42,88,36,57,92
5500,86,63,62,69,48,32,85,49,42,45,98,43,61,80
5501,87,95,89,78,81,87,90,30,35,54,75,41,51,94
5502,40,73,71,30,85,62,83,41,46,60,87,44,43,96
5503,81,42,32,63,47,61,89,49,33,37,81,35,48,87
5504,45,33,70,52,67,62,78,35,32,68,83,47,33,80
5505,53,51,63,58,30,36,92,36,46,65,91,33,57,89
5506,93,52,55,69,32,39,89,47,39,55,84,37,67,77
5507,31,38,55,33,1,8,82,37,46,48,79,46,32,85
5508,70,70,45,52,70,68,86,41,30,44,85,42,44,82
5509,80,74,75,62,71,74,95,47,45,51,92,37,51,71
5510,21,34,40,7,21,25,89,30,45,55,82,31,65,81
5511,83,95,64,94,91,90,97,48,45,41,77,32,36,83
5512,67,34,40,66,50,63,73,43,35,41,91,38,46,98
5513,63,96,80,63,92,94,92,40,36,38,93,36,46,78
5514,34,76,86,19,68,80,82,35,43,64,85,43,48,89
5515,30,32,61,47,62,34,72,34,38,63,82,42,56,82
5516,50,86,93,49,69,89,82,31,33,34,83,38,30,83
5517,38,62,40,9,31,27,94,48,37,69,71,49,70,98
5518,65,53,32,48,63,43,84,30,36,49,89,35,39,83
5519,86,34,36,70,38,61,93,47,46,50,82,31,51,79
5520,13,81,69,1,81,87,74,41,39,39,82,44,66,74
5521,71,37,63,100,42,70,94,40,43,54,79,43,68,79
5522,64,79,78,44,60,75,95,45,41,45,98,41,41,87
5523,81,63,85,99,80,87,92,35,50,56,95,36,31,91
5524,90,62,86,90,96,96,77,44,47,41,84,42,47,85
5525,14,79,74,11,64,71,71,43,30,52,97,41,34,81
5526,33,58,59,42,38,70,71,46,39,56,99,32,58,85
5527,4,70,97,21,89,62,96,35,36,38,90,47,67,94
5528,23,52,70,10,2,14,91,34,50,33,73,35,70,78
5529,28,40,42,5,13,16,74,48,30,51,80,40,39,92
5530,36,47,66,27,19,14,99,48,41,43,89,30,49,81
5531,35,81,98,53,79,80,99,31,41,67,84,30,63,96
5532,40,31,68,39,31,62,93,37,49,36,96,38,69,92
5533,44,32,37,33,39,46,79,36,41,38,96,33,60,84
5534,33,43,43,49,41,62,92,43,37,45,85,47,69,72
5535,72,46,51,82,65,42,71,33,41,47,76,44,49,93
5536,39,62,69,54,74,69,100,44,32,38,79,50,44,85
5537,62,61,56,41,49,32,79,32,40,30,97,42,69,95
5538,71,94,79,71,69,82,73,37,45,43,85,42,45,78
5539,60,75,82,86,84,90,99,36,46,45,77,43,59,89
5540,36,100,65,14,67,95,84,41,50,37,75,48,39,100
5541,60,95,99,80,100,90,88,44,30,45,99,34,42,73
5542,27,68,54,31,7,12,77,47,34,56,76,39,52,97
5543,44,97,79,40,88,93,86,50,38,64,72,44,62,96
5544,6,82,71,38,85,72,75,40,46,66,98,41,32,76
5545,46,78,61,61,80,62,85,30,45,48,86,47,37,89
5546,37,40,48,65,53,40,96,39,31,40,84,40,64,90
5547,17,65,61,12,23,2,79,33,32,59,84,47,70,78
5548,62,69,69,81,63,63,93,50,50,39,77,48,65,76
5549,26,92,88,15,84,100,86,36,34,35,77,44,51,94
5550,67,99,78,72,90,76,70,46,49,62,94,50,53,82
5551,26,47,68,38,15,31,73,30,44,69,96,47,64,71
5552,12,68,99,24,96,84,75,43,36,31,72,31,64,99
5553,47,75,93,49,79,99,95,31,39,59,85,42,51,91
5554,85,57,69,98,43,68,99,39,48,56,76,45,36,97
5555,21,84,76,27,95,99,79,45,41,62,85,48,47,81
5556,39,33,60,3,2,7,76,31,46,67,71,32,68,85
5557,52,32,59,33,51,55,74,40,42,48,87,31,44,87
5558,8,63,76,36,67,84,80,36,41,59,75,47,35,85
5559,13,65,79,20,62,68,71,43,39,55,85,47,57,74
5560,16,84,92,11,85,74,92,33,33,34,96,31,62,87
5561,23,99,73,32,76,63,79,34,32,60,83,30,38,97
5562,69,86,62,30,67,87,91,33,40,49,77,33,35,90
5563,63,52,60,37,50,32,72,46,47,38,94,40,51,83
5564,39,72,93,30,84,76,72,45,41,39,92,38,30,93
5565,1,69,64,38,32,14,86,46,42,58,85,36,45,99
5566,83,70,67,99,91,72,79,44,42,52,79,30,56,100
5567,66,94,66,67,91,74,71,34,33,55,77,36,42,82
5568,75,51,70,77,51,63,76,33,31,34,90,50,66,78
5569,55,69,77,37,60,75,93,41,33,58,95,47,34,90
5570,68,88,92,42,86,94,82,31,33,69,95,42,37,73
5571,88,79,99,70,74,90,74,44,45,51,70,35,42,83
5572,37,65,63,68,97,74,76,36,38,53,79,48,49,81
5573,35,100,83,15,61,87,77,41,45,36,98,36,40,82
5574,52,78,97,62,79,78,91,34,50,60,89,39,63,81
5575,78,62,100,95,82,73,96,42,38,43,84,30,65,86
5576,28,53,58,15,24,22,78,49,46,36,70,31,54,88
5577,40,61,44,47,32,47,71,38,30,48,84,31,66,86
5578,65,62,46,85,37,45,100,42,39,34,79,44,40,71
5579,28,67,61,39,12,9,81,32,31,49,89,30,43,70
5580,18,43,64,4,7,16,80,44,31,49,98,37,57,86
5581,35,61,84,48,71,78,71,45,33,60,82,43,69,70
5582,47,99,100,47,79,82,72,46,46,56,94,48,56,95
5583,9,72,67,15,92,75,89,35,33,46,82,42,37,76
5584,90,74,84,77,69,91,80,45,46,44,86,48,57,83
5585,85,34,45,90,52,69,80,42,33,66,77,42,67,82
5586,83,66,70,89,44,58,100,43,48,41,72,31,36,81
5587,10,78,100,28,89,78,83,39,48,36,76,33,65,80
5588,34,48,42,47,55,63,74,45,44,63,100,47,46,72
5589,64,100,67,34,77,85,95,48,40,38,86,38,34,90
5590,22,59,46,29,20,30,89,50,34,70,98,44,41,86
5591,21,66,65,33,16,37,93,31,41,39,73,39,47,92
5592,64,87,92,86,61,90,98,32,48,52,98,42,45,87
5593,26,31,58,22,39,5,70,36,50,52,74,44,32,86
5594,82,41,64,71,41,34,76,33,43,37,79,46,60,87
5595,39,65,61,59,34,60,97,40,37,51,82,48,56,89
5596,47,98,85,62,75,90,83,33,49,56,80,49,59,95
5597,60,93,76,48,79,94,100,36,50,43,80,36,32,80
5598,36,54,69,13,13,15,99,44,46,55,89,38,47,85
5599,35,89,62,14,83,74,96,31,35,55,75,44,40,70
5600,59,96,94,64,66,76,75,37,45,48,98,44,56,76
5601,64,68,41,55,38,40,72,42,36,50,90,49,61,73
5602,65,69,60,61,40,54,96,44,36,58,71,38,30,92
5603,37,66,64,31,62,87,80,50,32,47,76,32,67,99
5604,94,64,97,64,92,73,90,30,37,41,82,44,44,74
5605,48,65,75,37,78,80,82,46,47,36,87,50,37,94
5606,80,62,67,74,95,99,80,33,36,44,97,39,45,100
5607,61,73,77,90,62,72,88,33,40,45,82,33,44,92
5608,9,46,56,4,11,13,98,33,35,35,88,35,60,92
5609,59,81,98,52,64,70,80,39,31,66,82,36,65,79
5610,69,35,33,75,48,66,88,37,37,60,99,37,62,77
5611,9,69,83,26,92,82,92,35,50,61,70,46,33,97
5612,39,62,57,64,58,53,89,35,36,41,72,37,32,83
5613,82,38,42,90,65,47,87,39,38,62,84,42,37,78
5614,66,67,79,61,75,77,96,35,35,68,97,40,61,74
5615,12,40,31,1,39,32,99,46,41,34,88,40,66,99
5616,31,59,56,62,65,66,77,36,36,46,74,44,60,99
5617,36,79,99,53,72,72,70,44,36,66,88,38,56,85
5618,45,56,31,38,30,45,94,44,36,52,80,37,55,82
5619,2,73,98,32,64,96,100,37,46,52,93,38,31,92
5620,14,45,68,16,6,34,77,30,48,36,100,31,54,72
5621,3,95,98,7,84,94,70,49,46,63,79,43,41,86
5622,47,82,73,54,100,75,88,41,43,62,78,47,34,77
5623,61,73,97,43,91,74,88,43,48,67,100,50,54,98
5624,71,52,62,66,55,63,79,36,32,40,85,50,51,75
5625,33,48,58,30,8,27,76,42,41,35,75,42,44,94
5626,20,63,69,12,12,2,82,30,30,52,81,37,68,75
5627,70,91,95,78,76,86,89,50,44,30,93,41,40,70
5628,23,69,97,3,66,71,81,41,43,65,79,50,44,100
5629,5,76,62,20,66,99,95,36,49,33,97,49,40,89
5630,93,72,93,69,86,61,79,39,41,66,97,41,65,94
5631,4,63,62,12,90,72,99,39,45,59,85,48,61,96
5632,55,96,79,44,94,84,97,37,44,55,81,43,60,72
5633,44,80,86,44,87,96,74,46,42,40,89,36,37,94
5634,61,83,96,90,74,93,90,42,48,62,77,43,65,89
5635,10,52,31,20,38,20,95,47,30,36,78,42,69,85
5636,79,62,76,93,100,66,95,47,36,55,87,47,36,76
5637,25,67,90,15,75,86,77,42,50,30,94,38,38,73
5638,12,100,76,39,85,60,96,39,32,50,74,31,56,88
5639,54,82,62,43,75,96,78,34,40,43,93,33,31,93
5640,73,81,70,73,72,79,78,40,36,63,86,42,60,83
5641,31,83,85,8,67,79,85,34,38,57,90,50,53,93
5642,58,86,97,47,67,82,92,31,39,42,99,50,46,73
5643,50,60,100,44,84,95,79,33,41,46,98,41,62,74
5644,27,70,34,10,4,22,90,38,36,70,91,41,37,82
5645,42,73,64,68,72,82,77,38,39,30,95,48,38,74
5646,22,55,30,27,28,28,91,41,42,62,84,35,48,84
5647,15,90,92,8,89,87,76,34,30,69,73,36,37,80
5648,69,97,84,76,100,83,82,35,48,30,91,33,32,85
5649,7,64,61,32,27,4,75,41,37,42,92,34,63,77
5650,74,68,49,92,40,31,71,34,45,67,94,38,69,89
5651,16,75,88,7,100,90,80,40,47,35,83,40,35,80
5652,30,63,43,18,20,19,96,45,38,63,79,43,35,97
5653,9,90,92,30,65,88,74,35,41,69,85,40,51,98
5654,70,34,51,67,45,63,97,34,46,61,93,41,33,87
5655,28,64,57,14,26,12,79,43,30,30,91,37,45,81
5656,45,61,69,62,79,95,82,30,36,70,79,46,32,76
5657,22,95,79,27,86,98,84,32,33,46,74,41,67,81
5658,23,62,44,34,21,13,87,42,50,31,82,36,57,82
5659,84,89,89,61,94,62,72,37,47,31,86,50,45,77
5660,32,94,91,53,96,94,76,32,39,65,100,47,69,85
5661,65,64,96,57,99,62,95,30,34,64,90,30,47,97
5662,63,99,75,54,84,87,77,46,43,61,71,40,45,97
5663,78,46,32,63,47,65,95,42,37,65,80,30,30,74
5664,10,100,87,31,99,66,98,45,31,61,94,36,68,86
5665,67,31,70,73,58,46,70,40,50,57,84,41,36,98
5666,9,95,71,18,97,85,94,40,31,53,75,49,59,90
5667,10,36,33,11,19,39,91,42,30,48,93,35,53,98
5668,81,72,72,75,67,87,82,37,35,40,89,39,52,95
5669,69,72,63,54,87,71,74,44,49,32,71,35,69,79
5670,67,61,50,71,70,54,99,41,50,47,81,37,47,98
5671,30,39,68,24,38,23,98,40,38,54,87,31,32,78
5672,40,67,44,63,48,56,86,45,45,50,88,37,65,92
5673,94,82,89,79,75,98,87,37,40,55,76,39,51,93
5674,55,56,43,47,48,56,88,40,32,49,93,41,37,94
5675,58,75,61,32,85,69,100,49,43,39,95,31,58,92
5676,53,43,70,38,63,53,96,40,39,49,74,43,56,94
5677,38,48,59,36,62,66,70,31,42,55,88,44,47,94
5678,36,58,58,36,33,64,75,30,40,60,70,36,46,73
5679,73,80,94,98,65,96,76,41,42,68,89,44,42,92
5680,63,90,80,64,73,81,96,33,35,57,89,37,37,93
5681,69,87,69,46,97,96,75,50,33,57,96,31,55,84
5682,63,83,60,34,73,83,97,42,43,64,100,36,67,85
5683,20,91,69,38,76,93,89,46,46,69,90,35,42,99
5684,7,45,51,23,28,21,90,49,34,58,71,47,33,88
5685,24,35,52,1,4,20,76,50,50,56,88,43,50,93
5686,81,82,99,77,88,77,76,32,46,62,87,43,68,98
5687,40,98,68,18,90,99,84,36,44,45,89,35,30,86
5688,78,88,79,92,74,78,86,40,39,45,96,35,60,86
5689,46,31,50,45,41,70,91,41,43,34,93,47,51,82
5690,14,30,56,26,12,34,77,30,43,60,71,39,41,85
5691,87,30,43,96,51,59,79,48,49,34,99,35,69,73
5692,16,56,32,32,15,29,79,30,44,39,71,37,50,86
5693,94,74,67,93,86,61,95,37,30,46,74,31,62,80
5694,70,62,68,97,79,94,78,43,50,38,74,50,58,93
5695,34,58,46,63,30,63,77,30,33,35,74,47,68,87
5696,52,67,63,64,50,57,80,38,34,52,87,39,69,98
5697,65,79,77,66,68,99,98,43,41,39,78,42,56,90
5698,69,77,75,94,76,83,70,46,31,44,94,35,34,74
5699,96,57,63,96,44,67,84,37,45,40,86,31,48,71
5700,31,63,67,59,95,93,84,50,40,49,85,38,70,92
5701,11,95,61,2,66,93,87,46,42,50,96,32,67,91
5702,44,99,62,44,67,77,70,50,44,54,100,44,51,98
5703,31,72,89,49,69,65,94,40,31,55,71,47,55,93
5704,86,32,66,86,61,63,70,39,42,61,83,47,44,80
5705,95,51,30,76,45,41,78,48,43,55,83,42,60,91
5706,71,56,58,67,45,83,78,43,41,58,89,42,50,74
5707,67,49,50,63,47,56,85,36,46,57,90,42,64,80
5708,48,51,50,63,38,79,75,43,41,40,76,37,50,93
5709,42,48,81,72,51,57,78,42,46,56,87,37,51,84
5710,73,72,74,63,41,49,75,43,42,51,93,41,54,77
5711,33,81,37,46,58,43,85,43,44,43,89,41,46,88
5712,58,72,64,49,48,39,85,44,45,57,92,35,43,91
5713,48,59,80,57,39,49,78,36,45,36,89,38,58,91
5714,58,75,53,71,58,58,75,43,43,45,79,37,47,92
5715,45,86,52,44,59,68,85,46,44,42,84,37,59,79
5716,65,53,82,48,75,52,80,37,35,45,93,44,57,92
5717,75,75,79,62,84,63,80,43,40,59,77,36,57,72
