PlayerID,40yd,Bench,VertJ,BroadJ,3Cone,Shuttle,Wonderlic
1809,4.48,20,30.5,122,6.94,4.41,22
1810,4.78,27,39.5,118,7.19,4.36,23
1811,4.31,14,39.5,125,6.85,4.35,19
1812,4.92,26,31,112,7.28,4.41,5
1813,4.89,21,30,105,6.9,4.36,31
1814,4.53,20,39.5,127,7,4.17,26
1815,4.98,17,30,111,6.98,4.19,36
1816,4.81,26,31,105,7.32,4.35,31
1817,4.71,28,34,119,7.3,4.35,8
1818,4.84,23,31,112,7.38,4.44,22
1819,4.81,18,30,114,7.14,4.4,34
1820,5.42,26,24,105,7.97,4.77,12
1821,5.32,34,28,108,7.35,4.53,18
1822,4.46,18,31.5,120,6.7,4.16,17
1823,4.68,22,36,118,6.88,4.34,14
1824,4.57,18,39.5,126,7.26,4.46,13
1825,4.56,24,41.5,126,7.1,4.46,20
1826,4.43,19,31.5,125,7.18,4.48,23
1827,4.3,12,39.5,120,7.15,4.04,24
1828,5.43,22,28,97,7.59,4.6,30
1829,4.35,24,40.5,120,6.9,4.46,4
1830,4.92,27,36,112,7.05,4.27,24
1831,4.6,20,30,123,7.01,4.5,7
1832,4.98,19,33,113,7.17,4.42,50
1833,4.67,16,40,123,7.1,4.23,4
1834,5.41,27,24,97,7.55,4.84,28
1835,5.29,31,30,103,7.72,4.8,22
1836,5.3,30,30,101,7.62,4.76,21
1837,5.27,23,32,98,7.68,4.73,31
1838,4.93,21,29,120,6.87,4.22,21
1839,4.86,27,33,118,7.17,4.66,24
1840,5.35,27,27.5,105,7.87,4.73,30
1841,5.31,30,33.5,99,7.83,4.59,25
1842,5.36,31,26,96,7.79,4.69,19
1843,4.7,23,32,112,7.26,4.5,30
1844,5.04,21,29,115,6.98,4.34,24
1845,5.34,26,31,96,7.69,4.71,37
1846,5.46,25,27,96,7.7,4.82,11
1847,4.85,22,35,115,7.15,4.71,18
1848,4.57,28,29.5,117,7,4.18,15
1849,4.36,12,34.5,122,6.73,4.4,16
1850,4.52,21,41.5,121,6.88,4.43,6
1851,5.06,24,28,110,7.39,4.47,21
1852,4.46,11,32.5,122,6.81,4.03,9
1853,4.37,18,40.5,120,6.98,4.48,21
1854,4.61,17,39.5,120,6.83,4.39,16
1855,4.41,12,33.5,126,7.04,4.19,22
1856,5.35,32,28,100,7.59,4.43,20
1857,5.06,23,34,113,7.05,4.27,9
1858,4.55,28,39.5,117,7.25,4.55,16
1859,4.4,15,37.5,126,6.96,4.25,6
1860,5.35,34,29,102,7.62,4.43,17
1861,4.32,15,32.5,117,6.66,4.1,21
1862,4.49,18,31.5,123,7.13,4.13,15
1863,4.63,27,31,120,6.87,4.35,34
1864,4.56,23,35,119,7.1,4.42,28
1865,5.24,22,33,103,7.95,4.56,32
1866,5.35,24,28,97,7.95,4.7,23
1867,5.41,22,24,95,7.83,4.51,30
1868,4.64,27,30.5,111,7.26,4.15,7
1869,4.98,21,27,114,7.02,4.33,33
1870,4.54,12,39,126,6.69,4.38,20
1871,5.38,25,25,101,7.95,4.46,13
1872,5.21,30,23,96,7.64,4.82,32
1873,5.37,25,24,100,7.77,4.83,27
1874,5.29,24,32,98,7.61,4.79,39
1875,5.07,25,33,119,7.41,4.54,32
1876,4.7,29,35.5,116,6.97,4.41,18
1878,4.73,21,31,123,7.05,4.18,11
1879,4.67,23,34,118,6.82,4.52,9
1880,4.57,18,33,125,6.87,4.4,22
1881,4.95,22,31,113,7.02,4.15,25
1882,4.71,17,27.5,108,7.2,4.34,30
1883,5.01,22,30,114,7.12,4.41,30
1884,5.25,28,31,103,7.7,4.87,16
1885,4.57,17,39.5,126,7.19,4.01,15
1886,5.27,30,29,96,7.49,4.61,9
1887,4.91,19,36,117,7.21,4.47,39
1888,4.99,22,34,110,7.32,4.42,39
1889,4.56,21,36,126,6.78,4.35,4
1890,4.51,23,31.5,117,6.89,4.36,32
1891,4.88,16,31,108,7.31,4.29,4
1892,4.35,11,35,118,6.68,4.39,5
1894,4.75,13,40,123,7.24,4.49,15
1895,4.87,19,34.5,113,7.07,4.08,29
1896,4.7,25,37,117,7.19,4.06,16
1897,4.48,17,35,121,7,4.17,7
1898,4.54,13,33,116,6.8,4.5,11
1899,4.61,17,39,122,7.09,4.47,27
1900,4.64,16,38,123,6.78,4.19,20
1901,4.57,15,31,120,7.08,4.11,13
1902,5.31,27,31,102,7.4,4.67,16
1903,5.5,23,27,105,7.97,4.4,29
1904,4.67,27,34,120,6.86,4.54,21
1906,4.79,19,37,115,7.26,4.15,30
1907,4.76,13,36,117,6.92,4.34,9
1908,4.75,13,34,119,7.25,4.11,4
1909,4.48,15,34,119,7.09,4.04,4
1910,4.46,23,34,120,6.77,4.53,4
1911,4.46,17,35.5,122,7.26,4.13,11
1912,4.43,18,37,127,6.77,4.28,9
1913,4.53,12,37.5,124,6.79,4.34,13
1914,4.55,8,38.5,115,6.68,4.03,15
1915,5.39,25,26,102,7.76,4.81,32
1916,5.39,29,25,100,7.96,4.53,34
1917,5.38,28,24,105,7.92,4.52,18
1918,4.78,24,38.5,111,7.24,4.37,6
1919,4.95,21,28,111,7.26,4.5,13
1920,4.91,18,30,109,7.02,4.16,13
1921,4.35,10,40.5,118,7.1,4.22,13
1922,5.41,24,28,105,7.63,4.58,13
1923,4.77,27,31,106,7,4.42,25
1924,4.97,20,37,109,7.07,4.11,45
1925,4.5,15,31,122,7.06,4.18,20
1926,5.41,27,33,96,7.72,4.54,13
1927,4.9,23,37,114,7.14,4.52,21
1928,4.31,13,37.5,120,6.76,4.37,19
1929,5.23,25,33,98,7.66,4.53,15
1930,5.28,25,28,98,7.62,4.66,14
1931,5.26,25,31,101,7.52,4.4,30
1932,5.28,31,25.5,95,7.85,4.8,22
1933,5.39,29,28,103,7.96,4.83,13
1934,5.41,22,29,98,7.55,4.77,13
1936,5.05,27,36,115,7.24,4.69,25
1937,4.83,21,31,110,7.05,4.45,24
1938,4.63,13,34,120,6.97,4.4,15
1939,4.78,13,36,124,7.23,4.44,30
1940,5.12,34,29,103,7.56,4.46,14
1941,4.41,12,41.5,119,6.69,4.28,23
1942,4.61,13,39,123,7.21,4.2,29
1943,4.69,15,38,117,6.84,4.27,22
1944,5.01,21,33,111,7.17,4.5,26
1945,4.99,19,31,106,7.12,4.32,36
1946,4.45,18,39,119,7.14,4.23,18
1947,4.59,16,36.5,115,6.98,4.28,7
1948,4.96,19,31,111,7.05,4.47,15
1949,5.4,22,33,101,7.5,4.67,37
1950,5.43,28,27,103,7.91,4.64,14
1951,5.29,28,32,103,7.54,4.64,29
1952,5.41,26,23,103,7.58,4.88,15
1953,4.87,21,31,118,7.22,4.62,21
1954,5.08,27,35,115,7.22,4.37,5
1955,4.69,27,31,114,6.89,4.43,16
1956,4.7,12,35,121,7.03,4.37,20
1957,4.55,12,37.5,123,6.88,4.04,14
1958,4.67,16,41.5,124,7.24,4.07,19
1959,4.67,15,37,119,6.99,4.49,4
1960,4.61,18,31,121,6.81,4.33,6
1961,4.72,17,33,120,6.81,4.14,10
1962,4.49,16,38,115,7,4.18,6
1963,4.81,22,34,110,7.33,4.31,4
1964,5.02,23,28,110,7.37,4.54,41
1965,4.58,13,40,113,7.05,4.21,5
1966,4.62,15,40,117,6.78,4.12,22
1967,4.47,9,33,125,7.06,4.04,18
1968,4.82,15,35,113,7.39,4.58,25
1969,5.12,22,30.5,104,7.53,4.7,25
1970,5.51,23,31,99,7.98,4.67,20
1971,4.99,23,34,117,7.09,4.6,7
1972,4.8,31,29,114,7.22,4.63,8
1973,4.85,21,35,120,7.4,4.43,23
1974,4.93,19,29.5,112,6.97,4.29,17
1975,4.32,11,36.5,124,7.03,4.17,10
1976,4.49,17,35,127,7.02,4.38,4
1977,4.87,21,31,111,7.23,4.61,24
1978,5.13,34,31,103,7.37,4.42,4
1979,5.28,26,33,104,7.6,4.73,12
1980,4.63,25,30.5,120,7.27,4.4,6
1981,4.91,28,36,117,6.98,4.49,4
1982,4.72,18,34,126,7.02,4.24,6
1983,4.63,12,35,120,6.75,4.1,12
1984,4.5,12,32,120,7.09,4.26,4
1985,4.62,14,34,127,6.91,4.07,21
1986,4.82,23,32,112,6.94,4.55,22
1987,5.04,22,27,111,7.04,4.31,33
1988,4.56,12,39,122,7.14,4.07,4
1989,4.78,22,32,107,6.99,4.41,37
1991,5.5,26,32,100,7.84,4.56,29
1992,4.62,8,41,117,6.89,3.99,7
1993,4.95,21,29,112,7.06,4.37,40
1994,5.06,18,34,108,7.19,4.24,33
1995,4.77,22,30,115,7.13,4.51,10
1996,4.57,18,35.5,121,7.05,4.09,12
1997,4.75,19,34,123,6.87,4.42,9
1998,4.4,14,31,123,7.13,4.5,38
1999,4.55,20,34,129,6.75,4.4,8
2000,4.78,24,31,115,7.28,4.57,16
2002,5.2,19,29.5,101,7.71,4.57,20
2003,5.51,23,23,97,7.84,4.42,21
2004,5.36,25,32,100,7.94,4.86,22
2005,5.47,22,24,95,7.49,4.57,9
2007,5.22,27,33,97,7.84,4.73,15
2008,5.39,30,31,96,7.88,4.59,18
2009,5.39,30,23,95,7.95,4.52,29
2010,5.39,32,23,103,7.66,4.68,20
2011,5.33,28,26,97,7.63,4.41,29
2012,5.3,31,28,105,7.9,4.67,24
2013,5.51,28,30,102,7.74,4.51,23
2014,5,26,35,111,7.35,4.45,27
2015,5.03,25,36,117,7.45,4.5,15
2016,4.82,23,33,117,7.03,4.22,10
2017,4.58,17,29.5,117,7.22,4.46,7
2018,4.97,18,38,112,7.16,4.2,14
2019,4.96,20,33,112,7.1,4.29,30
2020,4.48,17,33.5,119,6.92,4.33,4
2021,4.6,17,31.5,125,7.1,4.35,4
2022,4.6,14,36,122,6.86,4.21,8
2023,4.63,14,34,121,6.9,4.04,15
2024,4.5,18,40.5,123,6.79,4.22,11
2025,4.63,16,33,122,6.92,4.37,12
2026,4.73,20,33,109,7.34,4.19,8
2027,4.98,22,31,108,7,4.24,19
2028,5.22,31,30,97,7.67,4.89,21
2029,4.45,14,35.5,118,6.8,4.41,34
2030,4.96,28,33,114,7.27,4.27,14
2031,4.58,12,38,119,7.1,4.46,13
2032,4.88,24,34,115,7.2,4.3,15
2033,4.53,9,36.5,123,6.91,4.1,13
2034,4.62,16,39,113,6.75,4.35,21
2035,5.21,26,25,105,7.59,4.33,8
2036,4.92,22,36,110,7.1,4.2,31
2038,4.74,19,34,124,6.81,4.06,4
2039,4.8,22,30,123,6.92,4.06,4
2040,4.41,22,36.5,119,6.8,4.48,18
2041,5.32,26,29.5,97,7.58,4.47,17
2042,5.45,32,29,99,7.52,4.88,30
2043,5.52,24,29,103,7.7,4.82,36
2044,5.41,28,27,95,7.73,4.41,14
2045,5.49,25,32,104,7.78,4.7,18
2046,5.3,24,33,98,7.57,4.75,13
2047,5.45,24,32,97,7.84,4.47,29
2048,5.46,26,31,99,7.77,4.55,23
2049,5.23,27,30,102,7.81,4.56,10
2050,5.3,26,28,100,7.8,4.4,34
2051,5.24,30,32,95,7.73,4.57,20
2052,5.4,31,28,102,7.98,4.79,24
2053,4.86,27,34,116,7.07,4.25,28
2054,4.83,22,36,115,7.06,4.46,17
2055,4.64,19,38,123,6.85,4.03,13
2056,4.55,12,37,120,7.1,4.41,25
2057,4.36,16,34.5,127,6.82,4.04,10
2058,4.7,17,36,120,6.77,4.05,11
2059,5.29,28,30,98,7.58,4.75,14
2060,5.4,32,32,98,7.67,4.6,29
2061,4.56,15,34.5,122,7.05,4.29,29
2062,4.72,18,35,110,6.89,4.08,18
2063,4.67,17,39,119,7.2,4.45,12
2064,4.46,9,39,118,6.92,4.35,5
2065,4.38,16,36.5,121,6.82,4.11,4
2066,4.78,16,34,114,6.94,4.57,23
2067,4.42,7,36,120,7.12,4,5
2068,4.95,20,34,113,7.21,4.51,20
2069,4.61,15,37,117,6.91,4.39,20
2070,4.62,17,31.5,122,6.99,4.52,20
2071,4.52,9,38,127,6.66,4.37,13
2072,5.06,24,31,113,7.3,4.2,30
2076,5.01,23,34,108,7.28,4.14,24
2077,4.63,17,39,125,7.1,4.48,4
2078,4.88,24,29,112,6.95,4.23,13
2079,4.6,19,37,123,6.98,4.38,18
2080,4.58,18,37,125,6.95,4.35,20
2081,5.45,21,32,100,7.52,4.74,17
2082,5.44,21,28,105,7.56,4.85,18
2083,5.32,31,27,98,7.55,4.64,12
2084,5.45,25,29,102,7.88,4.76,12
2085,5.39,29,24,95,7.79,4.41,6
2086,5.41,22,24,97,7.62,4.83,19
2087,4.81,26,35,112,7.19,4.66,12
2088,4.85,27,29,111,7.11,4.27,28
2089,4.88,23,34,116,7.14,4.37,4
2090,4.76,28,38,114,6.99,4.17,37
2091,4.83,25,37,111,7.09,4.51,14
2092,4.77,19,38.5,119,7.28,4.22,8
2093,4.81,21,36,120,7.03,4.21,22
2094,4.83,21,37.5,109,7,4.5,4
2095,4.58,9,40.5,120,7.09,4.23,5
2096,4.63,14,37,125,6.74,4.33,4
2097,4.69,19,34,126,6.89,4.4,6
2098,4.58,16,41,126,6.88,4.25,16
2099,4.54,13,34,119,7.08,4.13,20
2100,4.6,11,38,126,7.25,4.25,11
2101,4.65,13,34.5,121,7.05,4.2,4
2102,4.88,19,33,115,7.09,4.7,8
2103,5.26,24,28,108,7.45,4.55,11
2104,5.24,33,33,104,7.66,4.71,4
2105,4.85,19,32,108,7.35,4.19,27
2106,4.45,14,40,121,7.14,4.29,26
2107,5.28,23,26,99,7.75,4.6,25
2108,4.59,15,38,119,7.12,4.21,18
2109,4.71,16,32,122,7.07,4.13,16
2110,4.55,19,30,121,6.88,4.23,7
2111,4.55,16,33,121,6.83,4.33,10
2112,4.41,18,39.5,117,6.86,4.3,22
2113,4.61,27,34.5,117,6.99,4.37,8
2114,4.97,16,36,111,7.03,4.2,5
2115,4.81,17,34,109,7.1,4.44,28
2116,4.81,26,28.5,109,7.14,4.34,33
2117,4.68,18,34,119,7.04,4.37,16
2118,4.52,15,33,113,7.05,4.05,4
2119,4.47,17,32.5,120,6.81,4.22,8
2120,4.54,17,38,125,7.23,4.45,4
2121,4.67,19,34,112,7.09,4.03,18
2122,4.49,11,31.5,118,6.77,4.19,13
2123,4.65,15,40,119,7.14,4.31,13
2124,4.61,15,38.5,108,7.38,4.47,17
2125,5.47,29,30,96,7.87,4.43,20
2127,5.48,32,32,98,7.75,4.79,21
2128,5.23,30,33.5,104,7.81,4.86,14
2129,5.26,27,27,97,7.85,4.52,23
2130,5.25,29,25,99,7.72,4.65,15
2131,5.34,27,26.5,105,7.66,4.75,11
2132,5.26,24,29,96,7.76,4.47,40
2133,5.27,21,32,102,7.8,4.71,15
2135,4.82,20,33,118,7.3,4.44,19
2136,5.02,27,28,110,7.46,4.57,20
2137,4.79,22,36.5,111,7.09,4.66,4
2138,5.1,18,37,118,7.2,4.2,19
2139,5,20,37,108,7.17,4.46,7
2140,4.89,23,31,118,7.11,4.65,10
2141,4.89,17,33,118,6.94,4.49,4
2142,4.72,21,34.5,115,7.21,4.38,11
2143,4.36,9,33.5,122,6.72,4.11,9
2144,4.41,9,39.5,121,6.93,4.25,13
2145,4.6,16,33,119,7.05,4.33,21
2146,4.61,11,40,115,6.9,4.1,16
2147,4.47,17,33.5,126,6.92,4.31,8
2148,4.49,12,38,120,6.89,4.33,18
2149,4.53,11,41,121,7.23,4.43,16
2150,4.68,26,28,103,7.33,4.68,8
2151,4.73,19,28,114,7.18,4.25,21
2152,4.74,13,33,119,7.09,4.37,6
2153,4.45,8,39.5,121,6.84,4.08,29
2154,4.68,16,41,126,6.89,4.44,16
2155,5.05,16,32,110,7.22,4.17,25
2156,5.05,25,36,109,7.01,4.22,32
2158,4.67,18,41,123,7.08,3.99,28
2159,5.4,25,31,101,7.6,4.6,14
2160,4.8,18,31,116,7.03,4.36,13
2161,4.73,21,35,115,6.99,4.07,4
2162,4.96,25,35,112,7.3,4.15,13
2163,4.64,14,32,119,7.05,4.15,11
2164,4.7,10,35,121,7.15,4,10
2165,4.75,22,33,110,7.03,4.19,13
2166,5.03,24,27,112,7.13,4.28,41
2168,4.48,21,31,122,7.07,4.33,15
2169,4.73,21,37,121,6.91,4.23,9
2170,4.38,19,32.5,119,7.06,4.06,7
2171,4.63,16,36.5,122,6.88,4.48,22
2172,4.43,19,37.5,121,7.2,4.13,14
2173,4.67,18,32,121,7.03,4.11,19
2174,4.52,9,31,121,6.83,4.29,25
2175,4.71,17,30.5,116,7.04,4.31,28
2176,4.78,17,33,109,7,4.42,20
2177,4.86,18,38,114,7.27,4.23,7
2178,5.49,31,27,95,7.54,4.48,13
2179,5.23,28,23,96,7.55,4.49,29
2180,5.41,28,29,98,7.58,4.59,40
2181,5.26,25,31,100,7.72,4.5,26
2182,5.27,32,33,101,7.78,4.41,21
2183,5.39,23,29,100,7.83,4.47,19
2184,5.42,28,31,105,7.75,4.7,11
2185,5.28,23,33,99,7.83,4.84,25
2186,5.32,23,32,98,7.67,4.61,29
2187,5.32,24,26,99,7.75,4.58,7
2188,5.41,26,27,97,7.52,4.58,8
2189,5.25,30,24,95,7.71,4.69,18
2190,5.35,29,25,95,7.51,4.54,6
2191,5.31,27,26,103,7.59,4.7,19
2192,5.04,27,28,111,7.36,4.49,30
2193,4.85,27,33,110,7.18,4.67,4
2194,4.96,18,32,115,7.05,4.68,9
2195,4.83,19,32,118,7.29,4.6,4
2197,4.98,24,34,112,7.19,4.15,4
2198,4.92,18,36,111,7.25,4.18,22
2199,4.95,19,36,120,7.23,4.41,25
2200,4.8,18,31,111,7.25,4.34,18
2201,4.87,23,39.5,112,6.92,4.2,17
2202,4.42,15,37,126,6.82,4.39,25
2203,4.6,18,39,126,7.11,4.15,10
2204,4.71,12,35,122,7.01,4.05,12
2205,4.72,14,38,125,6.87,4.2,13
2206,4.56,11,38,123,7.23,4.22,15
2207,4.59,13,36.5,117,6.93,4.4,10
2208,4.49,19,36,116,6.98,4.09,5
2209,4.93,17,30,112,7.02,4.58,9
2210,4.8,17,28,104,7.15,4.58,15
2212,5.25,34,24,108,7.57,4.64,16
2214,4.77,22,35,113,6.85,4.34,29
2215,5.51,25,23,100,7.8,4.5,30
2216,4.66,14,35.5,121,7.2,4.26,15
2217,4.62,16,34,126,6.94,4.34,20
2218,4.74,9,35,120,7.03,4.34,30
2219,4.82,15,33,109,7.16,4.56,10
2220,4.82,25,32,113,6.89,4.22,19
2221,4.83,21,34,112,7.25,4.2,39
2222,4.93,22,34,107,7.18,4.39,16
2225,4.6,21,35,118,7.04,4.17,11
2226,4.8,22,38,124,7.12,4.07,17
2227,4.49,20,39,116,7.07,4.45,20
2229,4.77,19,39,120,6.76,4.29,20
2231,4.51,16,31.5,114,7.07,4.04,17
2232,4.92,25,28,114,6.99,4.62,9
2233,4.44,10,37,124,6.76,4.11,22
2234,4.58,16,39,119,7.13,4.06,20
2235,4.49,9,41.5,124,7.13,4.3,16
2236,4.64,14,33.5,115,6.89,4.2,4
2237,4.59,17,37.5,121,6.75,4.08,21
2238,4.7,15,35,121,7.14,4.34,25
2239,4.65,15,36,116,6.78,4,4
2240,4.68,10,40,124,6.78,4,15
2241,5.46,27,25,99,7.48,4.46,13
2242,5.39,21,27,100,7.91,4.66,25
2243,5.28,26,29,95,7.51,4.52,24
2244,5.17,25,24.5,102,7.81,4.39,30
2245,5.22,24,31,98,7.82,4.78,17
2246,5.32,21,33.5,104,7.96,4.59,11
2247,5.52,25,24,97,7.62,4.43,11
2248,5.27,29,33,104,7.72,4.8,18
2249,5.31,28,27,96,7.63,4.56,19
2250,5.34,32,33,98,7.72,4.55,24
2251,5.39,23,29,103,7.9,4.81,25
2252,5.4,23,25,100,7.97,4.72,24
2253,5.32,29,30,95,7.53,4.76,17
2254,5.51,25,30,100,7.63,4.6,9
2255,4.94,23,29,110,7.23,4.51,15
2256,4.85,22,34,119,7.17,4.14,4
2257,4.87,19,39,120,7.19,4.53,4
2258,4.98,25,29,111,7.18,4.36,18
2259,4.8,22,35,112,7.04,4.45,4
2260,4.87,16,30,118,7.16,4.37,8
2261,4.7,16,34,109,7.16,4.3,5
2262,4.65,17,36.5,108,6.83,4.25,24
2263,4.76,24,37,114,7.17,4.51,17
2264,4.97,21,35,115,7.09,4.34,17
2265,4.75,24,33.5,115,7.26,4.45,22
2266,4.85,22,33,109,7.04,4.19,27
2267,4.67,18,38,123,7.12,4.14,16
2268,4.6,18,38,118,7.13,4.3,11
2269,4.63,21,32,116,7.16,4.08,11
2270,4.77,20,38,126,7.05,4.19,20
2271,4.34,12,36.5,123,7.08,4.41,8
2272,4.59,16,40,116,6.95,4.01,7
2273,4.57,12,37.5,116,6.9,4.11,13
2274,4.69,22,35,105,7.18,4.27,18
2275,4.64,19,29,113,7.3,4.71,25
2276,4.66,19,34,104,7.21,4.38,10
2277,4.92,19,26,110,7.06,4.41,21
2278,4.76,19,26,107,7.17,4.45,22
2279,4.51,18,40,120,7.09,4.21,5
2280,5.47,25,23,97,7.51,4.62,16
2281,4.59,18,31.5,125,6.83,4.05,10
2282,4.33,9,31,116,7.14,4.44,5
2283,4.67,24,34,112,7.21,4.2,4
2284,5.04,16,35,105,6.88,4.42,40
2285,4.94,25,27,106,7.23,4.16,22
2286,5.06,25,27,112,7.05,4.27,25
2288,4.92,18,34,114,7.32,4.3,16
2289,5.09,24,35,113,7.25,4.38,30
2290,4.81,20,32,112,6.97,4.38,14
2291,4.5,15,36,123,6.82,4.11,18
2292,4.73,15,37,115,6.75,4.4,4
2293,4.56,17,31,112,6.87,4.28,4
2294,4.51,16,34,114,7.02,4.34,8
2297,4.82,27,37,113,6.88,4.45,5
2298,4.63,11,33,117,6.73,4.15,10
2299,4.52,18,37,128,6.91,4.18,15
2300,4.49,8,39,114,7.08,4.43,6
2301,4.77,22,37.5,109,7.07,4.4,8
2302,4.77,22,32,118,7.34,4.19,11
2303,5.05,16,31,115,6.97,4.37,8
2304,5.35,23,24,102,7.72,4.46,26
2305,5.29,28,27,103,7.87,4.78,7
2306,5.44,31,26,102,7.7,4.76,21
2307,5.34,24,32,101,7.7,4.64,18
2308,5.48,27,32,101,7.73,4.83,32
2309,5.48,27,28,102,7.58,4.71,24
2311,5.31,28,33,102,7.84,4.82,14
2312,5.51,30,24,103,7.9,4.83,22
2313,5.22,29,23,95,7.74,4.55,12
2314,5.23,30,32,100,7.52,4.77,24
2315,5.45,21,33,99,7.56,4.86,11
2316,5.34,30,26,104,7.67,4.68,39
2317,5.51,24,29,102,7.89,4.39,11
2318,5.24,27,25,97,7.97,4.48,24
2319,5.43,28,25,101,7.81,4.79,20
2320,4.9,26,30,112,7.44,4.6,6
2321,5.05,27,36,112,7.28,4.28,19
2322,4.85,27,37,114,7.09,4.56,10
2323,4.85,22,37.5,113,7.19,4.66,7
2324,4.83,29,32,108,7.4,4.58,16
2325,5.06,23,31,116,7.45,4.37,7
2326,4.65,18,34.5,118,7.11,4.4,4
2327,4.75,25,36,115,7.08,4.28,7
2328,4.7,24,36,116,6.91,4.37,4
2329,4.83,18,30.5,112,7.01,4.35,18
2330,4.78,19,30.5,114,6.84,4.47,8
2331,4.74,26,36,111,6.83,4.55,7
2332,4.76,18,36,115,7.17,4.1,14
2333,4.87,26,36,109,7.18,4.08,15
2334,4.6,16,39,127,6.71,4,19
2335,4.59,10,36,119,6.91,4.12,21
2336,4.62,17,33,125,7.07,4.4,12
2337,4.59,11,31,118,7.01,4.08,7
2338,4.64,21,33,117,6.89,4.44,4
2339,4.82,15,36,121,6.97,4.21,19
2340,4.68,18,31,116,6.78,4.16,9
2341,4.59,15,38.5,120,7.18,4.14,22
2342,4.51,18,31,118,7.17,4.07,4
2343,4.73,18,34,125,6.95,4.08,9
2344,4.76,27,25,108,7.23,4.57,6
2345,4.73,18,35,106,7.32,4.72,9
2346,5.3,33,25,102,7.53,4.8,4
2347,5.14,25,28,107,7.5,4.48,9
2348,5.3,29,32,107,7.67,4.64,8
2349,5.23,32,31,99,7.81,4.4,23
2350,5.39,28,34,104,7.54,4.51,9
2351,4.84,18,37,108,7.21,4.38,25
2352,4.96,26,38,109,7.13,4.48,28
2353,4.47,17,33,119,6.89,4.2,23
2354,4.51,14,35,120,7.11,4.19,21
2355,4.88,15,32,110,7.36,4.47,20
2358,4.76,16,31,121,7.1,4.52,17
2359,4.6,13,34,115,7.22,4.05,17
2360,4.68,23,39,124,6.96,4.31,12
2361,4.64,15,40,117,7.09,4.19,4
2362,4.8,13,39,121,6.86,4.52,21
2364,4.72,17,31,125,6.94,4.37,24
2365,4.5,15,32,122,7.15,4.07,20
2366,4.7,16,36,124,6.93,4.4,13
2367,4.5,8,37,124,6.69,4.1,9
2368,4.53,17,35.5,119,6.79,4.01,23
2369,4.74,15,36,118,6.81,4.02,9
2370,4.58,14,32,124,6.77,4.36,15
2371,4.74,16,35,116,7.02,4.52,16
2372,4.73,17,35,111,7.03,4.09,11
2373,4.82,23,35,112,6.97,4.19,5
2374,4.8,22,29,112,7.2,4.15,21
2375,5.23,29,24,97,7.9,4.8,5
2376,5.35,22,28.5,99,7.87,4.4,17
2377,5.38,20,26,99,7.67,4.42,29
2378,5.35,23,33,102,7.85,4.74,12
2379,5.46,25,29,102,7.83,4.44,15
2380,5.38,29,32,101,7.88,4.75,13
2381,5.28,28,24,100,7.75,4.67,14
2382,5.29,22,25,95,7.7,4.73,12
2383,5.42,29,30,104,7.72,4.74,11
2384,4.83,21,34,114,7.09,4.29,14
2385,4.82,25,32,108,7.27,4.36,9
2386,4.93,25,34,120,7.16,4.69,13
2387,4.78,22,32,118,7.05,4.36,11
2389,4.97,25,36,113,6.94,4.36,5
2390,4.91,28,31,117,7.01,4.31,13
2391,4.91,24,32,111,6.97,4.4,6
2392,4.97,19,39,110,7.09,4.34,5
2393,4.93,24,32,112,7.04,4.37,26
2394,4.73,24,38,117,7.1,4.16,21
2395,4.78,22,34,118,7.23,4.28,8
2396,4.7,18,33,123,7.11,4.41,5
2398,4.65,19,41,122,6.93,4.31,4
2399,4.71,13,33,115,6.77,4.25,14
2400,4.69,12,33.5,116,6.86,4.38,25
2401,4.52,16,35,126,6.97,4.36,12
2402,4.59,18,34,121,7.01,4.24,10
2403,4.76,19,39,121,7.14,4.21,13
2404,4.66,13,36,115,6.85,4.24,14
2405,4.67,19,38,115,6.86,4.34,4
2406,4.87,25,26,106,7.28,4.65,19
2407,5.31,34,33,103,7.32,4.82,24
2408,5.3,28,24,105,7.39,4.58,20
2409,5.23,30,26,100,7.75,4.77,4
2410,4.89,16,29,104,7.08,4.34,16
2411,4.75,21,38,113,6.93,4.3,22
2412,4.48,16,40,123,7.11,4.19,21
2413,4.6,10,35,119,6.82,3.99,20
2414,4.74,19,34,123,7.07,4.46,14
2415,4.69,11,33,123,7.01,4.37,16
2416,4.92,22,34,112,7.23,4.41,39
2417,4.94,18,38,113,7.02,4.41,13
2418,4.49,11,35,121,6.67,4.35,15
2419,5.11,17,34,106,7.05,4.37,27
2420,4.83,18,34,103,6.94,4.07,13
2421,4.94,25,34,111,7.32,4.14,39
2422,4.54,15,30,119,7.06,4.5,4
2423,4.81,13,37,114,7.04,4.29,16
2424,4.57,21,39,119,7.11,4.31,6
2425,4.79,22,36,119,7.18,4.11,11
2431,4.56,23,40,120,7.01,4.21,4
2432,4.73,10,38,118,6.8,4.37,7
2433,4.49,15,33,125,6.87,4.01,10
2434,4.56,10,39,121,7.03,4.31,4
2435,4.46,8,39.5,119,7,4.06,17
2436,4.47,19,34,126,7.06,4.26,17
2437,4.59,11,34,117,6.98,4.41,9
2438,4.72,11,36,122,6.96,4.37,19
2439,4.88,15,34,110,7.35,4.37,23
2440,4.85,18,36,115,7.1,4.16,16
2441,5.3,22,33,104,7.95,4.77,23
2442,5.42,28,25,103,7.57,4.69,37
2443,5.24,26,23,105,7.59,4.77,14
2444,5.37,31,32,99,7.93,4.81,13
2445,5.48,24,30,96,7.6,4.63,13
2446,5.35,23,25,98,7.86,4.55,15
2447,5.47,26,32,97,7.85,4.46,13
2448,5.46,28,32,103,7.68,4.55,25
2450,5.5,25,32,100,7.59,4.43,13
2451,5.29,20,28,105,7.92,4.71,11
2452,5.46,30,33,97,7.93,4.71,17
2453,5.33,27,32,97,7.65,4.52,20
2455,5.27,30,23,104,7.67,4.58,10
2456,5.06,29,38,116,7,4.44,4
2457,4.94,24,34,118,7.1,4.41,4
2458,4.83,27,33.5,114,7.25,4.51,14
2460,5.08,23,30,114,7.03,4.28,4
2461,5.06,22,29,114,7.28,4.53,4
2462,4.91,27,29,118,7.1,4.47,22
2463,4.82,26,28,117,7.43,4.31,13
2464,4.91,23,38,114,7.14,4.61,4
2465,4.69,22,32,117,7.1,4.25,13
2466,4.91,17,33,111,7.02,4.22,29
2467,4.69,21,30,111,7.1,4.46,9
2468,4.81,15,39,123,7.18,4.34,19
2469,4.61,11,31,124,6.85,4.43,9
2470,4.62,10,38,119,6.98,4.38,21
2471,4.54,15,32,117,7.1,4.18,12
2472,4.59,13,32,117,6.79,4.17,10
2473,4.64,20,32,122,6.85,4.44,14
2474,4.56,14,41,122,6.81,4.16,9
2475,4.78,19,35,121,7.23,4.04,4
2476,4.81,22,38,116,6.93,4.42,10
2477,4.62,12,36,117,6.7,4.39,17
2478,4.67,14,31,121,7.16,4.39,4
2479,4.77,16,40,118,6.87,4.36,24
2480,4.47,12,35,118,6.91,4.37,4
2481,4.88,22,25,107,7.08,4.62,22
2482,4.68,25,32,114,7.3,4.6,24
2483,4.84,21,31,110,7.38,4.26,20
2485,4.59,22,28.5,112,6.88,4.24,4
2486,5.43,30,25,102,7.52,4.71,13
2487,4.55,16,38,123,6.98,4.21,4
2488,5.09,24,28,113,7.09,4.15,37
2490,4.84,20,33,113,7.04,4.36,24
2495,4.53,15,40,121,6.95,4.27,20
2496,4.45,21,36.5,115,7.03,4.29,4
2497,4.73,23,37,119,7.15,4.45,6
2498,4.72,18,34,112,7,4.46,23
2499,4.71,25,31,110,6.97,4.26,14
2500,4.73,9,38,118,7.05,4.28,22
2501,4.68,11,37,115,7.11,4.47,4
2502,4.46,9,35,116,7.12,4.15,19
2503,4.56,10,35.5,122,6.89,4.13,18
2504,4.48,15,33,118,6.93,4.08,24
2505,4.65,17,33,126,6.83,4.16,9
2506,4.71,14,34,119,7.11,4.46,9
2507,4.66,14,32,116,6.78,4.11,7
2508,4.86,22,31,114,7.18,4.2,17
2509,4.91,16,28,112,7.25,4.1,17
2510,5.02,19,33,113,7.22,4.45,30
2511,4.78,24,38,114,6.98,4.13,20
2512,4.86,17,32,111,7.26,4.58,11
2513,4.81,17,32,118,7.01,4.46,13
2514,5.27,24,32,99,7.53,4.68,13
2515,5.22,31,25,100,7.64,4.42,23
2516,5.51,31,29,99,7.79,4.84,14
2517,5.49,28,29,102,7.98,4.57,21
2518,5.27,26,33,102,7.77,4.63,25
2520,5.44,22,28,96,7.85,4.4,30
2521,5.48,26,27,105,7.96,4.67,25
2522,5.51,22,30,105,7.61,4.52,21
2523,5.42,31,25,105,7.56,4.71,20
2525,5.3,23,30,95,7.89,4.84,6
2526,5.27,24,23,102,7.74,4.45,19
2527,5.48,25,32,99,7.51,4.82,7
2530,5.48,26,23,97,7.62,4.47,26
2531,4.9,19,28,115,7.11,4.49,22
2532,5.03,28,34,110,6.98,4.5,5
2533,5.08,19,35,109,7.33,4.43,13
2534,5.06,21,35,116,7.04,4.55,25
2535,5.02,19,35,115,7.11,4.25,17
2536,4.86,17,35,112,7.3,4.25,4
2537,4.59,25,37.5,110,6.94,4.28,32
2538,4.89,21,32,118,7.12,4.56,22
2539,4.89,17,35,114,7.04,4.39,10
2540,4.93,23,36,118,7.01,4.29,24
2541,4.88,28,37,113,7.35,4.19,16
2542,4.67,23,39,112,6.88,4.31,4
2543,4.89,21,30.5,119,7.22,4.09,12
2544,4.92,27,39,121,7.16,4.32,20
2545,4.82,20,32,119,6.89,4.49,5
2546,4.75,24,31,116,7.07,4.15,25
2547,5,18,39,116,6.83,4.23,10
2548,4.85,17,39,113,7.29,4.24,10
2549,4.69,19,37,116,6.97,4.3,15
2550,4.76,25,37,117,7.02,4.11,4
2551,4.9,25,32,114,7.18,4.22,15
2552,4.68,22,31,109,7.16,4.13,9
2553,4.85,17,32,115,7.23,4.42,11
2554,4.9,25,39,108,7.32,4.1,21
2555,4.95,22,32,109,6.98,4.31,4
2556,4.9,19,39,109,6.85,4.28,4
2558,4.59,14,41,117,7.11,4.19,6
2559,4.71,12,41,124,6.83,4.22,24
2560,4.69,16,32,123,7.14,4.12,21
2561,4.61,17,37,118,7.09,3.94,19
2562,4.69,20,31,123,7.21,4,22
2563,4.74,19,36,115,6.79,4.38,12
2564,4.47,11,36,125,7.04,4.04,22
2565,4.76,17,32,117,6.8,4.16,4
2566,4.5,14,37.5,124,7.12,4.16,12
2567,4.76,18,25,110,7.13,4.31,14
2568,4.72,26,34,111,7.22,4.55,14
2570,4.91,26,32,111,7.22,4.62,4
2571,4.85,19,37,108,7.36,4.26,21
2572,4.77,19,38,117,7.06,4.25,4
2573,4.59,13,34,119,6.99,4.17,11
2574,4.75,25,38,115,7.27,4.23,18
2575,5,18,29,116,7.16,4.28,30
2586,4.89,17,33,105,7.14,4.37,19
2587,4.72,13,40,127,6.97,4.25,4
2588,4.62,15,38,120,6.69,4.07,16
2589,4.64,17,34.5,123,7.03,4.33,11
2590,4.71,15,36,122,7.01,4.47,10
2591,4.73,13,41,124,6.79,4.01,12
2592,5.03,21,36,115,6.99,4.32,17
2593,4.8,23,28.5,112,7.06,4.4,8
2594,4.76,17,30,114,7.04,4.48,16
2595,4.84,23,30,112,7.35,4.22,29
2596,5.29,28,30,99,7.68,4.8,7
2598,5.43,26,32,97,7.92,4.63,40
2599,5.47,30,33,105,7.98,4.62,25
2600,5.48,21,24,101,7.54,4.62,24
2601,5.24,21,24,101,7.95,4.54,22
2603,4.84,27,30,114,7.44,4.67,4
2604,4.98,29,34,118,7.08,4.23,5
2605,4.95,19,38,111,7.39,4.28,9
2606,4.82,20,34,108,7.24,4.46,20
2607,4.95,19,38,109,6.96,4.16,20
2608,4.74,22,35,111,7.09,4.32,4
2611,4.94,26,39,120,7.33,4.5,25
2612,4.73,22,33,114,7.03,4.12,29
2613,4.88,21,31,112,7.09,4.53,22
2614,4.98,22,37,112,7.17,4.23,4
2615,5,18,31,110,6.99,4.43,19
2616,4.61,23,30.5,113,6.87,4.19,9
2617,4.86,19,36,113,6.85,4.16,22
2618,4.78,26,32,110,7.04,4.31,21
2619,4.9,19,38,113,6.97,4.44,9
2620,4.68,12,31,116,6.83,4.03,12
2621,4.61,16,31,121,6.93,4.25,25
2622,4.53,10,34,123,7.02,4,6
2623,4.53,18,35,121,7.02,4.05,9
2624,4.77,22,40,121,6.93,4.08,4
2625,4.68,19,34,123,6.98,4.05,22
2626,4.64,13,32,124,6.87,3.97,4
2627,4.75,17,31,121,6.77,4.22,29
2628,4.53,18,37,117,6.96,4.17,10
2629,4.56,19,34,115,7.15,4.09,23
2630,4.69,17,34,125,6.92,4.18,13
2631,4.62,15,34,118,7.22,4.39,23
2632,4.74,11,31,123,7.17,4.43,16
2633,4.75,18,40,119,6.92,4.43,10
2634,4.89,20,26,111,6.91,4.24,9
2635,5.09,23,33,99,7.37,4.72,18
2636,5.37,29,31,105,7.79,4.35,16
2637,5.15,24,32,108,7.43,4.54,15
2638,5.37,27,30,105,7.75,4.38,4
2639,5.15,24,24,101,7.57,4.51,6
2640,4.78,28,30,111,6.87,4.37,7
2641,4.54,11,37,121,6.76,4.43,10
2644,4.96,15,37,106,7.03,4.11,20
2647,4.58,22,36,123,6.98,4.4,4
2648,4.76,13,32,115,6.93,4.47,4
2649,4.72,22,35,119,6.78,4.39,22
2652,4.76,13,39,117,7.15,4.36,11
2654,4.58,19,38,116,7.16,4.48,4
2655,4.94,22,35,108,7.16,4.24,4
2656,4.75,18,30,108,7.3,4.2,4
2658,4.85,19,36,109,7.05,4.15,8
2659,4.77,13,41,114,6.68,4.31,18
2660,4.55,16,38,120,6.76,4.39,23
2662,4.59,17,41,117,7.04,4.29,6
2663,4.72,17,34,120,7.11,4.37,15
2664,4.71,17,38,123,7.15,4.45,8
2668,4.78,20,28,115,7.08,4.52,14
2669,4.85,16,30,115,7.1,4.17,23
2671,5.37,27,23,95,7.77,4.63,15
2672,5.34,23,26,101,7.49,4.8,12
2673,5.37,21,28,104,7.74,4.5,13
2674,5.28,27,24,97,7.57,4.48,26
2678,5.43,29,28,99,7.88,4.85,7
2679,5.37,25,29,100,7.97,4.81,10
2681,5.45,26,25,96,7.71,4.58,23
2682,4.88,21,34,118,7.22,4.2,18
2683,4.98,19,38,108,7.13,4.55,4
2684,5.08,29,31,113,7.39,4.52,24
2685,4.8,19,36,117,7.13,4.38,12
2689,4.69,23,35,113,6.98,4.48,21
2690,4.73,20,29,114,7.14,4.54,4
2692,4.76,24,36,118,6.97,4.21,21
2693,4.98,22,32,115,6.85,4.34,13
2694,4.82,22,29,120,7.18,4.14,15
2695,4.78,25,37,109,6.96,4.54,21
2696,4.93,21,31,118,7,4.08,17
2698,4.85,22,30.5,113,7.22,4.37,7
2700,4.93,22,39,110,7.02,4.43,18
2701,4.89,19,35,109,7.17,4.26,17
2703,4.47,13,37,117,7.06,4.27,19
2704,4.72,9,38,121,6.98,4.08,25
2705,4.61,18,39,119,6.83,4.09,4
2706,4.46,9,41,125,7.01,4.2,4
2707,4.46,13,33.5,120,6.88,4.35,16
2708,4.64,8,39,119,7.06,4.31,25
2709,4.77,13,35,124,7.08,4.34,8
2710,4.74,13,41,117,7.19,4.08,4
2711,4.66,21,37,117,6.77,4.11,23
2712,4.68,11,38,118,6.86,4.08,13
2713,4.71,17,33,119,6.87,4.14,15
2714,4.69,20,35,118,7.05,4.37,4
2715,4.59,15,36,121,6.87,4.31,23
2716,4.77,13,32,114,6.84,4.3,20
2717,4.5,9,37,118,6.88,4.39,4
2718,5.38,31,29,100,7.63,4.76,7
2719,5.32,31,24,101,7.71,4.7,21
2720,5.28,26,31,105,7.56,4.59,19
2724,4.59,21,31,115,6.89,4.09,4
2726,4.78,19,32,116,6.81,4.21,4
2727,4.88,16,33,114,6.96,4.18,21
2729,4.56,17,33,126,6.8,4.13,8
2730,4.48,10,40,118,6.96,4.3,4
2731,4.55,13,34,122,6.66,4.22,23
2732,4.54,11,39,124,6.78,4.01,5
2735,4.95,19,37,112,6.95,4.56,14
2738,5.26,30,32,102,7.83,4.42,22
2739,5.52,30,28,102,7.73,4.61,11
2740,5.24,31,23,98,7.87,4.83,14
2746,5.28,23,30,104,7.76,4.66,5
2748,4.94,24,38,113,7.1,4.43,4
2749,5.08,24,36,118,7.23,4.48,4
2750,5.04,17,36,110,7.39,4.37,14
2751,4.85,21,30,108,7.28,4.32,5
2752,5.04,24,35,110,7.18,4.47,8
2753,4.91,24,35,109,7.33,4.25,4
2755,4.98,22,38,118,7.28,4.5,4
2756,4.71,17,30,110,7.2,4.36,4
2757,4.98,25,31,118,7.32,4.2,25
2759,4.92,20,36,115,7.05,4.13,23
2760,4.91,19,36,112,7.02,4.35,6
2762,4.73,16,29,114,7.09,4.52,10
2763,4.78,20,35,116,6.94,4.45,24
2765,4.86,19,29,108,6.93,4.12,17
2766,4.97,25,34,113,6.94,4.14,23
2767,4.67,12,38,122,6.95,4.08,4
2768,4.62,18,31,122,6.63,4.34,4
2769,4.56,14,35,119,7.03,4.1,4
2770,4.37,11,34.5,116,6.7,4.19,7
2771,4.53,17,41,118,6.99,4.02,13
2773,4.82,17,39,116,7.21,4.26,18
2774,4.8,14,40,115,6.95,3.94,13
2777,4.69,17,34,116,6.67,4.27,8
2778,4.63,14,37,121,7.07,3.98,19
2779,4.54,20,33,116,7.01,3.93,23
2781,4.77,21,29,109,7.24,4.25,18
2783,5.37,29,30,108,7.82,4.4,13
2784,5.14,33,27,102,7.56,4.83,25
2785,5.26,26,25,101,7.36,4.66,4
2786,5.36,25,34,105,7.62,4.58,13
2787,4.87,19,36,117,7.21,4.5,18
2790,4.67,10,36,115,6.95,4.14,14
2796,4.47,16,36.5,122,7.02,4.33,4
2803,4.73,10,32,123,7.13,4.43,13
2804,4.72,18,33,124,6.74,4.3,25
2806,4.63,17,39,122,6.84,4.15,16
2807,4.62,11,34,114,7.07,4.2,20
2811,4.78,18,37,110,7.18,4.24,15
2817,5.31,29,25,97,7.84,4.82,9
2825,5.43,25,31,101,7.52,4.66,22
2830,5.09,25,31,109,7.07,4.43,7
2831,4.96,27,29,117,7.2,4.66,19
2832,5.06,21,37,118,7.09,4.68,4
2833,4.86,21,38,115,6.98,4.58,20
2834,4.99,21,35,118,7.3,4.38,11
2842,4.71,20,35,109,7.02,4.47,21
2846,4.57,11,38,118,6.91,4.05,5
2847,4.6,15,39,122,6.64,4.14,12
2848,4.69,14,36,118,7.11,4.35,23
2849,4.49,11,35,124,6.64,4.1,17
2851,4.47,8,33,123,6.89,4,19
2852,4.77,18,37,118,6.95,4.01,4
2853,4.47,10,31,122,6.78,4.3,20
2854,4.55,11,31,118,6.96,4.08,4
2856,4.63,20,31,116,7.19,4.08,4
2857,4.79,17,35,126,7.07,4.2,7
2859,4.78,17,31,121,6.82,4.18,12
2860,4.71,21,29,109,7.26,4.45,16
2861,4.94,18,33,109,6.95,4.52,11
2862,4.67,21,30,107,7.14,4.41,4
2863,4.8,22,29,104,7.27,4.62,4
2864,5.21,31,25,103,7.46,4.66,4
2865,5.17,33,26,98,7.79,4.77,4
2866,5.33,33,27,104,7.51,4.65,4
2867,5.27,28,26,102,7.51,4.44,4
2868,5.16,33,25,105,7.59,4.47,18
2869,5.28,33,30,101,7.44,4.83,22
2870,5.39,33,29,101,7.56,4.4,9
2871,4.52,13,36,114,6.84,4.37,14
2872,5.01,15,28,103,6.96,4.07,38
2873,4.56,13,31,120,6.83,4.43,4
2876,4.93,20,35,111,7.36,4.39,18
2877,4.56,18,34,119,6.67,4.39,11
2880,4.72,8,36,114,7.11,4.25,18
2881,4.73,11,32,122,7.11,4.21,6
2882,4.6,8,39,122,6.93,4.22,4
2890,5.3,25,33,100,7.72,4.79,19
2894,5.3,27,23,99,7.82,4.4,17
2896,5.5,25,29,105,7.97,4.68,20
2904,5.09,17,28,115,7.08,4.25,15
2909,4.97,26,35,114,6.9,4.24,20
2911,4.84,17,31,117,7.09,4.38,24
2914,4.86,21,38,116,7.07,4.23,9
2917,4.9,19,36,111,7.23,4.21,23
2918,5,18,32,110,7.1,4.4,19
2919,4.69,9,33,117,6.8,4.09,4
2920,4.66,13,31,115,7.07,4.21,21
2921,4.47,16,35,120,6.87,4.07,9
2923,4.56,11,38,120,6.66,4.39,16
2924,4.74,20,36,125,7.1,4.4,4
2927,4.74,11,39,123,6.67,4.38,21
2928,4.6,9,36,118,6.72,3.99,8
2929,4.73,12,32,119,7.23,4.2,19
2930,4.47,16,37,119,6.78,3.96,20
2931,4.52,13,39,118,6.76,4.26,14
2932,4.53,20,31,120,6.76,4.27,19
2933,4.94,26,35,114,6.95,4.6,4
2934,4.74,25,27,104,6.96,4.39,11
2935,4.74,19,34,108,7.29,4.45,6
2936,4.94,24,31,113,7.07,4.41,10
2937,5.2,28,25,100,7.5,4.61,22
2938,5.32,25,29,108,7.72,4.37,6
2939,5.27,33,34,108,7.71,4.71,4
2942,4.64,14,40,112,6.95,4.15,21
2943,4.85,27,29,111,7.3,4.14,16
2947,4.49,15,34,115,6.86,4.36,8
2951,4.48,14,39,122,6.98,4.12,21
2956,4.86,22,28,118,7.35,4.19,13
2960,5.37,27,30,102,7.53,4.39,8
2961,5.22,21,33,102,7.94,4.83,5
2962,5.41,22,25,99,7.95,4.43,23
2964,5.4,23,29,95,7.69,4.82,15
2965,5.32,27,32,97,7.67,4.61,13
2967,5.09,26,29,109,7.4,4.37,16
2971,5.05,27,38,116,7.07,4.55,6
2973,4.86,19,29,117,7.03,4.5,18
2977,4.88,16,32,116,7.01,4.28,17
2980,4.5,12,36,124,6.98,4.43,14
2981,4.7,14,31,120,6.83,4.27,5
2982,4.68,18,35,121,7.11,4.4,6
2985,4.59,15,35,121,6.93,4.14,4
2986,4.75,13,37,125,6.79,4.04,17
2988,4.71,10,31,115,6.61,3.99,17
2989,4.61,17,31,121,6.99,4.21,25
2993,4.82,17,32,107,7.16,4.31,6
2994,4.9,21,30,113,7.22,4.48,4
2995,4.87,25,32,107,6.94,4.66,24
2996,4.67,18,34,113,7.29,4.45,7
2997,4.85,20,34,110,6.98,4.5,4
2998,4.7,25,32,108,7.02,4.63,14
2999,5.37,25,30,98,7.44,4.54,10
3000,5.18,33,29,104,7.41,4.41,4
3004,4.56,23,32,115,7,4.4,12
3012,4.8,21,35,111,7,4.52,7
3013,4.79,24,32,114,7.07,4.26,13
3016,5.28,22,33,100,7.86,4.79,4
3019,5,19,34,108,7.31,4.62,20
3022,4.8,17,34,117,7.39,4.29,4
3028,4.97,19,34,110,6.91,4.52,10
3039,4.86,21,38,113,6.9,4.49,4
3042,4.66,18,35,116,6.69,4,8
3046,4.62,12,36,120,6.86,3.98,24
3047,4.7,18,33,123,6.86,4.03,20
3048,4.54,10,34,116,6.71,4.26,12
3049,4.58,16,40,122,6.78,4.38,14
3050,4.78,17,36,122,6.92,4.35,4
3051,4.73,21,32,112,6.96,4.37,8
3052,4.65,22,31,111,7.03,4.3,18
3053,4.89,26,35,107,6.9,4.65,20
3054,4.89,21,31,111,6.87,4.34,9
3055,4.65,24,26,105,7.13,4.34,4
3057,5.19,30,27,107,7.79,4.82,22
3058,4.73,21,26,112,6.87,4.42,5
3061,4.76,16,32,118,6.89,4.49,8
3063,4.81,17,32,111,7.18,4.22,13
3070,4.58,12,31,123,6.78,4.27,11
3071,4.7,9,38,117,6.68,4.2,13
3072,4.48,16,34,114,6.81,4.38,4
3073,4.6,14,32,116,6.98,4.12,4
3081,5.43,29,33,104,7.8,4.62,26
3082,4.95,29,37,114,7.14,4.33,14
3092,4.93,25,30,109,6.86,4.46,16
3094,4.8,20,30,114,6.92,4.53,12
3095,4.66,16,36,122,6.75,4.4,4
3098,4.6,17,41,117,7.07,4.33,12
3099,4.54,20,35,115,7.18,4.19,10
3104,4.48,10,31,124,7.07,4.33,12
3105,4.77,11,39,119,6.69,4.44,4
3108,4.76,15,39,121,6.87,3.95,4
3113,5.19,25,33,104,7.81,4.45,13
3114,5.4,29,34,106,7.43,4.68,4
3115,5.26,26,32,108,7.48,4.56,23
3122,4.88,17,36,108,7.36,4.58,10
3125,5.51,31,23,100,7.58,4.44,17
3128,4.86,20,38,110,7.38,4.24,13
3129,4.85,26,28,114,6.97,4.25,6
3139,4.49,8,38,123,6.91,4.11,4
3143,4.53,17,40,120,6.98,3.93,10
3144,4.79,18,30,106,7.02,4.52,20
3146,4.93,16,34,110,7.12,4.41,11
3148,5.31,29,28,100,7.43,4.38,4
3149,5.36,25,31,101,7.35,4.63,11
3150,5.03,23,31,113,6.94,4.51,30
3154,4.52,14,40,122,6.91,4.3,18
3155,4.76,11,31,122,7.13,4.1,17
3156,4.73,8,39,117,6.73,4.33,5
3169,4.7,16,30,112,7.13,4.47,11
3170,4.76,16,37,109,7.22,4.17,5
3171,4.52,8,40,123,6.67,3.94,10
3172,4.51,17,40,119,7.1,4.04,4
3174,4.84,24,29,104,7.35,4.58,27
3177,5.3,22,34,98,7.45,4.83,9
3178,5.38,23,26,99,7.54,4.4,19
3182,4.64,10,37,121,6.84,4.47,4
3183,4.49,14,34,125,7.09,4.2,7
3189,5.37,25,23,102,7.87,4.65,24
3201,4.77,17,30,117,6.97,4.2,10
3204,4.72,19,32,124,6.98,4.2,15
3206,4.93,18,30,103,7.16,4.47,13
3207,4.71,21,33,113,7.32,4.26,13
3208,5.2,31,29,100,7.65,4.68,5
3209,5.39,27,29,96,7.43,4.59,5
3210,5.1,22,26,106,7.63,4.42,10
3211,5.35,24,30,101,7.39,4.77,8
3212,5.34,32,27,103,7.41,4.64,15
3213,5.26,28,31,98,7.71,4.45,7
3214,5.3,23,26,104,7.37,4.82,16
3215,4.53,17,40,124,6.75,4.38,4
3216,4.62,10,32,118,6.7,4.1,12
3220,4.81,24,34,117,7.21,4.21,14
3228,4.53,19,31,117,7.12,4.02,5
3229,4.65,18,40,113,7.13,4.03,9
3230,5.18,22,33,106,7.69,4.53,11
3231,5.25,24,30,98,7.43,4.81,12
3232,5.27,26,31,104,7.59,4.72,21
3233,4.5,16,36,115,6.73,4.44,10
3235,5.02,18,28,110,7.2,4.11,9
3241,4.72,23,29,113,7.1,4.32,16
3242,4.94,19,31,108,7.03,4.45,4
3243,4.52,12,38,118,6.88,4.03,8
3248,4.88,21,31,106,6.89,4.73,17
3249,5.11,22,32,107,7.77,4.81,16
3250,5.25,24,26,100,7.81,4.8,13
3253,5,21,29,114,7.13,4.22,5
3262,4.73,16,35,117,6.89,4.28,5
3263,4.66,13,41,117,6.68,4.29,4
3264,5.25,25,25,104,7.34,4.33,4
3266,5.08,27,31,109,7.07,4.32,16
3267,4.74,26,39,111,6.88,4.35,15
3268,4.72,18,34,114,7.05,4.47,8
3269,4.76,18,32,112,6.92,4.42,4
3270,4.47,11,37,123,7.11,4.1,18
3272,5.22,29,28,102,7.33,4.57,4
3277,4.75,26,30,108,6.85,4.45,4
3279,4.57,16,41,121,7.09,4.36,4
3283,5.28,27,32,98,7.76,4.43,4
3284,4.55,17,36.5,117,6.82,4.09,25
3285,4.73,11,40,117,6.93,4.08,6
3286,5.27,30,24,104,7.77,4.59,19
3287,4.66,20,32,116,7.12,4.34,23
3288,4.72,22,37,118,7.14,4.34,25
3289,5,15,38,111,7.28,4.2,19
3290,5.22,27,31,103,7.69,4.87,15
3291,4.8,18,35,118,6.8,4.52,6
3292,5.11,31,33,100,7.68,4.41,11
3293,4.53,21,31,121,7.17,4.11,4
3294,4.81,18,36,114,6.88,4.48,4
3295,4.54,20,33,122,6.97,4.14,21
3296,5.31,27,29,102,7.81,4.82,23
3297,4.67,10,35.5,115,6.85,4.27,5
3298,4.72,10,34,117,7.1,4.35,9
3299,5.12,30,29,100,7.57,4.45,9
3300,4.81,18,37,118,7.19,4.21,9
3301,5.01,20,28,117,7.04,4.68,22
3302,4.73,14,39,114,7.15,4.32,4
3303,5.25,32,26,102,7.8,4.71,16
3304,4.93,25,30,116,7.33,4.39,4
3305,5.49,20,32,99,7.98,4.77,6
3306,5.33,20,31,97,7.84,4.86,9
3307,4.84,21,36,118,6.93,4.58,7
3308,4.77,19,34,110,7,4.28,15
3309,4.7,22,37,120,7.04,4.07,4
3310,4.6,14,31,125,6.91,4.15,20
3311,4.57,9,39,118,6.98,4.11,16
3312,5.46,28,27,99,7.75,4.85,12
3313,4.42,15,38,128,6.98,4.02,19
3314,5.45,21,31,95,7.77,4.52,29
3315,5.39,25,25,102,7.69,4.63,19
3316,4.66,17,33,117,7.18,4.29,4
3317,5.04,18,38,116,7.26,4.34,12
3318,4.52,11,39,123,6.74,4.39,4
3319,4.87,22,34,108,6.93,4.55,8
3320,4.66,21,32,115,7.2,4.1,22
3321,5.28,27,24,96,7.63,4.89,25
3322,4.95,25,35,110,7.33,4.29,14
3323,4.81,23,34,114,6.79,4.46,10
3324,4.96,24,39,115,7.32,4.42,9
3325,5.19,25,33,100,7.58,4.7,8
3326,4.72,17,32,116,7.03,4.22,14
3327,5.06,24,33,113,7.14,4.14,24
3328,5.06,25,27,110,6.87,4.42,28
3329,4.6,17,34,120,6.83,4.19,9
3330,4.48,17,40,115,7.01,4.22,4
3331,4.88,19,29,116,7.23,4.2,6
3332,4.57,21,39,113,6.81,4.24,13
3333,5.43,26,33,99,7.76,4.86,15
3334,4.71,19,30,118,7.32,4.47,22
3335,4.68,9,41,118,7.03,4.21,5
3336,4.65,11,35,122,6.97,4.4,6
3337,4.77,11,36,121,7.22,4.2,24
3338,4.62,13,36,126,6.89,4.23,13
3339,4.68,12,41,120,7.06,4.31,4
3340,4.48,20,31.5,117,7.08,3.96,12
3341,4.74,8,41,116,6.78,4.34,13
3342,5.31,24,33,106,7.8,4.65,4
3343,4.64,16,41,116,6.86,4.29,4
3344,4.52,14,34,122,6.79,4.42,19
3345,4.41,10,33.5,120,7.02,4.13,8
3346,4.94,16,37,117,7.18,4.12,22
3347,4.81,28,36,112,7.38,4.41,15
3348,4.84,24,28,110,7.32,4.46,20
3349,4.57,12,41.5,122,6.82,4.46,10
3350,4.69,18,37.5,115,7.02,4.34,4
3351,4.82,22,32,118,6.94,4.36,4
3352,5.05,25,35,116,7.02,4.6,17
3353,4.63,21,37,115,7.21,4.27,14
3354,5.38,30,26,102,7.9,4.7,13
3355,4.58,12,36,115,6.66,3.99,10
3356,5.09,23,33,104,7.14,4.35,19
3357,5.03,29,25.5,100,7.35,4.41,4
3358,5.44,25,25,99,7.67,4.53,28
3359,4.64,18,38,121,6.81,4.43,4
3360,5.22,26,32,100,7.74,4.55,12
3361,4.83,16,31,109,7.17,4.42,4
3362,5.29,24,32,105,7.68,4.61,11
3363,5.38,28,31,107,7.82,4.76,19
3364,4.86,24,35,109,7.36,4.18,7
3365,4.86,25,33,117,6.94,4.1,4
3366,5.24,21,28,97,7.81,4.78,25
3367,4.82,22,32,109,6.92,4.18,29
3368,4.72,18,31,125,6.86,4.21,19
3369,4.84,27,31,122,6.96,4.31,22
3370,4.78,22,37,113,7.3,4.31,25
3371,4.95,16,32,109,7.27,4.28,4
3372,5.05,15,34,113,7.05,4.12,16
3373,4.9,19,29,111,7.33,4.16,18
3374,4.63,10,33,124,7.17,3.96,7
3375,4.76,15,32,123,6.86,4.23,22
3376,5.19,21,30,101,7.44,4.57,15
3377,5.34,28,29,104,7.37,4.49,14
3378,5.03,22,31,117,7.11,4.22,14
3379,4.51,10,34,124,6.95,4.01,4
3380,4.8,22,29,117,6.83,4.28,11
3381,4.57,16,41,119,6.71,4.3,7
3382,4.92,24,36,105,7.31,4.35,23
3383,5.19,28,31,103,7.34,4.35,22
3384,4.79,18,35,115,7.18,4.15,4
3385,4.83,16,35.5,104,7.33,4.12,18
3386,5.39,30,31,95,7.89,4.41,20
3387,5.31,29,31,99,7.91,4.84,21
3388,4.74,9,31,116,7.1,4.05,5
3389,4.49,9,33,116,6.73,4.29,14
3390,4.55,18,33,122,6.91,4.23,7
3391,4.8,18,32,114,6.96,4.17,20
3392,5.09,23,31,113,7.07,4.23,4
3393,4.87,23,30,105,6.99,4.2,35
3394,4.73,17,34,111,7.33,4.28,11
3395,4.51,21,36,124,6.85,4.49,8
3396,4.72,9,35,119,7.12,4.28,4
3397,4.78,23,36,109,7.33,4.3,18
3398,5.4,24,28,103,7.49,4.53,17
3399,4.53,23,36,115,6.91,4.28,6
3400,4.7,12,40,124,6.87,4.23,4
3401,4.99,22,30,106,7.1,4.12,29
3402,5.22,31,27,104,7.94,4.42,6
3403,4.78,24,34,111,6.91,4.26,22
3404,4.55,19,37,114,7.13,4.22,11
3405,4.37,17,34.5,121,7.02,4.26,22
3406,4.68,26,31,112,7.08,4.29,17
3407,5.51,23,28,104,7.7,4.67,28
3408,4.64,13,32,119,6.76,4.52,4
3409,4.99,20,35,117,7.27,4.45,4
3410,4.86,17,39,117,7.25,4.25,11
3411,4.65,16,35,119,6.89,4.41,17
3412,4.54,19,35,120,6.84,4.19,7
3413,5.31,23,25,104,7.55,4.49,10
3414,4.85,20,34,116,6.83,4.12,4
3415,4.57,16,37,124,6.99,4.21,23
3416,4.92,23,36,108,7.28,4.37,4
3417,4.56,10,37,125,7,4.17,9
3418,4.48,13,35,119,6.97,4.33,36
3419,4.64,17,37,117,6.96,4.06,11
3420,4.88,20,26,111,7.21,4.34,17
3421,4.85,21,35,111,7.14,4.51,8
3422,5.24,26,27,104,7.76,4.86,23
3423,4.95,25,29,115,7.02,4.5,8
3424,5.02,21,35,109,6.94,4.12,22
3425,5.36,26,29,99,7.6,4.49,25
3426,4.58,15,35,116,7.05,4.3,20
3427,5.33,30,32,105,7.56,4.4,25
3428,5.45,31,33,99,7.72,4.6,35
3429,4.6,18,35,123,7.01,4.33,23
3430,5.34,27,32,108,7.74,4.36,16
3431,4.37,16,33.5,120,7.17,4.52,16
3432,5.19,24,26,103,7.75,4.4,13
3433,4.63,19,32.5,122,6.89,4.46,19
3434,4.75,22,30,123,6.8,4.49,7
3435,5.3,26,27,105,7.54,4.56,11
3436,5.1,24,36,108,7.33,4.61,5
3437,5.33,27,32,101,7.53,4.59,22
3438,4.83,28,33,110,7.07,4.29,4
3439,4.95,23,34,109,6.92,4.1,14
3440,5,26,29,113,7.12,4.21,23
3441,4.86,24,29,110,7.18,4.54,14
3442,5.06,17,34,116,7.35,4.61,11
3443,4.99,26,28,116,6.97,4.23,4
3444,4.91,19,32,113,7.11,4.17,8
3445,5.27,22,25,98,7.7,4.6,18
3446,5.3,28,30,97,7.92,4.39,16
3447,4.66,20,40,120,6.82,4.04,18
3448,4.84,22,28,116,7.37,4.29,6
3449,4.78,22,32,112,7.04,4.45,7
3450,4.64,14,31,124,6.82,4.08,4
3451,5.02,25,29,115,7.18,4.23,8
3452,4.54,19,32,121,6.74,4.3,4
3453,4.81,15,30,112,7.15,4.58,20
3454,4.52,12,33,123,7.14,4.39,11
3455,4.79,22,30,107,6.99,4.51,24
3456,5.4,30,31,106,7.48,4.81,14
3457,5.5,23,31,97,7.72,4.8,30
3458,4.73,19,31,124,7.15,4.39,4
3459,4.55,11,31,119,7.02,4.1,13
3460,5.3,30,33,102,7.66,4.58,6
3461,4.76,19,39,116,6.92,4.18,18
3462,4.66,21,31,123,6.82,4.45,4
3463,4.98,26,32,118,7.17,4.22,16
3464,4.86,24,29,117,7.02,4.18,6
3465,4.71,10,32,123,6.94,4.12,24
3466,4.48,17,32.5,115,7.02,4.4,4
3467,4.83,17,38,117,7.28,4.61,11
3468,5.25,27,28,96,7.55,4.45,19
3469,4.77,14,40,120,6.86,3.96,4
3470,4.69,13,38,123,6.94,4.2,4
3471,5,19,35,111,7.17,4.26,4
3472,5.48,21,26,101,7.95,4.86,6
3473,5.37,23,33,100,7.62,4.71,10
3474,4.6,12,41,126,6.94,4.2,7
3475,4.88,23,29,117,7.09,4.2,16
3476,4.79,11,32,119,6.92,4.32,4
3477,4.91,22,38,117,7.2,4.19,19
3478,4.51,16,30,120,6.92,4.13,4
3479,4.69,18,36,121,6.83,4.35,19
3480,5.49,21,25,95,7.96,4.59,17
3481,4.7,15,40,117,7.07,4.06,14
3482,4.7,19,40,122,6.75,4.35,4
3483,4.86,19,36,104,7.13,4.5,15
3484,4.54,12,32,119,7.05,4.27,4
3485,4.75,12,31,121,7.16,4,15
3486,4.6,10,33,117,6.76,4.35,21
3487,4.52,16,36,114,6.71,4.08,17
3488,4.8,15,32,118,7.36,4.13,6
3489,5.26,22,29,98,7.78,4.48,9
3490,4.81,23,34,113,6.93,4.29,17
3491,4.71,19,32,117,7.21,4.34,22
3492,4.8,22,33,114,7.41,4.43,9
3493,4.65,13,33,116,6.99,4.45,6
3494,4.84,18,38,116,7.11,4.16,9
3495,4.75,14,39,117,7.19,3.94,9
3496,4.73,9,36,126,6.91,4.33,9
3497,5.2,30,28,103,7.35,4.76,27
3498,4.88,27,34,117,7.12,4.44,31
3499,5.03,18,29,111,7.38,4.52,23
3500,4.62,18,39,116,7.09,4.1,19
3501,4.58,11,34,119,6.88,4.32,4
3502,4.73,19,37,123,7.19,4.42,7
3503,4.89,18,39,109,7.23,4.3,4
3504,5.35,24,29,103,7.91,4.88,13
3505,5.1,25,30,98,7.58,4.41,4
3506,5.27,30,26,103,7.64,4.53,9
3507,4.72,23,39,111,7.24,4.25,9
3508,4.81,19,36,108,7.29,4.29,9
3509,4.56,12,31,124,6.91,4.28,4
3510,4.58,17,32,119,7.05,4.37,10
3511,5.43,20,27,103,7.87,4.81,21
3512,5.49,23,31,95,7.6,4.62,25
3513,4.93,22,34,109,6.99,4.28,18
3514,4.97,22,38,111,7.09,4.67,4
3515,4.49,9,37,116,7.1,4.01,14
3516,5.03,22,28,107,7.36,4.41,26
3517,4.59,20,36,121,6.78,4.46,20
3518,4.73,23,39.5,114,7.07,4.3,4
3519,4.85,26,31,117,7.36,4.46,4
3520,4.94,22,36,108,7.04,4.2,9
3521,4.66,13,35,119,6.92,4.17,4
3522,4.63,15,38,119,7.07,4.38,4
3523,4.5,15,40,114,6.75,4.19,4
3524,4.75,10,37,124,6.94,4,4
3525,5.25,24,33,102,7.77,4.75,21
3526,4.68,18,39,117,6.74,4.44,19
3527,4.84,24,32,110,7.18,4.09,4
3528,4.71,13,36,119,7.15,4.21,12
3529,4.6,8,40,125,6.65,4.22,4
3530,4.55,15,34,117,6.94,4.24,18
3531,5.51,22,23,103,7.48,4.84,4
3532,4.73,17,33,122,6.9,4.3,10
3533,4.56,14,36,117,7.1,4.23,20
3534,4.57,18,38,117,7.14,4.48,4
3535,4.72,14,35,124,6.81,4.18,8
3536,4.52,10,39,119,6.86,4.23,12
3537,4.77,13,39,124,6.95,4.29,15
3538,4.82,25,31,111,7.04,4.13,10
3539,5.23,23,27,102,7.39,4.6,18
3540,4.66,19,39,122,7.25,4.2,23
3541,4.76,20,32,115,7.18,4.38,4
3542,5.47,29,28,97,7.82,4.67,15
3543,5.07,18,35,108,7.26,4.37,28
3544,5.32,31,33,100,7.97,4.76,21
3545,4.87,25,28,110,7.29,4.57,10
3546,4.77,20,35,115,7.22,4.23,9
3547,4.76,15,36,114,7.22,4.51,9
3548,5.3,33,31,106,7.81,4.74,11
3549,4.93,27,32,111,7.26,4.35,5
3550,5.39,22,28,97,7.74,4.47,26
3551,4.48,14,37,124,6.92,4.34,19
3552,4.84,21,30,113,7.25,4.24,4
3553,5.04,22,29,109,7.35,4.47,11
3554,4.85,25,34,112,7.1,4.66,20
3555,4.89,16,34,108,7.15,4.32,4
3556,4.65,15,30,117,6.73,4.15,13
3557,4.75,22,34,116,7.21,4.16,22
3558,5.25,21,28,95,7.62,4.61,19
3559,4.54,19,34,118,7.12,4.23,4
3560,5.49,27,23,96,7.88,4.42,26
3561,4.94,26,37,109,6.92,4.13,17
3562,4.93,25,34,118,6.96,4.31,20
3563,4.8,26,35,114,7.2,4.49,4
3564,4.57,13,37,124,6.83,4.25,23
3565,4.49,20,41,125,7.23,4.19,18
3566,4.86,25,31,116,6.86,4.49,24
3567,5.35,29,26,107,7.42,4.8,7
3568,4.79,23,39,110,6.92,4.23,20
3569,4.86,22,31,116,7.36,4.18,29
3570,5.47,26,25,101,7.56,4.62,25
3571,5.36,26,28,105,7.85,4.47,15
3572,4.95,19,35,110,7.31,4.31,9
3573,4.54,13,37,120,7.25,4.1,17
3574,5.46,24,29,103,7.61,4.53,19
3575,4.71,20,32,109,6.86,4.34,13
3576,4.95,20,34,111,7.2,4.32,4
3577,4.82,17,34,112,7.12,4.66,27
3578,5.36,23,27,104,7.87,4.46,15
3579,5.18,24,25,98,7.6,4.33,13
3580,4.75,25,32,118,7.24,4.56,30
3581,5.38,29,23,96,7.74,4.67,17
3582,4.56,13,35,113,7,4.33,12
3583,4.53,9,36,120,6.63,4.16,4
3584,4.78,19,33,119,7.01,4.43,4
3585,4.37,17,31.5,122,7.02,3.98,28
3586,5.51,30,29,97,7.83,4.45,15
3587,5.23,31,33,105,7.78,4.61,23
3588,4.9,23,26,106,7.24,4.67,14
3589,4.77,19,39,120,7.15,4.32,15
3590,4.57,8,37,126,6.65,4.15,12
3591,5.35,26,31,103,7.77,4.49,15
3592,4.67,13,31,116,7.1,4.43,4
3593,4.79,25,31,108,7.21,4.18,20
3594,4.76,20,37,112,7.26,4.06,15
3595,4.84,16,38,113,7.35,4.36,4
3596,4.81,23,32,123,6.87,4.43,14
3597,5.16,30,29,105,7.76,4.41,4
3598,4.63,12,36,117,6.88,4.15,16
3599,4.88,24,26,105,6.94,4.26,14
3600,5,20,29,113,6.97,4.47,15
3601,5.08,22,30,113,7.34,4.43,5
3602,4.61,18,35,123,6.79,4.45,5
3603,4.51,9,33,117,7.12,4.34,19
3604,4.87,23,37.5,119,7.15,4.42,6
3605,4.73,17,34,120,6.96,4.45,24
3606,4.47,17,34,117,6.96,4.16,11
3607,4.47,16,33,116,6.87,4.01,6
3608,4.79,16,34,112,7.04,4.14,17
3609,4.87,22,35,117,7.27,4.16,25
3610,4.65,21,31,115,6.91,4.17,18
3611,4.65,14,36,124,7.24,4.03,11
3612,5.05,24,31,108,7.41,4.44,24
3613,4.65,17,38,123,6.65,4.07,4
3614,4.72,18,37,117,6.94,4.26,7
3615,5.17,33,24,102,7.81,4.62,4
3616,4.95,24,39,115,6.93,4.33,4
3617,4.77,18,41,124,6.97,4.12,19
3618,5.02,23,37,118,7.12,4.42,24
3619,4.95,23,31,112,7.22,4.25,23
3620,4.54,16,36,121,6.77,4.07,26
3621,4.78,23,33,119,6.97,4.28,19
3622,4.5,20,33,125,7.22,4.46,9
3623,5.07,35,28,104,7.6,4.75,32
3624,4.94,16,33,104,6.9,4.53,48
3625,4.81,26,34,107,7.05,4.32,32
3626,4.78,19,32,110,7.03,4.33,23
5330,5.23,26,28,102,7.92,4.5,4
5331,4.88,22,37,117,7.32,4.42,4
5332,4.41,16,37.5,117,6.81,3.99,4
5333,4.39,10,35.5,118,6.67,4.15,4
5334,4.79,22,25,109,7.28,4.52,4
5335,5.02,22,32,110,7.17,4.32,28
5336,5.25,25,34,102,7.54,4.83,13
5337,4.59,10,31,116,6.97,4.47,12
5338,4.63,25,35,116,7.01,4.11,24
5339,4.8,18,35,126,6.96,4.31,4
5340,4.55,15,38,121,6.76,3.98,16
5341,4.53,10,37,125,6.65,4.33,4
5342,4.71,26,32,110,7.13,4.2,4
5343,4.95,24,34,117,6.86,4.34,12
5344,4.85,25,31,112,7.28,4.53,16
5345,4.79,19,37,124,7.21,4.07,15
5346,4.94,19,29,110,7.2,4.36,20
5347,4.72,20,38,123,7.1,4.46,7
5348,4.43,21,35.5,112,6.85,4.24,15
5349,5.35,23,29,98,7.33,4.56,19
5350,4.8,23,36,118,7.25,4.54,19
5351,4.66,18,38,114,6.96,4.53,4
5352,4.91,19,30,115,7.09,4.26,13
5353,4.66,22,30,113,7.05,4.3,18
5354,4.94,21,34,114,7.31,4.61,8
5355,4.6,15,33,123,7.07,4.11,4
5356,4.29,14,35.5,126,6.91,4.5,27
5357,4.63,9,31,117,6.95,4.28,20
5358,4.68,18,35,121,7.13,4.01,20
5359,4.75,20,35,108,7,4.41,7
5360,4.73,19,39,124,6.78,4.34,5
5361,4.47,10,36,124,7.11,4.29,21
5362,4.8,16,32,108,7.06,4.46,24
5363,4.78,22,32,114,7.08,4.17,16
5364,4.79,19,32,120,7.1,4.4,4
5365,4.78,11,33,119,7.11,3.99,23
5366,4.66,20,35,110,7.1,4.55,22
5367,4.65,16,40,123,6.81,4.1,20
5368,4.79,20,33,120,7.11,4.01,15
5369,5.01,28,28,112,7.06,4.39,4
5370,5.32,28,27,106,7.49,4.52,18
5371,4.56,10,41,122,7.09,4.21,9
5372,4.53,23,33,127,6.78,4.04,14
5373,4.84,23,33,110,7.3,4.4,20
5374,4.82,16,39,114,6.91,4.55,4
5375,4.65,14,31,121,7.04,4.4,6
5376,4.94,18,39,108,6.98,4.15,6
5377,4.62,20,38,115,7.04,4.34,4
5378,4.71,13,38,121,7.03,4.48,4
5379,4.96,24,37,104,7.22,4.45,25
5380,5.31,22,25,103,7.8,4.46,4
5381,4.68,27,36,116,7.34,4.52,18
5382,4.81,23,29,108,7.35,4.6,6
5383,4.53,16,40,121,6.8,4.48,4
5384,4.45,9,37.5,123,6.86,4.33,15
5385,4.47,16,36,124,6.66,4.16,20
5386,4.66,16,41,114,6.77,4.38,4
5387,4.63,12,33,118,7.1,4.4,13
5388,4.84,16,39,115,7.28,4.1,4
5389,5.4,23,26.5,100,7.67,4.59,26
5390,4.93,17,37,117,7.29,4.4,14
5391,4.47,15,36,118,6.83,4.41,12
5392,4.66,19,33,114,7.1,4.13,13
5393,5.26,31,33,107,7.44,4.36,4
5394,4.63,17,31,123,6.81,4.21,6
5395,4.51,22,39.5,117,6.92,4.32,26
5396,5.39,28,33,100,7.88,4.66,21
5397,4.51,8,41,124,6.91,4.37,23
5398,4.59,22,36,124,7.15,4.28,4
5399,5.23,26,28,101,7.8,4.69,12
5400,5.41,21,31,101,7.61,4.81,21
5401,4.82,25,34,110,7.15,4.36,10
5402,5.3,26,31,105,7.87,4.63,13
5403,5.04,21,34,115,7.19,4.27,16
5404,4.69,21,35.5,115,6.86,4.12,4
5405,4.59,11,41,124,7.07,4.19,20
5406,4.78,18,34,119,6.99,4.11,4
5407,4.7,12,33,118,6.66,4.34,7
5408,4.86,25,28,108,6.99,4.24,10
5409,5.05,26,31,117,7.4,4.27,20
5410,4.88,16,37,108,7.12,4.28,6
5411,4.9,16,25,104,7.18,4.46,18
5412,4.96,16,37,107,6.92,4.4,26
5413,5.29,29,32,104,7.97,4.79,10
5414,4.71,17,39,120,7.05,4.47,4
5415,4.78,19,33,110,6.89,4.56,23
5416,5.38,26,30,103,7.75,4.71,17
5417,4.99,25,38,109,7.27,4.26,22
5418,4.83,16,40,116,6.99,4.11,5
5419,4.84,18,33,110,7.08,4.32,16
5420,4.73,22,31,113,7.31,4.13,18
5421,4.72,25,39,112,6.88,4.42,12
5422,5.06,20,37,111,6.9,4.03,26
5423,5.23,22,33,98,7.61,4.48,17
5424,5.38,28,24,105,7.63,4.69,15
5425,4.9,21,30,111,7.2,4.43,7
5426,4.7,9,40,115,6.83,4.42,10
5427,5.23,22,23,97,7.49,4.54,10
5428,4.81,19,28,110,7.23,4.49,14
5429,4.82,11,36,118,7.15,4.45,13
5430,4.8,23,33,122,7.16,4.41,4
5431,5.47,22,32,95,7.92,4.82,29
5432,4.52,17,32,121,6.89,4.32,14
5433,4.72,11,41,122,7.03,4.36,4
5434,5.12,30,24,104,7.5,4.41,8
5435,5.46,29,29,97,7.74,4.84,35
5436,4.68,16,41,123,7.13,4.47,16
5437,4.64,21,39,116,7.26,4.07,4
5438,4.54,17,36.5,122,7.12,4.27,4
5439,4.91,19,30,114,6.99,4.25,4
5440,4.46,13,40,119,7.02,4.26,4
5441,4.61,11,37.5,118,6.81,4.13,4
5442,4.53,20,36.5,114,7,4.13,4
5443,5.09,19,31,113,6.93,4.52,18
5444,4.94,18,30,118,7.09,4.25,15
5445,4.72,24,33,118,7.13,4.18,12
5446,5.32,29,29,101,7.44,4.61,4
5447,5.46,24,32,100,7.79,4.39,5
5448,4.99,26,28,112,7.27,4.61,4
5449,5.21,28,29,101,7.81,4.33,5
5450,4.85,19,31,109,6.83,4.3,23
5451,5.25,24,33,100,7.71,4.67,4
5452,4.64,20,31,121,6.8,4.08,4
5453,4.98,22,32,105,7.15,4.06,29
5454,5.31,29,24,104,7.54,4.52,17
5455,5.38,31,25,105,7.52,4.54,27
5456,5.46,28,28,103,7.65,4.82,16
5457,5.52,21,33,103,7.48,4.52,23
5458,4.61,23,35,116,7.14,4.16,14
5459,5.1,22,32,116,7.28,4.65,4
5460,4.76,11,41,114,7.06,4.07,9
5461,5.49,25,27,105,7.62,4.68,14
5462,5.26,25,33,106,7.38,4.78,4
5463,5.32,23,28,104,7.5,4.79,8
5464,4.96,26,34,112,6.91,4.26,9
5465,5.47,29,32,95,7.74,4.87,25
5466,4.52,16,38,126,6.7,4.46,9
5467,4.71,13,41,121,6.85,4.22,18
5468,4.88,25,38,109,7.37,4.21,4
5469,4.6,14,37,122,7.04,4.34,9
5470,4.75,19,30,113,7.33,4.44,17
5471,5.5,23,23,100,7.62,4.41,13
5472,5.11,25,25,108,7.4,4.57,13
5473,4.86,24,35,115,7.14,4.33,17
5474,4.85,29,32,113,7.4,4.51,17
5475,5.36,29,27,96,7.87,4.8,30
5476,4.52,15,32,122,7.09,4.25,7
5477,4.76,16,33,103,7.2,4.44,12
5478,5.24,26,32,95,7.97,4.89,23
5479,5.46,22,26,96,7.78,4.75,8
5480,5.09,24,33,113,7.27,4.64,15
5481,5.51,21,31,101,7.73,4.69,29
5482,5.39,27,29,98,7.42,4.43,10
5483,4.71,23,34,118,6.88,4.29,12
5484,4.68,13,31,114,6.96,4.33,15
5485,5.28,31,30,96,7.64,4.8,15
5486,4.59,17,34.5,121,7.26,4.04,17
5487,5.49,29,28,103,7.67,4.66,24
5488,5.38,31,25,107,7.59,4.55,21
5489,5.42,29,28,106,7.87,4.8,27
5490,5.44,29,33,101,7.63,4.76,19
5491,4.72,13,32,124,6.97,4.31,14
5492,4.75,16,33,118,7.09,4.05,25
5493,4.58,16,41,116,7.14,4.44,23
5494,4.92,21,38,117,7.45,4.19,10
5495,4.76,27,33,104,7.35,4.46,9
5496,4.62,13,36,120,6.97,4.1,12
5497,5.01,21,36,110,7.37,4.1,7
5498,4.68,20,32,123,7.12,4.22,4
5499,5.45,21,27,95,7.78,4.89,6
5500,4.52,19,33,123,7.13,4.28,4
5501,5.43,24,23,97,7.88,4.41,25
5502,4.94,23,30,113,6.9,4.39,16
5503,5.29,29,33,102,7.36,4.51,4
5504,4.74,12,36,120,6.96,4.24,5
5505,4.62,18,38,119,6.98,4.43,4
5506,4.62,8,32,121,6.73,4.32,4
5507,4.93,17,30,106,7.18,4.36,28
5508,5.36,28,27,104,7.63,4.73,16
5509,5.39,26,28,103,7.94,4.85,17
5510,4.75,19,31,123,7.06,4.17,15
5511,4.6,15,32,112,6.75,4.44,4
5512,4.56,12,31,120,6.81,4.37,4
5513,4.92,20,29,114,7.02,4.25,5
5514,4.71,20,35,123,7.06,4.51,9
5515,4.77,9,33,123,7.03,4.38,4
5516,4.84,24,35,108,6.88,4.39,4
5517,4.83,10,38,124,6.92,3.94,4
5518,4.72,16,37,118,7.09,4.14,16
5519,4.66,17,36,120,7.01,4.43,7
5520,4.83,22,33,110,7.35,4.58,16
5521,4.85,21,37,112,6.92,4.36,25
5522,4.88,22,30,114,6.98,4.52,5
5523,5.51,29,32,103,7.67,4.39,15
5524,5.23,23,26,105,7.82,4.64,7
5525,4.88,17,37,108,7.2,4.15,22
5526,5.46,30,30,97,7.69,4.69,8
5527,4.55,14,37,112,7.12,4.35,14
5528,5.02,23,30,107,7.12,4.32,32
5529,4.56,13,35,115,7,4.36,8
5530,4.72,21,39,113,7.01,4.29,4
5531,4.73,17,34,121,7.09,4.42,11
5532,5.49,24,27,99,7.87,4.68,30
5533,5.38,28,25,101,7.8,4.58,21
5534,4.72,12,34,125,7.03,4.05,25
5535,5,18,32,105,6.88,4.34,23
5536,4.72,17,32,123,7.07,3.96,21
5537,4.97,23,31,108,7.06,4.32,4
5538,5.31,26,34,103,7.49,4.42,4
5539,5.24,28,25,103,7.86,4.74,11
5540,4.71,18,29,110,7.06,4.24,12
5541,5.42,23,33,102,7.63,4.63,14
5542,4.84,19,36,120,6.79,4.38,9
5543,5.22,21,25,104,7.76,4.55,26
5544,5.29,29,26,100,7.49,4.7,22
5545,4.65,18,34,121,6.96,4.41,5
5546,5.33,30,27,108,7.42,4.81,12
5547,4.92,21,29,109,7.1,4.11,9
5548,5.38,28,25,102,7.64,4.66,14
5549,5.06,21,28,108,7.26,4.68,18
5550,5.49,20,32,102,7.59,4.77,18
5551,4.51,15,31,123,6.76,4.48,4
5552,5.32,24,28,104,7.96,4.68,28
5553,4.81,21,38,110,7.27,4.24,14
5554,4.95,27,37,111,7.17,4.44,10
5555,4.98,16,32,114,7.28,4.25,4
5556,5.1,18,29,116,7.28,4.24,17
5557,4.63,21,37,113,6.86,4.46,5
5558,5.04,21,36,110,7.26,4.24,13
5559,4.74,10,38,125,6.99,4.35,21
5560,4.95,19,29,108,7.21,4.13,21
5561,5.33,25,31,102,7.6,4.56,14
5562,4.96,20,29,112,7.17,4.33,17
5563,5.44,30,27,104,7.5,4.78,13
5564,4.85,25,34,113,7.22,4.34,13
5565,4.67,18,37,119,7.03,4.45,4
5566,4.53,9,31,126,7.05,4.31,6
5567,4.62,8,38,126,7.03,4.01,4
5568,4.81,19,35,107,7.17,4.28,16
5569,4.77,17,32,122,7.22,4.48,21
5570,4.87,19,29,108,6.92,4.56,16
5571,4.76,15,32.5,108,7.27,4.5,6
5572,4.85,23,33,112,7.2,4.46,31
5573,4.61,13,39,115,6.68,4.34,11
5574,4.73,16,32,123,7.19,4.48,4
5575,4.67,11,37,124,7.12,4.16,13
5576,5.15,23,33,101,7.55,4.75,17
5577,4.79,25,32,114,6.97,4.25,21
5578,4.65,19,41,115,7.18,4.07,4
5579,4.68,13,41,117,6.72,4.49,19
5580,4.59,23,33,122,6.85,4.44,4
5581,5.5,31,25,98,7.89,4.84,22
5582,4.5,16,31.5,117,6.77,4.06,12
5583,4.94,23,32,108,7.36,4.07,18
5584,4.75,19,31,121,7.13,4.17,4
5585,5.47,28,33,99,7.91,4.62,19
5586,5.52,20,24,96,7.61,4.41,7
5587,5,19,31,117,6.88,4.43,16
5588,4.58,13,37,121,6.8,4.33,11
5589,4.83,21,33,115,7.25,4.48,7
5590,4.51,18,32.5,119,7.21,4.43,13
5591,4.48,18,35,123,7.13,4.34,19
5592,4.7,18,34,115,7.19,4.22,15
5593,4.73,11,31,117,6.82,4.34,25
5594,5.21,33,25,104,7.49,4.82,10
5595,4.78,18,36,111,7.2,4.08,9
5596,5.06,22,35,118,7.06,4.19,8
5597,4.52,18,35,117,6.7,4.01,27
5598,5.21,28,29,106,7.32,4.79,15
5599,4.61,21,34,122,7.13,4.2,22
5600,4.59,21,34,113,7.17,4.27,19
5601,4.54,17,32,118,6.98,4.01,17
5602,4.69,15,31,120,6.96,4.07,8
5603,4.85,24,28,108,7.18,4.63,15
5604,4.72,8,34,125,6.69,4.15,15
5605,5.46,31,24,101,7.86,4.56,24
5606,5.24,25,27.5,96,7.76,4.51,15
5607,4.92,17,32,117,7.03,4.39,9
5608,5.4,27,33,96,7.77,4.75,13
5609,4.76,16,31,121,6.86,4.3,4
5610,5.21,31,27,100,7.34,4.37,9
5611,4.93,23,32,109,7.11,4.45,4
5612,4.58,9,32,123,6.61,4.36,10
5613,5.52,24,23,95,7.51,4.69,14
5614,4.86,21,31.5,116,7.34,4.45,27
5615,4.73,13,38,121,6.66,4.07,14
5616,4.8,19,36,113,7.19,4.46,4
5617,4.79,16,37,111,7.3,4.54,9
5618,4.62,17,39,117,7,4.09,23
5619,4.64,18,40,119,7,4.03,4
5620,5.27,28,32.5,108,7.58,4.34,12
5621,4.72,8,31,116,6.78,4.18,13
5622,5.32,23,27,101,7.69,4.33,13
5623,4.69,14,31,119,6.81,4.1,6
5624,4.41,15,34.5,122,7.11,4.06,17
5625,4.69,20,40,120,7.19,4.16,9
5626,5.41,31,32,102,7.58,4.83,10
5627,4.74,8,37,115,6.93,4.26,5
5628,4.83,17,38,111,7.25,4.32,20
5629,4.7,15,41,115,6.79,4.43,17
5630,5.4,25,32,97,7.58,4.55,19
5631,4.73,14,32,121,6.79,4.29,7
5632,4.63,11,41,118,6.71,4.3,4
5633,4.94,21,34,106,7.11,4.32,30
5634,5.39,30,33,96,7.81,4.89,29
5635,4.76,18,37,108,7.24,4.33,22
5636,5.29,24,28,105,7.97,4.48,14
5637,4.82,19,32,124,6.8,4.17,18
5638,4.87,22,29,111,7.23,4.06,8
5639,4.87,18,28,115,7.45,4.61,13
5640,4.5,15,36,118,6.97,4.03,12
5641,4.89,18,31,111,6.83,4.07,9
5642,5.46,21,30,102,7.75,4.48,19
5643,4.6,9,33,114,7.1,4.41,4
5644,5,20,27,104,7.02,4.41,20
5645,4.63,13,36,120,6.83,4.41,18
5646,4.69,14,40,119,6.77,4.02,10
5647,4.94,23,33,114,7.14,4.29,6
5648,4.95,18,34,109,6.91,4.51,18
5649,5.23,33,25,107,7.67,4.5,25
5650,5.3,31,33,101,7.44,4.63,8
5651,5.42,21,30,96,7.9,4.61,24
5652,4.7,15,36,120,6.91,4.44,4
5653,5.33,28,24,97,7.91,4.68,22
5654,5.49,31,33,105,7.85,4.54,6
5655,5.3,31,31,99,7.67,4.54,32
5656,4.74,13,34,114,7.04,3.99,4
5657,4.61,8,41,118,6.85,4.48,25
5658,5.01,19,38,116,7.43,4.28,10
5659,5.4,30,31,95,7.68,4.61,26
5660,4.87,21,33,109,6.95,4.45,19
5661,4.83,18,32,112,7.25,4.51,23
5662,4.99,18,28,113,7.45,4.38,18
5663,4.47,8,41.5,121,7.03,4.37,19
5664,5.03,21,32,109,7.18,4.12,31
5665,4.75,16,34,117,7.01,4,18
5666,4.5,15,38,116,6.8,4.34,15
5667,4.68,11,38,115,7.16,4.16,8
5668,4.97,21,38,111,7.02,4.41,8
5669,4.88,24,29,114,7.14,4.52,34
5670,5.39,29,29,98,7.93,4.43,26
5671,5.01,19,29,113,7.36,4.36,6
5672,4.62,23,33.5,116,7.32,4.38,20
5673,4.8,17,40,123,7.22,4.33,4
5674,5.49,30,32,95,7.54,4.54,17
5675,4.9,18,38,115,7.22,4.28,17
5676,4.9,22,32,112,7.18,4.08,18
5677,4.73,25,37,118,7.15,4.44,16
5678,4.57,17,34,122,6.85,4.28,7
5679,4.57,22,36.5,119,7.05,4.34,4
5680,4.66,17,34,116,7.12,4.3,15
5681,4.99,22,29,112,6.97,4.39,12
5682,5.37,22,28,97,7.76,4.48,14
5683,4.99,24,38,118,7.03,4.39,4
5684,4.65,17,40,113,7.09,4.06,8
5685,4.77,15,32,118,6.72,4.02,12
5686,4.91,19,39,118,6.92,4.56,21
5687,4.56,9,33,123,7.02,4.46,16
5688,4.56,12,32,123,6.96,4.35,11
5689,5.35,26,24,99,7.49,4.81,4
5690,5.29,29,28,102,7.61,4.68,24
5691,4.77,19,34,110,7.02,4.35,16
5692,4.68,14,37,124,6.84,4.15,13
5693,4.84,21,35,109,7.35,4.37,25
5694,5.5,22,27,95,7.85,4.51,23
5695,5.46,34,26,104,7.75,4.87,20
5696,4.65,13,31,122,6.76,4.42,16
5697,4.45,9,34,121,6.95,4.35,22
5698,4.94,25,34,111,7.23,4.26,18
5699,4.58,16,40,122,6.77,4.22,4
5700,4.6,10,38,120,6.68,4.18,7
5701,4.64,17,35,124,6.92,4.03,15
5702,4.67,18,36,123,6.92,4.27,25
5703,4.9,16,32,117,6.9,4.53,21
5704,4.69,18,35,121,6.75,4.09,25
5705,4.5,18,31,119,6.88,4.48,18
5706,4.53,23,37,119,6.82,4.51,4
5707,4.78,28,27,113,7.25,4.4,40
5708,4.5,12,34,123,6.67,4.47,19
5709,4.45,21,38,123,7.1,4.39,14
5710,5.16,31,25,107,7.68,4.82,23
5711,4.68,18,37,117,6.72,4.24,27
5712,4.84,25,38,119,6.88,4.2,4
5713,4.85,22,38,118,7.22,4.56,17
5714,4.55,24,36.5,116,7.14,4.17,5
5715,4.86,19,29,118,7.1,4.11,20
5716,4.42,15,40.5,125,7.13,4.45,27
5717,4.8,23,35,108,7.11,4.45,24
